mean,std,var,skew,kurtosis,rms,min,max,range,mad,p10,p25,p75,p90,iqr,zero_crossing_rate,energy,line_length,n_peaks,heart_rate_bpm,rr_mean,rr_std,rr_min,rr_max,rr_cv,rmssd,pnn50,r_amp_mean,r_amp_std,dominant_freq,total_power,band_0_5,band_5_15,band_15_40,spectral_entropy,wavelet_energy_ratio_L0,wavelet_energy_ratio_L1,wavelet_energy_ratio_L2,wavelet_energy_ratio_L3,wavelet_energy_ratio_L4,wavelet_energy_ratio_L5,label,source_file
-1.0855514018557087e-17,0.9999999999729046,0.9999999999458092,4.45849834817253,24.04636770029884,0.9999999999729046,-1.5313624095414766,7.673424440553623,9.204786850095099,0.5018457954341198,-0.6173683733154565,-0.5016701977616798,0.158775227594246,0.5195565599871423,0.6604454253559258,0.021666666666666667,0.9999999999458092,0.08072571399737323,13,78.0,0.7675925925925927,0.02606608937085045,0.7277777777777777,0.8194444444444444,0.03395823460053509,0.02473200918524302,0.09090909090909091,6.60866473743686,0.4613869911314223,5.625,0.984637919403823,0.14213678931486606,0.36370937019187327,0.3536891329110288,4.442939428958734,0.2159550115755688,0.22647988312718695,0.42491880927843134,0.12452186976786822,0.00804828431961817,7.614193132631907e-05,NSR,100m (0).mat
-2.1711028037114173e-17,0.9999999999712565,0.9999999999425131,4.531870816876952,25.07951766702986,0.9999999999712565,-1.5777138033627423,7.282085341663664,8.859799145026406,0.4977874176868598,-0.6279523776778905,-0.4965852640917178,0.1646321500050549,0.5117728629266756,0.6612174140967727,0.023055555555555555,0.9999999999425131,0.07771174491120583,12,72.0,0.8,0.03280302058304224,0.7472222222222222,0.85,0.04100377567754808,0.04346134936801766,0.2,6.8558748153012585,0.2213569073651499,5.625,1.004467628937022,0.14664992420082162,0.37597101668514593,0.3539849321482849,4.433267512800299,0.24395665742137937,0.26845598338832594,0.31290529170755255,0.1671617389488797,0.007449316249010726,7.101228485138661e-05,NSR,100m (1).mat
3.947459643111668e-18,0.9999999999733641,0.9999999999467282,4.329411919387883,22.44747043412425,0.9999999999733641,-1.5664330961691955,7.1131885245315924,8.679621620700788,0.5105303594090987,-0.6008209111790288,-0.4825993349264453,0.15070476070165995,0.534030966452393,0.6333040956281053,0.023333333333333334,0.9999999999467282,0.08481068162628094,14,84.0,0.7288461538461539,0.025447991334973344,0.6861111111111111,0.7888888888888889,0.03491544980482877,0.024728463631617837,0.08333333333333333,6.413562331604602,0.4561142685947158,5.625,1.0934561230299467,0.13603607218407546,0.4009534073169044,0.4173816901399488,4.45594936795256,0.2329324231373379,0.23115160843208857,0.36712204822544037,0.16042006879555568,0.008296448749813291,7.74026597639265e-05,NSR,100m (2).mat
-5.921189464667502e-18,0.9999999999735312,0.9999999999470625,4.424429995105687,22.990749421665544,0.9999999999735312,-1.4884264796850089,6.899823941445398,8.388250421130406,0.4920807759074416,-0.5749819611304683,-0.45421384260174796,0.11327066835915454,0.5241787005846251,0.5674845109609025,0.026944444444444444,0.9999999999470625,0.08385358334444011,14,84.0,0.7495726495726495,0.02533831283172386,0.6972222222222222,0.7944444444444444,0.033803678419118154,0.02451956051271364,0.0,6.499754931315285,0.27367434909323063,5.625,0.9766592589736736,0.1309716446437992,0.34850780329042597,0.37598876718376223,4.470856359195518,0.20840592595970867,0.2426684853693165,0.33908589220579927,0.20158112759953836,0.008182413500967827,7.615536466914868e-05,NSR,100m (3).mat
-7.894919286223335e-18,0.9999999999732431,0.9999999999464861,4.490055399916007,24.57511041804639,0.9999999999732431,-1.473143655266268,8.338183545835545,9.811327201101813,0.5009854903767007,-0.625483051940762,-0.4635828355440663,0.13850982110224894,0.520985356895276,0.6020926566463153,0.024166666666666666,0.9999999999464861,0.07931220560195952,8,48.0,1.2011904761904761,0.37049426310293854,0.75,1.5583333333333333,0.30843922769809656,0.5299516632977943,0.5,6.796820282306282,0.8141700900663636,5.625,1.0855584578953013,0.15226840305818243,0.4235334619640146,0.3654120589525463,4.388217263893469,0.24671081708446196,0.3005074017234838,0.29797380275916296,0.1479583237290741,0.006785681043136478,6.397366068046585e-05,NSR,100m (4).mat
-3.454027187722709e-18,0.9999999999728882,0.9999999999457765,4.343368288089852,23.04517417372346,0.9999999999728882,-1.5283934285955976,7.882931674139939,9.411325102735535,0.507653936652515,-0.6505687354581066,-0.5205512384411366,0.1464186509268859,0.5208594497111065,0.6669698893680225,0.024444444444444446,0.9999999999457765,0.0775811523912934,13,78.0,0.7888888888888891,0.02627901101170071,0.75,0.8388888888888889,0.03331142236697233,0.029289663698155822,0.09090909090909091,6.4527040185919295,0.5320552925905948,5.625,0.9641062841567203,0.15105013649256596,0.3686538672327895,0.3210163532117277,4.385396191269744,0.27547041402995726,0.2546941295775853,0.323992667471033,0.13727092327108506,0.008507486501749059,6.437914859004149e-05,NSR,100m (5).mat
-4.440892098500626e-18,0.9999999999728638,0.9999999999457277,4.621056407323133,24.85784875119735,0.9999999999728638,-1.330003402708431,7.588312386086211,8.918315788794642,0.47954683776284457,-0.5745540047755775,-0.444312893655793,0.09937053431796354,0.48389651343806706,0.5436834279737566,0.025555555555555557,0.9999999999457277,0.0788762520158043,12,72.0,0.825,0.20550094824754392,0.7,1.4638888888888888,0.24909205817994168,0.3203308956626716,0.3,6.66137616148431,0.46380250552508273,5.625,0.9020227288707504,0.15268417524918584,0.34835730734343645,0.2825370990770197,4.378045037570484,0.2527011784470473,0.2442958850914813,0.3475746089054757,0.14823871339897227,0.007123201080896263,6.641307612698066e-05,NSR,100m (6).mat
-1.2335811384723961e-17,0.9999999999708321,0.9999999999416643,4.45248071207226,24.012137866712827,0.9999999999708321,-1.6096979760806163,7.439565211450937,9.049263187531553,0.49353068786270804,-0.5718394907199523,-0.44372125389123657,0.1270696873466478,0.5295713173600564,0.5707909412378844,0.020833333333333332,0.9999999999416643,0.08154660699942307,13,78.0,0.7944444444444444,0.022251138593885028,0.7666666666666667,0.8444444444444444,0.028008426166837682,0.03001122124595065,0.09090909090909091,6.625791005408161,0.38305545616742626,5.625,0.8972975859494937,0.11012087235803288,0.3244451982119554,0.34879036452650086,4.467249094812205,0.2050465334364934,0.26995548601858144,0.41793266249336375,0.09915323766768278,0.007839912021703546,7.216836217487889e-05,NSR,100m (7).mat
1.578983857244667e-17,0.9999999999709962,0.9999999999419924,4.619105081073678,25.969983526437574,0.9999999999709962,-1.6786190994659478,7.984828042746327,9.663447142212274,0.4908324069149334,-0.5979268227136433,-0.4740712568105517,0.11857985440930058,0.5343946478037801,0.5926511112198523,0.023055555555555555,0.9999999999419924,0.07761193204791658,12,72.0,0.8020202020202021,0.017127095916983005,0.7611111111111111,0.8277777777777777,0.021354943245178566,0.01759015577665286,0.0,6.85596184354772,0.49047922920653214,5.625,1.0054828421910955,0.13235559243137918,0.38095544302739975,0.3614078384228138,4.430340748366677,0.2470669136073511,0.2489380452463585,0.31947091497277064,0.1770372406342161,0.007418072177495725,6.881336180770662e-05,NSR,100m (8).mat
-8.881784197001253e-18,0.9999999999696122,0.9999999999392244,4.574669586228174,25.997785986065256,0.9999999999696122,-1.6718206660430497,8.243658367756236,9.915479033799286,0.49145385828023386,-0.6232068818079614,-0.46710077929197147,0.14968943089555883,0.551933636954468,0.6167902101875303,0.02277777777777778,0.9999999999392244,0.07883354732110219,12,72.0,0.7921717171717172,0.030424839357230365,0.7527777777777778,0.85,0.038406873988696535,0.0362177911400147,0.2,6.869153477360168,0.49647411077874753,5.625,0.9641840170582161,0.1295221806675539,0.35514652136260555,0.35399906502514455,4.439749336228345,0.18325416079515985,0.2512299944387447,0.4000848321394308,0.1573027103294388,0.008052953567485444,7.534872974013712e-05,NSR,100m (9).mat
5.921189464667502e-18,0.9999999999742903,0.9999999999485807,4.20056334450589,21.597521786974216,0.9999999999742903,-1.3102584622187636,7.323396233934307,8.633654696153071,0.5450596993648928,-0.728359237909363,-0.4340413782696755,0.14414334349878175,0.6614403808319279,0.5781847217684573,0.025277777777777777,0.9999999999485807,0.07885896218204544,12,72.0,0.8012626262626262,0.027635078828897888,0.7555555555555555,0.8472222222222222,0.03448941444243856,0.02086109261724288,0.0,6.523891006100989,0.45602822824917777,7.03125,1.0313927052277563,0.23319978863332014,0.42216882290574453,0.24031788393409506,4.2247961683462885,0.3201728697499423,0.2595793512731273,0.2916924560814968,0.12200406843683623,0.0064869237107996304,6.433074779741546e-05,NSR,101m (0).mat
-3.947459643111668e-18,0.9999999999744277,0.9999999999488554,4.302544942756115,22.871206705315203,0.9999999999744277,-1.1209542805211488,8.440108679570535,9.561062960091684,0.5273881105687532,-0.7395395266891108,-0.4087215503356587,0.10247603708054841,0.6212824676016107,0.5111975874162071,0.021944444444444444,0.9999999999488554,0.0684425320924088,12,72.0,0.8868686868686868,0.025979436665882177,0.8416666666666667,0.9166666666666666,0.029293442221210535,0.026323017201071396,0.1,6.500739169635868,0.667576666479029,2.8125,0.8228522503546709,0.20952152824916848,0.32533983003428363,0.17822752999483643,4.203202273409715,0.4474347004303333,0.24693738155822165,0.2514887455543647,0.04895843052256895,0.005130898531224179,4.9843403287111277e-05,NSR,101m (1).mat
1.973729821555834e-18,0.999999999977928,0.999999999955856,3.8167509930660923,19.04435411314698,0.999999999977928,-2.427246243094302,7.601534900345594,10.028781143439895,0.5606766209604358,-0.6775488255216544,-0.5307136420806575,0.15846463624650298,0.6738934580003726,0.6891782783271605,0.022222222222222223,0.999999999955856,0.0680442958469006,12,72.0,0.8512626262626263,0.04199974006459228,0.8138888888888889,0.9416666666666667,0.04933816981916531,0.025654999753375148,0.1,6.15513317956491,0.8496158522065912,2.8125,0.9105988386497915,0.22458441987061234,0.38074309671659107,0.1866391176984594,4.164808811585084,0.38768202484091324,0.28579845985235164,0.22701949692739395,0.09524685350193335,0.004213038123787197,4.0126753620392614e-05,NSR,101m (10).mat
7.894919286223335e-18,0.999999999972025,0.9999999999440502,4.332591017817015,23.829182988775536,0.999999999972025,-1.1860230150290265,7.590345403652831,8.776368418681859,0.5300962039319888,-0.8027315679335091,-0.3670567457560491,0.12540811893760342,0.6804412869504388,0.49246486469365247,0.024722222222222222,0.9999999999440502,0.0731997679015964,11,66.0,0.8686111111111112,0.028110507239890767,0.8194444444444444,0.9111111111111111,0.03236259224403627,0.03058360104613658,0.1111111111111111,6.843316845158004,0.4602029627387805,2.8125,1.0062895257100324,0.2423085577221009,0.4023883428321673,0.22936515719496328,4.202637028804821,0.3473529885292047,0.29215337000201097,0.2658297179143674,0.08816250123400293,0.006439088398545277,6.233392186853735e-05,NSR,101m (2).mat
3.454027187722709e-18,0.9999999999789088,0.9999999999578176,4.280495507939225,21.628510516019414,0.9999999999789088,-1.14757342268071,6.946671707320034,8.094245130000743,0.5279808922366666,-0.6689960933641401,-0.447123373184408,0.10378055876305069,0.6099608267007119,0.5509039319474587,0.03305555555555555,0.9999999999578176,0.08686783156596387,13,78.0,0.7965277777777778,0.021787560397296533,0.7555555555555555,0.8416666666666667,0.02735317082189925,0.023028309323591938,0.09090909090909091,6.419990021731307,0.3031802676041088,2.8125,0.9921487205203686,0.22539303106480416,0.3905489850829485,0.24603321352002477,4.246123972016367,0.2666207518713198,0.2704051129272832,0.3497165336690483,0.10656990401642247,0.006623722213160788,6.397530276516184e-05,NSR,101m (3).mat
5.921189464667502e-18,0.99999999997285,0.9999999999457001,4.458387047959564,23.75045015490729,0.99999999997285,-0.9764896065276369,7.267133436572596,8.243623043100232,0.5134486187532483,-0.7255199154845836,-0.3974048870089889,0.09178045178527086,0.6052163392988972,0.48918533879425974,0.021111111111111112,0.9999999999457001,0.06978642693981796,12,72.0,0.8585858585858586,0.05193309368575584,0.8027777777777778,0.9555555555555556,0.06048677963413691,0.02431150720782341,0.0,6.68437366873593,0.37217841936750234,2.8125,1.0194144340032452,0.22573845152817293,0.4193184961962468,0.240491167451911,4.2198355039515105,0.32403453326429843,0.28319499782258967,0.25840339097295323,0.1283960623713916,0.005914704830764771,5.631073800209763e-05,NSR,101m (4).mat
9.86864910777917e-18,0.9999999999723425,0.999999999944685,4.805277696628097,27.235904182936306,0.9999999999723425,-0.9373281444193858,7.439278833540693,8.37660697796008,0.4898459503633733,-0.7262294281025109,-0.35532620834906226,0.043391055783600925,0.5776274885442624,0.3987172641326632,0.020555555555555556,0.999999999944685,0.06795736037944794,11,66.0,0.8975,0.02498301892421934,0.8722222222222222,0.9583333333333334,0.027836232753630206,0.024480192715559804,0.0,7.078622586421858,0.19009877611819984,7.03125,1.045362059273066,0.22872019232651425,0.4221580603993317,0.2572500534355178,4.250286244350201,0.2873156327541942,0.2562360752752802,0.35322499667605345,0.09691443527252694,0.006250558257560892,5.83017643841862e-05,NSR,101m (5).mat
5.921189464667502e-18,0.9999999999753851,0.9999999999507703,3.806993234338238,20.587952154861735,0.9999999999753851,-2.0205534170569095,8.053763472029877,10.074316889086786,0.5515720074412809,-0.7573745561603619,-0.45471436233176565,0.17741898138861928,0.7177518362327239,0.6321333437203849,0.02388888888888889,0.9999999999507703,0.06972314778412728,10,60.0,1.032716049382716,0.541701926325923,0.8,2.563888888888889,0.5245410160180745,0.8717432779164935,0.25,6.538127190475348,0.9076483327976755,2.8125,0.9373414767472623,0.23695902345852798,0.3680791558718185,0.20438662627496534,4.1635444682377,0.39393429225774523,0.2996860629541228,0.20938869384411382,0.09208247255728183,0.004863486734648447,4.499165208765269e-05,NSR,101m (6).mat
0.0,0.9999999999728334,0.9999999999456669,4.631299352721446,25.971714700059636,0.9999999999728334,-1.1359958281572466,8.182187264682057,9.318183092839304,0.4905208535959465,-0.7205611379072578,-0.37581556509500524,0.06819573509951472,0.5066731676431514,0.44401130019451995,0.03,0.9999999999456669,0.07520590722043001,11,66.0,0.8774999999999998,0.023288647687470198,0.8416666666666667,0.9166666666666666,0.026539769414165738,0.021872244094477244,0.0,6.838298825532956,0.7362527406399267,2.8125,1.027696232836644,0.262526838644107,0.42713837438339264,0.20164529150008917,4.155296283941822,0.35360897965230986,0.2908266851489448,0.24145408537967125,0.10787855631589927,0.006169893804665078,6.179969850954504e-05,NSR,101m (7).mat
-5.427757009278543e-18,0.9999999999729896,0.9999999999459793,4.211281565862705,22.30511758725495,0.9999999999729896,-1.4156784958259485,7.731879515122343,9.147558010948291,0.5264231957569415,-0.7290866528489179,-0.44488659124601837,0.13079995549292467,0.5954732179407666,0.575686546738943,0.02861111111111111,0.9999999999459793,0.07224948929808281,12,72.0,0.8588383838383838,0.028960143811780727,0.8138888888888889,0.9055555555555556,0.03372013212617464,0.03431427014818282,0.2,6.546444820371207,0.552136877060139,2.8125,0.9588894395375016,0.22988323169671215,0.3838713151302524,0.21972104430729006,4.204525642471563,0.3427173824077251,0.30180369086007347,0.23180933896711312,0.11749207304779,0.006117526247008149,5.998847028992726e-05,NSR,101m (8).mat
1.1842378929335004e-17,0.9999999999767584,0.9999999999535167,4.244747275373752,23.068232601435817,0.9999999999767584,-2.1018888127906994,7.182166797779865,9.284055610570565,0.4838276566609144,-0.5895867224185153,-0.3732858170184076,0.113356285353983,0.4451354551953118,0.4866421023723906,0.020555555555555556,0.9999999999535167,0.06327645426321828,11,66.0,0.8780555555555555,0.033666162445802485,0.8222222222222222,0.9305555555555556,0.03834172245076203,0.03310104246614719,0.1111111111111111,6.646565700418777,0.4490066684304536,7.03125,0.9211198737824593,0.22330809188086453,0.38999566146280573,0.1793510476995544,4.127729980454152,0.4025346539357381,0.25511744913930695,0.25389860808179293,0.08394667106225946,0.004461568461718688,4.104931918356852e-05,NSR,101m (9).mat
5.921189464667502e-18,0.9999999999835909,0.9999999999671819,4.2720171884649725,22.05165776002866,0.9999999999835909,-1.200539155905661,6.890938475020476,8.091477630926137,0.5285097475343772,-0.6419939025351505,-0.42516962938158354,-0.025160030384227747,0.8720096782009299,0.4000095989973558,0.01888888888888889,0.9999999999671819,0.06963011701659438,11,66.0,0.8561111111111112,0.027688746209726917,0.8305555555555556,0.925,0.03234246795541337,0.032021511973686266,0.1111111111111111,6.650962802540881,0.1481508955737576,4.21875,1.0425856371181235,0.1965939436354359,0.3936401737112628,0.28314465941719796,4.178259740915258,0.33103882770717163,0.24769309375422877,0.27883753640814357,0.13822675549683802,0.004169061255686086,3.47253779317055e-05,NSR,103m (0).mat
1.4802973661668755e-18,0.999999999983698,0.9999999999673961,4.314649816827259,22.37862873202807,0.999999999983698,-1.2254842357212348,6.920938685392501,8.146422921113736,0.5239361723999231,-0.637718748123362,-0.4235189786216456,-0.028222916898341853,0.853137745360656,0.3952960617233038,0.018055555555555554,0.9999999999673961,0.0694173817355362,11,66.0,0.8655555555555556,0.026211391360189868,0.8305555555555556,0.8944444444444445,0.030282737094886287,0.030597614151589438,0.1111111111111111,6.655811707040777,0.22450546786617884,4.21875,1.0063578446947274,0.19690577863577674,0.3789926124955853,0.26790714300169105,4.162128052431195,0.3086828898071011,0.2367798828567281,0.33486922521934986,0.1155621272114006,0.004072130926938376,3.3743978481752165e-05,NSR,103m (1).mat
-3.947459643111668e-18,0.9999999999855553,0.9999999999711108,3.5515374117168985,17.035963884261342,0.9999999999855553,-1.8183344915824153,7.450677137225956,9.269011628808371,0.5506434028716423,-0.5951957721708827,-0.44111651062129204,0.039220676842774145,0.7579080281303243,0.4803371874640662,0.019166666666666665,0.9999999999711108,0.06432454003819978,12,72.0,0.8919191919191918,0.02579962897048705,0.85,0.9333333333333333,0.028925971293482983,0.03571362433250038,0.1,6.0100456889397895,0.49491316514792516,4.21875,0.7476055374498723,0.1795510744942968,0.26605291273404397,0.18456831214863104,4.192132376807632,0.4632449103640798,0.250354652773478,0.18735354178837127,0.096099649262794,0.00292369039240322,2.3555418873661245e-05,NSR,103m (2).mat
-9.86864910777917e-19,0.9999999999846205,0.999999999969241,4.204864701242401,20.912927088137696,0.9999999999846205,-1.190769837785498,6.810461437807305,8.001231275592803,0.524586607747451,-0.6470432371715493,-0.4670084191026044,-0.034689648489757356,0.8196141353323169,0.432318770612847,0.018333333333333333,0.999999999969241,0.07176309849022805,12,72.0,0.8527777777777779,0.03058997143530898,0.8111111111111111,0.925,0.035870976233868666,0.032820123306093185,0.1,6.417564895009267,0.23295142172374403,4.21875,0.9980857389012149,0.19604034355961886,0.3773409202048924,0.26517714768029915,4.16590861009744,0.30281134104075946,0.25151866414807333,0.33900814967867116,0.10258693845169642,0.00404184850151611,3.30581792832967e-05,NSR,103m (3).mat
-1.1348946473946045e-17,0.9999999999841938,0.9999999999683876,4.262694748996491,21.48022397620808,0.9999999999841938,-1.2233507157570296,6.900725676032303,8.124076391789332,0.5186808542798398,-0.6313047442286334,-0.4482774969210448,-0.03993505907921738,0.8119019127067771,0.40834243784182744,0.021111111111111112,0.9999999999683876,0.07270988244469871,12,72.0,0.822979797979798,0.024762930650770232,0.7861111111111111,0.8722222222222222,0.030089354175482134,0.02513850521499727,0.0,6.463590047373088,0.2540124617963511,4.21875,1.0586974645187428,0.18835701944416314,0.40218205866849954,0.29936247606199295,4.208437988069107,0.3441694246479132,0.2339202638114379,0.3061613112419587,0.11123231460553391,0.00447959947262356,3.708622053240976e-05,NSR,103m (4).mat
1.4802973661668755e-18,0.9999999999837795,0.9999999999675591,4.295407727708858,21.7470619841641,0.9999999999837795,-1.2132381859820456,6.747082046874569,7.960320232856614,0.5169377325230183,-0.62825872345226,-0.44792923899620984,-0.019952327314358795,0.7953949360672232,0.42797691168185104,0.01861111111111111,0.9999999999675591,0.07272059745039375,12,72.0,0.8406565656565657,0.023309052038816808,0.7972222222222223,0.8777777777777778,0.02772719914806694,0.02990468397185948,0.1,6.514903857946849,0.13703507660673273,4.21875,0.9676749954620607,0.17867196649470782,0.3629953502045124,0.2750451262692391,4.24226902225301,0.3060370985619267,0.27101662427068357,0.32349780149100477,0.09490318259864836,0.0045073934331258,3.7899644610584146e-05,NSR,103m (5).mat
0.0,0.9999999999844187,0.9999999999688374,4.287402956464365,21.726794701989718,0.9999999999844187,-1.307226106494805,6.767793108525102,8.075019215019907,0.5128470016351764,-0.6383215518106256,-0.47039911282322044,-0.009270164015892472,0.7772081527861748,0.46112894880732797,0.02,0.9999999999688374,0.07211121985883441,12,72.0,0.851262626262626,0.02457162839428311,0.8138888888888889,0.8916666666666667,0.0288649208920368,0.029146818643499276,0.1,6.485996935535,0.16425213580786258,4.21875,0.9835673622492411,0.1764865876658162,0.3726807815362545,0.27895718709770545,4.212467051092913,0.26437000356862916,0.2739860200660186,0.3754332572844703,0.08160581624066947,0.004567232566656851,3.767027355546849e-05,NSR,103m (6).mat
-2.960594732333751e-18,0.9999999999840669,0.9999999999681338,4.139363438910267,20.603787463244434,0.9999999999840669,-1.2368325217884435,6.715004373941134,7.951836895729577,0.5350564534089556,-0.6707351276279957,-0.466076338780248,0.03315343220107518,0.7885062292416652,0.4992297709813232,0.016666666666666666,0.9999999999681338,0.07227344719875425,12,72.0,0.8381313131313132,0.018954539398783023,0.8055555555555556,0.8638888888888889,0.02261523830359278,0.02169513798862959,0.0,6.397050411470488,0.24675537887855198,4.21875,0.9488143873795816,0.1812082152856888,0.35801928578676784,0.2596345309371402,4.193320161263683,0.3000167457462754,0.2645891340972913,0.3152898945595967,0.11592952206992348,0.004141624490722969,3.307903618993116e-05,NSR,103m (7).mat
4.440892098500626e-18,0.9999999999841813,0.9999999999683628,4.284266817073144,21.485042851085872,0.9999999999841813,-1.1166246718359834,6.715096394113398,7.831721065949381,0.5221245331085912,-0.6101010694442124,-0.4475458189746101,-0.048553371391459085,0.8160649593933377,0.398992447583151,0.015555555555555555,0.9999999999683628,0.07142234343950897,12,72.0,0.861111111111111,0.02515384760593726,0.8333333333333334,0.9138888888888889,0.02921091976652091,0.030919549131876386,0.1,6.448712700378284,0.20513911245469676,4.21875,0.9869890483435849,0.19060923078155756,0.3720093890755609,0.26551604400382045,4.192319378815874,0.3108123460046718,0.2790949458250142,0.29930935649924084,0.10657799044667923,0.004171137492340835,3.4223732052840676e-05,NSR,103m (8).mat
4.934324553889585e-18,0.9999999999832839,0.999999999966568,4.402155005254587,23.20041109972275,0.9999999999832839,-1.2106255719253194,6.9978159302302485,8.208441502155567,0.5193574138538366,-0.6325686166239686,-0.42562951373165436,-0.04501650076849653,0.8211682791608871,0.38061301296315786,0.01861111111111111,0.999999999966568,0.07044334925970062,11,66.0,0.8477777777777777,0.031051530249960272,0.7777777777777778,0.9,0.03662696879685449,0.03351289087195159,0.1111111111111111,6.748250925658467,0.1317907234526415,4.21875,1.0633374568337188,0.19716871188226892,0.39795308545379127,0.2986213587710678,4.218617013865516,0.31609375885371216,0.19000705137950843,0.3914763575382818,0.09792713506053781,0.004458262553029506,3.743461493015382e-05,NSR,103m (9).mat
3.947459643111668e-18,0.9999999999834923,0.9999999999669846,2.920039068244759,9.599145310955965,0.9999999999834923,-1.043560161108574,4.9852895125694205,6.028849673677994,0.5787168457972515,-0.8368729521157965,-0.5210661419605606,0.13196471518797975,0.5289250372366227,0.6530308571485404,0.021666666666666667,0.9999999999669846,0.056407510712282755,14,84.0,0.7194444444444444,0.021210964929450203,0.6916666666666667,0.7638888888888888,0.02948242225478147,0.021170117342914213,0.0,4.71533812119723,0.12160673119903538,2.8125,0.9097278898352701,0.34727847769941356,0.3770171561359745,0.034353588770595224,3.3591232084148728,0.56760457742339,0.29705887695218475,0.11675537703106284,0.018260797275332735,0.0003180183692111033,2.3529488182405677e-06,NSR,105m (0).mat
-2.0230730670947298e-17,0.9999999999833543,0.9999999999667087,2.9940459117312117,9.990915108982477,0.9999999999833543,-1.0823808095310912,4.981479542391709,6.0638603519228,0.5655651556701646,-0.8293748254281291,-0.49207124946700526,0.08514101705860297,0.5240705297021531,0.5772122665256082,0.025,0.9999999999667087,0.05759440451562385,14,84.0,0.7262820512820511,0.020019440474994373,0.6944444444444444,0.7611111111111111,0.027564278109435972,0.01810889557000735,0.0,4.766494286712545,0.08957155525627072,5.625,1.0445912831729778,0.325414593860034,0.4801741496783493,0.04808778775060176,3.479238005242037,0.49788241686425666,0.3586147894862081,0.12525861807459662,0.01789645285192454,0.0003451981026329005,2.5246203808034944e-06,NSR,105m (1).mat
-3.947459643111668e-18,0.9999999999841791,0.9999999999683582,2.945912740772843,9.74284918054501,0.9999999999841791,-1.076271526030045,4.917815596073364,5.994087122103409,0.5709873583308138,-0.8420846818639572,-0.4695061698598343,0.10209634224879433,0.5625661269239385,0.5716025121086286,0.024166666666666666,0.9999999999683582,0.057781041490410745,14,84.0,0.717094017094017,0.02063930024109958,0.6805555555555556,0.7444444444444445,0.028781860844352487,0.021754333563834705,0.0,4.7215727449858935,0.14521729212274367,2.8125,0.9830403953129521,0.382826822633599,0.40103531885696986,0.03596138978948254,3.3171713637844005,0.5192224957416373,0.34250734224642915,0.12129813710307928,0.0166296879834361,0.0003398112836881051,2.525641729956975e-06,NSR,105m (10).mat
-9.86864910777917e-18,0.9999999999838781,0.9999999999677563,2.974426110737183,9.900465928963477,0.9999999999838781,-1.03952492400384,5.075416072722208,6.114940996726048,0.572641919879,-0.8383192806392635,-0.48040757831004566,0.11841187646272124,0.5731943399609539,0.5988194547727669,0.024166666666666666,0.9999999999677563,0.059043473360381855,14,84.0,0.7126068376068376,0.01873287076436213,0.6861111111111111,0.7472222222222222,0.02628780661294988,0.018599360580185825,0.0,4.75634033677644,0.1154950787729989,4.21875,1.2218905919139385,0.3875173986586433,0.5565183719780948,0.05713023020184921,3.472990390248522,0.4866002588821712,0.37624927264245417,0.1251411140822563,0.011609096686776166,0.00039712025916309397,3.1374471787857785e-06,NSR,105m (11).mat
-1.4802973661668754e-17,0.9999999999842523,0.9999999999685045,2.87722316450181,9.291131016590167,0.9999999999842523,-1.2280503124386752,4.940501640472721,6.168551952911397,0.5779293494296196,-0.8380618189293607,-0.49953739247764706,0.1309030039999506,0.5459783693253064,0.6304403964775976,0.025555555555555557,0.9999999999685045,0.057927850165679466,14,84.0,0.7205128205128204,0.021448564258683078,0.6888888888888889,0.7611111111111111,0.0297684699262516,0.02253826193451496,0.0,4.650467239869948,0.13970528786976116,5.625,1.0911163109395943,0.35252280534163255,0.48897835400597633,0.0460088373965028,3.4567734135986545,0.48502306112291654,0.3765738208067152,0.1255692733107949,0.012492322958273837,0.00033890883537463206,2.612965924685961e-06,NSR,105m (12).mat
6.908054375445418e-18,0.9999999999840249,0.9999999999680498,3.007582276963224,9.890362301427817,0.9999999999840249,-1.0191380963454058,4.879204787418072,5.898342883763478,0.5648329880155216,-0.8262855653578252,-0.4088091451951474,0.07548642356711611,0.5292457323036845,0.4842955687622635,0.023333333333333334,0.9999999999680498,0.05705758022182331,14,84.0,0.7256410256410256,0.019796982601539264,0.6972222222222222,0.7555555555555555,0.027282060791379188,0.01914451215568086,0.0,4.716070898302676,0.0657008115739913,4.21875,0.914774216962677,0.31102707640995997,0.40445648039973303,0.036229956335820886,3.4495542316953283,0.4994290492195997,0.34192485998696337,0.14369071362413605,0.014656925110351512,0.0002962904625256382,2.161596423525547e-06,NSR,105m (13).mat
3.947459643111668e-18,0.9999999999839095,0.9999999999678191,2.517598873033697,8.918235287033292,0.9999999999839095,-2.5856054986013417,4.817510234119266,7.403115732720607,0.5673993586851231,-0.7735092570133577,-0.4710731796984378,0.14664608527138667,0.5459894599784099,0.6177192649698244,0.025833333333333333,0.9999999999678191,0.05662388955248212,13,78.0,0.7238425925925926,0.019852151998145592,0.6916666666666667,0.7527777777777778,0.02742606220451179,0.020395225118440677,0.0,4.662109357005122,0.12229786565588044,5.625,0.8923646233116941,0.29935261334335767,0.39489721067803507,0.03677577416934181,3.4584042719220025,0.49678648891822713,0.363890810795505,0.12359575527353148,0.015376306467517236,0.00034799143680566637,2.6471084131958954e-06,NSR,105m (2).mat
1.7763568394002505e-17,0.9999999999835902,0.9999999999671806,2.9789023390147524,9.927670777969121,0.9999999999835902,-1.0558692411983552,4.887519049502592,5.943388290700947,0.56750108952813,-0.8368524996906018,-0.430315844440978,0.10866216451793234,0.5368983807916743,0.5389780089589103,0.025833333333333333,0.9999999999671806,0.05829775926733494,14,84.0,0.7166666666666667,0.022671735649061612,0.6833333333333333,0.7666666666666667,0.031634979931292974,0.023433427286747723,0.08333333333333333,4.7508722630520825,0.09807433515104769,2.8125,0.9618280298330099,0.36884530283283795,0.39715125415554053,0.036626440989638284,3.350533822736833,0.5511579452935353,0.2802098030248398,0.15317585085815855,0.015115983703177314,0.00033783076882299264,2.5863514656683826e-06,NSR,105m (3).mat
-5.921189464667502e-18,0.9999999999832985,0.999999999966597,2.970700832255547,9.95398086060639,0.9999999999832985,-1.0712103308516179,5.040965384541658,6.112175715393276,0.5717990153851331,-0.8335030223714546,-0.4666851541047084,0.10423297436132531,0.5534884337449816,0.5709181284660337,0.025277777777777777,0.999999999966597,0.060340991954419304,14,84.0,0.7130341880341879,0.01897743872749959,0.6805555555555556,0.7472222222222222,0.026615047383919593,0.020317692831010828,0.08333333333333333,4.778140731624533,0.14646423205288897,4.21875,1.25677353627652,0.3985396714367688,0.5696790534361567,0.05973918437068087,3.4446333132100255,0.45479221233351624,0.4330705645677201,0.09980037339558874,0.011897723471962513,0.00043561729004435075,3.5089411677105593e-06,NSR,105m (4).mat
-1.973729821555834e-18,0.9999999999838542,0.9999999999677086,2.95704469446048,9.779132854536096,0.9999999999838542,-1.2322040467774351,5.122358059255731,6.354562106033166,0.5695218074212135,-0.8279022297099464,-0.4757694925104173,0.09532885256564513,0.527995410241676,0.5710983450760624,0.023333333333333334,0.9999999999677086,0.05755575400988006,14,84.0,0.7166666666666666,0.018871283902409934,0.6833333333333333,0.7444444444444445,0.026332024013131974,0.016743649370393646,0.0,4.720258215114676,0.14238962860959387,2.8125,0.768274524200096,0.2957542550538039,0.3179253769386803,0.0290782434583781,3.4014334222540024,0.5012026577996097,0.3589165646808049,0.12613443100725286,0.013429641488289658,0.00031438696407027906,2.3180599723196545e-06,NSR,105m (5).mat
-1.1842378929335004e-17,0.9999999999837023,0.9999999999674046,3.0009021572930488,10.102975480855442,0.9999999999837023,-1.2770488943033689,4.895755632502512,6.172804526805881,0.5646670521175202,-0.8158579515141412,-0.4498889411341161,0.09867451787385491,0.52402389633919,0.548563459007971,0.023055555555555555,0.9999999999674046,0.05749378264889084,14,84.0,0.7192307692307692,0.02296983700919093,0.675,0.7694444444444445,0.03193667173308079,0.022566773346211016,0.0,4.779489569052112,0.1505831478275366,2.8125,0.7993968510876521,0.3034312336437125,0.3302310363611643,0.032130497843794764,3.408915515955088,0.4544708320212987,0.37008193314683024,0.16540000566011304,0.009705654008093765,0.00033912358710218445,2.451576561753748e-06,NSR,105m (6).mat
5.921189464667502e-18,0.9999999999830684,0.999999999966137,2.991338248754856,10.052286377638291,0.9999999999830684,-1.051634831600121,5.116724135024667,6.168358966624788,0.5711931603938044,-0.8253068249356434,-0.5051349168652691,0.10724083980596663,0.542221120424449,0.6123757566712358,0.02361111111111111,0.999999999966137,0.06007977027955505,14,84.0,0.7209401709401709,0.021256119855463062,0.6888888888888889,0.7555555555555555,0.02948388879240739,0.022178776975932388,0.0,4.784183418769041,0.18145968581301503,5.625,1.1530284300873648,0.3443699073890889,0.5348355544824637,0.05593954539624911,3.4696508428424577,0.5061305923111892,0.313376917967529,0.1663384780953719,0.013688823404934488,0.00046145377529087004,3.734445684349471e-06,NSR,105m (7).mat
5.921189464667502e-18,0.9999999999836602,0.9999999999673204,2.984683559695566,9.908276050320865,0.9999999999836602,-0.9927743800993969,4.869897975189433,5.86267235528883,0.57104663129151,-0.8304274424512521,-0.44543627980255335,0.11371212532191463,0.5230194637502747,0.559148405124468,0.023055555555555555,0.9999999999673204,0.057479874126989856,14,84.0,0.7254273504273503,0.022003360105736742,0.6916666666666667,0.7611111111111111,0.03033158325563952,0.01932835717143343,0.0,4.7565050701288385,0.07991868265792462,2.8125,1.1070964576315467,0.3960683460443779,0.47388411458141083,0.04390110175195009,3.354182540421364,0.5351221526605018,0.3267919116173748,0.12398845261021742,0.013753046441148045,0.000341934574464621,2.502096292933115e-06,NSR,105m (8).mat
7.894919286223335e-18,0.9999999999832626,0.9999999999665253,2.968995407318169,10.052240249981383,0.9999999999832626,-1.1898485136161214,4.981095374473375,6.1709438880894965,0.5656241127788432,-0.8451907241475242,-0.4351770713167275,0.1075776635901812,0.5451201985645654,0.5427547349069087,0.024166666666666666,0.9999999999665253,0.05865382942308701,14,84.0,0.7188034188034188,0.022279675893567653,0.6888888888888889,0.7638888888888888,0.03099550625351892,0.02280768136435853,0.0,4.794468753889755,0.15208872987517794,4.21875,1.226567972473822,0.3860903542726659,0.5574238472933942,0.058513876454927234,3.453182192621663,0.5232072353675437,0.3101527414158368,0.15050219925573693,0.01574414106973242,0.00039073752390589333,2.945367243981672e-06,NSR,105m (9).mat
-3.947459643111668e-18,0.9999999999872073,0.9999999999744147,3.037603317808524,12.507509724144981,0.9999999999872073,-1.5750011347879074,6.433864991219048,8.008866126006955,0.6259840830870445,-0.6559984067021178,-0.45143353960523974,0.11645948991454148,1.1651268687639953,0.5678930295197813,0.0175,0.9999999999744147,0.06716158341249458,10,60.0,0.9938271604938271,0.0551338590823682,0.875,1.0583333333333333,0.055476305356251476,0.052786914413833076,0.5,5.89240095345461,0.26332795443591084,2.8125,0.8372449643753745,0.29320670609224536,0.2678106608231743,0.17921138358245517,4.048998595905166,0.4666183876810191,0.20610123419640836,0.2560378838853182,0.06843223759954215,0.002787115013179203,2.3141624532892636e-05,NSR,106m (0).mat
6.41462192005646e-18,0.999999999986756,0.9999999999735121,4.136114571378141,20.071823307461305,0.999999999986756,-1.6372840840259153,6.39886673317458,8.036150817200495,0.5134906812871306,-0.7052988389383167,-0.3993495803351073,0.08025629081764066,0.5363833639577148,0.479605871152748,0.025833333333333333,0.9999999999735121,0.07733445251064872,13,78.0,0.7516203703703704,0.0414416506439268,0.6833333333333333,0.8138888888888889,0.055136412240090686,0.030452074543378997,0.18181818181818182,6.175790864898856,0.13693237262109445,8.4375,1.0810887206855138,0.17309182483069802,0.4809653427166644,0.3072357530071743,4.20822970404893,0.22978983606502157,0.38496740020037434,0.3116519792670959,0.06953896756083637,0.004018495649773947,3.332125689756125e-05,NSR,106m (1).mat
9.86864910777917e-18,0.9999999999859938,0.9999999999719875,3.451391635141378,14.813673870864818,0.9999999999859938,-1.5481953100369665,6.390219878579563,7.9384151886165295,0.6067194114411477,-0.5807172186402246,-0.48917103731804845,-0.025735636735999382,1.1187841241680354,0.4634354005820491,0.01611111111111111,0.9999999999719875,0.06377615446581913,10,60.0,1.0253086419753086,0.07044884080563782,0.8916666666666667,1.1,0.06870988681145289,0.08457409637576851,0.625,6.107077501846656,0.12255426532106281,2.8125,0.8007242292431902,0.301745608998832,0.25584982400664297,0.15911956714772857,3.957116994787617,0.42425621163834304,0.22620150267714842,0.28160503747084387,0.06506555224905908,0.0028479869194861034,2.3709045119180557e-05,NSR,106m (10).mat
7.401486830834377e-18,0.9999999999820386,0.9999999999640772,2.9375651122848025,10.818946980431546,0.9999999999820386,-1.246038731217869,6.278132840146695,7.524171571364564,0.6473184081281675,-0.6977020385324568,-0.5272361942985484,0.11314067912479667,1.274955565945839,0.640376873423345,0.01972222222222222,0.9999999999640772,0.06210306131144555,12,72.0,0.872979797979798,0.05165731028960465,0.8027777777777778,0.9611111111111111,0.05917354599725403,0.04377093855206207,0.4,5.245668910641423,0.6732794633219521,2.8125,1.005539887379819,0.4004435904104404,0.34309826232180446,0.13396151553478222,3.7569569657041435,0.46395556057223847,0.24909262843758984,0.2259587120743651,0.05945931453275136,0.0015215270909801149,1.2257292074852061e-05,NSR,106m (11).mat
-5.921189464667502e-18,0.9999999999764816,0.9999999999529633,2.857211407615374,10.252010205123462,0.9999999999764816,-1.0489599103608422,5.82028131062085,6.869241220981692,0.6590647265998646,-0.6877925169825031,-0.5556333350406595,0.140033881354616,1.323170126995876,0.6956672163952755,0.0175,0.9999999999529633,0.051894850233261895,9,54.0,1.0041666666666667,0.04949591578112627,0.9166666666666666,1.0888888888888888,0.049290538488135166,0.06244044781877786,0.5714285714285714,5.550995105844356,0.1576622956771048,2.8125,0.8508958790172257,0.44434765337528365,0.22786617090768507,0.07537512246753492,3.4391182962846942,0.6116131782298292,0.21181104926661792,0.13920666523285222,0.03642668186639081,0.0009348464552125467,7.578949097058317e-06,NSR,106m (12).mat
-1.1842378929335004e-17,0.9999999999878475,0.9999999999756951,3.734743273573895,16.86353886845928,0.9999999999878475,-1.0481998194090232,6.466144814229436,7.5143446336384585,0.5862888545728266,-0.5898958135512906,-0.4195092597059904,-0.0008513697598319182,1.0076153760266717,0.4186578899461585,0.016666666666666666,0.9999999999756951,0.061504770825878644,10,60.0,1.0280864197530866,0.06325428850662618,0.9333333333333333,1.1388888888888888,0.061526236734351175,0.08399046462633808,0.75,6.146686698368411,0.2425479605182572,2.8125,0.8708134560894701,0.27514382953397687,0.3206578580886658,0.17075603930436015,4.008037103294124,0.39792359143874895,0.29180733292611427,0.22718676669017673,0.08103097999174969,0.0020340869819616613,1.7241971248616018e-05,NSR,106m (13).mat
-4.934324553889585e-18,0.9999999999847505,0.9999999999695011,3.2352836892386043,13.185621134676968,0.9999999999847505,-1.3889303435428562,6.8266972268678785,8.215627570410735,0.6297628666624269,-0.6018935013265642,-0.46745262642138175,0.02404573487801999,1.2403423694121154,0.4914983612994017,0.01638888888888889,0.9999999999695011,0.0583284080180919,10,60.0,1.0027777777777775,0.061864048475889125,0.9277777777777778,1.0944444444444446,0.06169267985903248,0.07163220532348678,0.375,5.724189790996435,0.6909486991945569,2.8125,1.0061914637123786,0.3661990210781545,0.3579138211795808,0.1596461974014065,3.897354167369531,0.48162041998006627,0.2910814185929629,0.1536899771745645,0.07192147862048595,0.001672981826485073,1.3723805435123887e-05,NSR,106m (14).mat
-1.8750433304780422e-17,0.9999999999867174,0.9999999999734348,4.098041525046965,20.418606217110344,0.9999999999867174,-1.4133185384350744,6.6586022095394375,8.071920747974511,0.5565573819346914,-0.6574276572718609,-0.4346957523731546,0.10878932164208883,0.7289712204961494,0.5434850740152435,0.025277777777777777,0.9999999999734348,0.07865763937279695,11,66.0,0.8858333333333335,0.06125551121589784,0.8055555555555556,0.9916666666666667,0.06915015369341224,0.04471369062092457,0.4444444444444444,6.422394030158542,0.155840220795382,2.8125,1.0159549300137822,0.22840272180536303,0.4184341618625268,0.25079919508573856,4.159351768254639,0.30241588488497445,0.2926370668875601,0.298970555872019,0.10250605935359629,0.003440884455265913,2.9548546584088336e-05,NSR,106m (15).mat
7.894919286223335e-18,0.9999999999861351,0.9999999999722702,3.5291038274675097,16.275710680303664,0.9999999999861351,-2.3040775646142264,6.4489335481287755,8.753011112743001,0.587998466513484,-0.7256302316009262,-0.4654798218475023,0.11567440909921428,0.9319379725492207,0.5811542309467166,0.024444444444444446,0.9999999999722702,0.07719999224271377,12,72.0,0.854040404040404,0.0376491354788644,0.8027777777777778,0.9111111111111111,0.04408355302239271,0.032749517007087746,0.2,5.945394810732158,0.6312610041783603,2.8125,0.9791570837517405,0.225791077951287,0.38638021096204433,0.2513129709925906,4.149793139183115,0.2866008662086088,0.35095032702085543,0.25284127487869584,0.10607032990298905,0.0035084936147395888,2.8708374110953368e-05,NSR,106m (16).mat
-3.947459643111668e-18,0.9999999999851064,0.9999999999702128,3.9033271448286015,19.399760244067277,0.9999999999851064,-1.8948720569758735,6.992770350651835,8.887642407627709,0.5584332021237802,-0.6960526057123967,-0.43884101571843853,0.08660752292488288,0.8436706895842534,0.5254485386433214,0.02388888888888889,0.9999999999702128,0.07374109506382408,11,66.0,0.9019444444444444,0.035811793698462435,0.8305555555555556,0.9527777777777777,0.03970509922128932,0.04022186412772863,0.3333333333333333,6.3580242098601785,0.45150223170330583,2.8125,1.0346746599190597,0.23054144652492448,0.4139532309349629,0.26616095649790195,4.162075684779462,0.33854400549641844,0.267415849452052,0.3285006949609451,0.06168504494104585,0.0038237451289906943,3.066002054757403e-05,NSR,106m (17).mat
-1.578983857244667e-17,0.9999999999859086,0.9999999999718173,4.299789197247413,22.440339009024456,0.9999999999859086,-1.6615886469704308,6.890252914241113,8.551841561211544,0.5267556911421898,-0.668670109683111,-0.40252269651279016,0.07690417715028897,0.7176100448441715,0.4794268736630791,0.022222222222222223,0.9999999999718173,0.07305168434618604,11,66.0,0.9022222222222223,0.03864606730986373,0.8416666666666667,0.9555555555555556,0.04283431101025428,0.03530680734247707,0.1111111111111111,6.604402275028999,0.20731082337759796,2.8125,1.0405735531993048,0.200661303695942,0.4327153841089568,0.28466942404714257,4.193482418427838,0.2780203700781899,0.30645159231578867,0.2849375722495381,0.12675025785219776,0.0038096631366655526,3.054436761975199e-05,NSR,106m (18).mat
1.973729821555834e-18,0.9999999999868805,0.999999999973761,3.5374439450144726,15.812179382398721,0.9999999999868805,-1.5932938615279575,6.335080356135917,7.928374217663874,0.59724590992938,-0.6924852157495571,-0.4715444414258281,0.08886102099467413,0.9315085039752209,0.5604054624205022,0.02,0.999999999973761,0.07121828682883403,11,66.0,0.865,0.055627730894262116,0.7916666666666666,0.975,0.06430951541034984,0.035825078003987265,0.2222222222222222,6.078975070435572,0.2724722685373515,2.8125,0.9768477143441531,0.2663136445473278,0.3689208299418166,0.22953131435907756,4.135740581929388,0.3708775758778977,0.2855582748836934,0.2578719279912114,0.08249361322151443,0.003172314178482289,2.6293847200546818e-05,NSR,106m (2).mat
1.4802973661668754e-17,0.9999999999814346,0.9999999999628693,4.1528191192607755,22.078176015806342,0.9999999999814346,-1.2571567709950773,8.53079931238226,9.787956083377338,0.5668615053569999,-0.6427022135081321,-0.46178745777676644,0.06730461925082945,0.794211797637954,0.5290920770275959,0.019444444444444445,0.9999999999628693,0.06260050133803893,8,48.0,0.9658730158730159,0.038738777339256444,0.8805555555555555,1.0055555555555555,0.04010752620947217,0.04775031510464189,0.16666666666666666,6.52338967828303,1.1848518120177625,2.8125,0.9448806916821112,0.2911682048062806,0.3674678334241501,0.1621561032389721,3.936852234845388,0.3906890260912292,0.29216029406536803,0.25253320141027474,0.062416928601860495,0.0021833022630160237,1.7247568251367608e-05,NSR,106m (3).mat
0.0,0.9999999999758657,0.9999999999517316,3.5266869228374085,15.387216210473515,0.9999999999758657,-1.1906100776953004,7.197998884220547,8.388608961915846,0.5760032808563937,-0.7258063352482735,-0.47782291123177856,0.1414556803897276,0.6665631629596512,0.6192785916215062,0.021388888888888888,0.9999999999517316,0.05951098682519628,12,72.0,0.8267676767676767,0.04687592464142628,0.7416666666666667,0.8916666666666667,0.05669781959545654,0.03482761781923885,0.1,5.574878497544795,0.6299852332525298,2.8125,0.8517939634981534,0.2905212651332071,0.3271046425364013,0.1188552049670173,3.8431160565751403,0.5916993603006513,0.226352980960847,0.12962341384842926,0.05106212814300688,0.001252270449174037,9.84629789113023e-06,NSR,106m (4).mat
0.0,0.9999999999734092,0.9999999999468183,3.402605079105657,14.798227963209172,0.9999999999734092,-1.1758232480476156,6.288805559577968,7.464628807625584,0.6055366307680178,-0.7110153392654046,-0.5241055719299892,0.12521613900860507,0.952717817255751,0.6493217109385943,0.01972222222222222,0.9999999999468183,0.05787294187774626,10,60.0,0.9682098765432099,0.0512382863443139,0.9111111111111111,1.0888888888888888,0.05292063996943391,0.05230047328822976,0.25,5.941692272349686,0.2258926593431434,2.8125,1.0103725364016645,0.40827497410841207,0.3508722470992885,0.11701034940857956,3.6942629009427312,0.5166266205149431,0.2798394085448628,0.15834398842913455,0.04379470187615566,0.0013841160957246011,1.1164539179071352e-05,NSR,106m (5).mat
1.578983857244667e-17,0.9999999999865841,0.9999999999731682,1.1151080868418513,11.741368769766652,0.9999999999865841,-6.487948677730149,6.08528085932181,12.573229537051958,0.5802325279955536,-0.608914437190088,-0.3585353347120377,0.1579025779020823,0.9441330502992938,0.51643791261412,0.018333333333333333,0.9999999999731682,0.053226537913026846,11,66.0,0.9613888888888888,0.05392681941160491,0.8305555555555556,1.0305555555555554,0.056092617648033596,0.047122261666664673,0.1111111111111111,4.406253925287792,1.9419166231412155,2.8125,0.6721252086455859,0.2227568698596003,0.24684230644077898,0.12354770564939654,4.037409446617176,0.6033125384881444,0.15234712346045576,0.18631761122870497,0.05576605356965676,0.0022421534363284267,1.4519816709633476e-05,NSR,106m (6).mat
6.908054375445418e-18,0.9999999999790878,0.9999999999581758,3.618980427616165,16.32571839213292,0.9999999999790878,-1.240736422123963,6.70978235405568,7.950518776179642,0.588746135478803,-0.6498090474297119,-0.4817871903793863,0.08285078657011506,0.8827596535285235,0.5646379769495014,0.019444444444444445,0.9999999999581758,0.06265031798421634,11,66.0,0.9369444444444444,0.04925447275547422,0.8722222222222222,1.0305555555555554,0.05256925636835395,0.04776377917232938,0.3333333333333333,5.921509883796577,0.5505415314815799,2.8125,0.9504306187534947,0.31981322869101114,0.36077520787491324,0.14441672009718629,3.8603057006231203,0.4773408000998503,0.2589819667300055,0.19973463538416883,0.062079736486702744,0.0018481654850353436,1.469581423708021e-05,NSR,106m (7).mat
7.894919286223335e-18,0.9999999999812079,0.9999999999624158,2.9491530803310915,10.767007580304998,0.9999999999812079,-1.467066362851965,5.971378212504994,7.438444575356959,0.6418804929698392,-0.6350741273164596,-0.4830710939128243,0.04746265805470917,1.3009455969433523,0.5305337519675335,0.016944444444444446,0.9999999999624158,0.05483178113519372,10,60.0,1.0234567901234568,0.050784502470789354,0.9277777777777778,1.0972222222222223,0.049620563282444775,0.04050462936504918,0.125,5.480914112302237,0.26344858581673236,2.8125,1.020157291164292,0.3915138480664318,0.3611320242980749,0.13063405049932664,3.749927263841468,0.5460350033786574,0.24560174108474234,0.17522900710659448,0.031947465794759676,0.0011773253607551305,9.45727449081421e-06,NSR,106m (8).mat
1.578983857244667e-17,0.9999999999893525,0.999999999978705,0.5318456891755226,10.595858418144045,0.9999999999893525,-5.330436811319667,5.380330565649951,10.710767376969617,0.5446611024297655,-0.5539337162647748,-0.3167946802894219,0.26160878838474966,0.7373075671671744,0.5784034686741716,0.03166666666666667,0.999999999978705,0.0686680500095587,13,78.0,0.8182870370370371,0.048808571616441636,0.7333333333333333,0.8944444444444445,0.05964725010618154,0.0425578104210484,0.2727272727272727,4.370770183320048,1.2985092428042535,2.8125,0.6003517764446817,0.1643382180049474,0.22697529148469325,0.13765764556824162,4.119563576572081,0.5966223912554353,0.14682878929679724,0.22798116004664296,0.026230224016377212,0.0023165937709873382,2.0841613759670534e-05,NSR,106m (9).mat
-2.565848768022584e-17,0.9999999999644725,0.9999999999289452,-2.2229948399908603,7.277707214203945,0.9999999999644725,-5.329736320950343,2.0982644348909405,7.428000755841284,0.591421497195444,-0.4670266391518825,-0.2220520420930276,0.44789495517145395,1.024067922630182,0.6699469972644816,0.02638888888888889,0.9999999999289452,0.05319000863236053,10,60.0,1.0753086419753086,0.03303478558088804,1.011111111111111,1.1194444444444445,0.030721212738961116,0.04530418452861139,0.25,0.2281783497029088,0.4053163182181032,1.40625,0.8812153666321932,0.5741388920468408,0.23649895460119152,0.012586769469960703,2.855201023855927,0.7100441086420525,0.22932465199234017,0.05394108155758398,0.0062624654787060635,0.0004227671350529555,4.925194264004393e-06,NSR,108m (0).mat
9.86864910777917e-18,0.9999999999684873,0.9999999999369747,-1.780800089353709,4.660752088481383,0.9999999999684873,-4.641616266089972,1.8748382858912442,6.516454551981217,0.6624231355631608,-0.9206888705687306,-0.27942140964115236,0.5484134263380125,1.0825184847004663,0.8278348359791649,0.01972222222222222,0.9999999999369747,0.05202108891693874,11,66.0,0.9738888888888889,0.05635809230182687,0.8444444444444444,1.0472222222222223,0.05786911924650539,0.08086360851731578,0.6666666666666666,0.3108063487437576,0.4738767782337318,1.40625,0.9515219013357009,0.6589794218112803,0.21324874338880756,0.012477607299076082,2.7349655193760656,0.7580458932031662,0.19924857125686732,0.03600341574158193,0.006155690479850535,0.0005400877809510357,6.341537582760444e-06,NSR,108m (1).mat
5.921189464667502e-18,0.9999999999675222,0.9999999999350444,1.4360239286740737,7.0713479144170766,0.9999999999675222,-3.6144905056829506,5.208655979159238,8.823146484842189,0.5900877058488926,-0.8125744600020737,-0.3744543314734353,0.2178301855864354,0.7840116073371415,0.5922845170598707,0.03361111111111111,0.9999999999350444,0.07196852991694222,10,60.0,1.0879629629629628,0.1178874983918647,0.9472222222222222,1.3388888888888888,0.10835616863505466,0.10964307975550301,0.75,3.804113063786743,0.9057239228389852,5.625,0.7522153913121002,0.20874903617322293,0.3839560560317583,0.04441865614297811,3.6370222430938237,0.5179684545265331,0.3491164216845292,0.10260850368542127,0.02889370626049524,0.0013990263584001599,1.3887484620782614e-05,NSR,108m (10).mat
-1.1842378929335004e-17,0.9999999999707734,0.9999999999415469,2.2047077946811786,6.910432778913769,0.9999999999707734,-2.5332888678418124,4.827626076836614,7.360914944678426,0.5841953402894755,-0.8158801144589999,-0.5003511782724455,0.11317069966273913,0.9562821735174939,0.6135218779351845,0.020277777777777777,0.9999999999415469,0.052152803998281996,9,54.0,1.0694444444444444,0.030587104924368433,1.0194444444444444,1.1111111111111112,0.028600929253185196,0.042061620203932934,0.14285714285714285,4.397694985128097,0.22622313526840493,5.625,0.8220060942252756,0.31865506831348306,0.34250128841300487,0.033779698233315246,3.467160048369319,0.4839416619315346,0.3463267251686284,0.1521972426811954,0.01696947851130077,0.0005599289559157244,4.96275142478116e-06,NSR,108m (11).mat
-2.565848768022584e-17,0.9999999999723604,0.999999999944721,1.9336770919426722,6.78740372210123,0.9999999999723604,-3.1328338905613604,4.78834277250222,7.92117666306358,0.5945595908017508,-0.9092271024201258,-0.4560139111959527,0.1600712976980963,0.7434614649004663,0.6160852088940489,0.020555555555555556,0.999999999944721,0.054077196213804725,9,54.0,1.0753472222222222,0.08259437993727071,1.0027777777777778,1.2361111111111112,0.07680717274721827,0.09162456945817023,0.42857142857142855,4.467768018892943,0.3414951293038436,5.625,1.0080336056020072,0.34534384916334326,0.454243046505375,0.052343322304032464,3.5563817651198493,0.5167986968349166,0.27868381260264674,0.18486122816076753,0.01886794200757004,0.0007819655718618331,6.354822237000475e-06,NSR,108m (12).mat
-1.3816108750890837e-17,0.9999999999729476,0.9999999999458953,1.8767596543623866,6.393027046799364,0.9999999999729476,-3.222000073273435,4.998274006427241,8.220274079700676,0.6004439351568156,-0.86364336336906,-0.4603385046392747,0.21233038518727362,0.8038034635841714,0.6726688898265484,0.028333333333333332,0.9999999999458953,0.06197365252818078,9,54.0,1.0538194444444444,0.05192916999132238,0.9805555555555555,1.1611111111111112,0.04927710360233621,0.0567529688289474,0.42857142857142855,4.364792721924609,0.3066927114917144,1.40625,0.8987923443972325,0.3153524012016351,0.4030012717664955,0.05034810713199629,3.6051442285922484,0.4538156139687683,0.3645857887294365,0.15338453500918092,0.02706706802474567,0.0011359811000868814,1.1013167781534207e-05,NSR,108m (13).mat
5.921189464667502e-18,0.9999999999737352,0.9999999999474706,2.2459884330432582,7.043434721382656,0.9999999999737352,-2.5056899988176475,5.152001547641456,7.6576915464591035,0.5883031254024608,-0.8152768896788786,-0.47167276130517805,0.1273805134328145,0.8388439988968163,0.5990532747379925,0.03166666666666667,0.9999999999474706,0.06117563701471225,10,60.0,1.0348765432098765,0.03600676069898733,0.9861111111111112,1.0888888888888888,0.03479329094899752,0.05006746991021086,0.25,4.25032572256726,0.5030572201537025,5.625,1.008983518669568,0.34515442469357827,0.4483041255216537,0.04239217508358219,3.4851699253701804,0.5877492807108495,0.2626965272333775,0.129332629215698,0.01938180690980129,0.0008310653656061231,8.690564667101175e-06,NSR,108m (14).mat
-3.20731096002823e-18,0.9999999999686834,0.9999999999373668,1.4655707345192202,4.708450794533571,0.9999999999686834,-3.001844108027981,4.412397847903673,7.414241955931654,0.6426926180532324,-0.8667088586129649,-0.5044335007578362,0.2942090330160193,0.9584380482078041,0.7986425337738555,0.0225,0.9999999999373668,0.059921219967892736,10,60.0,0.9604938271604938,0.042305347384396126,0.8888888888888888,1.0222222222222221,0.04404541304072504,0.05861374401669219,0.5,3.884453251049443,0.4032770579427609,2.8125,1.0009396630525227,0.363328387471772,0.4348857976086646,0.05342031381822496,3.5761919236373108,0.529583853639431,0.27347906264200444,0.16536180299214065,0.030713729056920807,0.0008537701028817909,7.781566621153467e-06,NSR,108m (15).mat
-6.908054375445418e-18,0.999999999973405,0.9999999999468102,2.6929510384237125,9.24731576057462,0.999999999973405,-2.1174777504148543,5.345137486735613,7.462615237150468,0.5582650595213328,-0.8327759376008825,-0.45512542880252826,0.07970029488572879,0.7362738547775041,0.5348257236882571,0.03,0.9999999999468102,0.05305900763942202,9,54.0,1.073611111111111,0.07845685690277002,1.0055555555555555,1.2638888888888888,0.07307753805611718,0.07729441640739738,0.42857142857142855,4.576204673993154,0.6044907746344402,2.8125,0.8860461439553123,0.34220233859191107,0.36920438723673166,0.03179372808642931,3.4312512610814654,0.546526115955688,0.316149851520132,0.12062937847662321,0.016031552729592138,0.0006567701229345509,6.3311950299308826e-06,NSR,108m (16).mat
2.1711028037114173e-17,0.9999999999686522,0.9999999999373045,1.5400421351058322,4.438362429782261,0.9999999999686522,-2.9921026922806475,4.443906444861579,7.436009137142227,0.65238566129952,-0.819754558093814,-0.5178762450007208,0.2524594262208577,1.0294438324056379,0.7703356712215785,0.027777777777777776,0.9999999999373045,0.06751312038952267,11,66.0,0.9036111111111109,0.04340894400642668,0.8333333333333334,0.9611111111111111,0.04803940923768651,0.036629704527504595,0.2222222222222222,3.740227563033156,0.46322522721702164,5.625,0.9391678631286524,0.30112381080905026,0.4391584501175958,0.04950075448721366,3.5646601151921486,0.48970291306859237,0.3481895349796798,0.1347399624044465,0.02599405859945574,0.0013619511813200117,1.1579766505184091e-05,NSR,108m (17).mat
-5.921189464667502e-18,0.9999999999718175,0.9999999999436351,1.0971824385231328,3.921668658599189,0.9999999999718175,-3.3596382615576577,4.409864921671576,7.769503183229234,0.6505591632913152,-0.8945600248545618,-0.5192158588283264,0.2857680178897934,1.1399283520497865,0.8049838767181199,0.029444444444444443,0.9999999999436351,0.07204395193488336,11,66.0,0.9147222222222222,0.023702437755546472,0.875,0.95,0.025912170005066352,0.03281489841975803,0.2222222222222222,3.6648039102760355,0.4678725069765776,5.625,1.012574316862401,0.3353599230568449,0.45976450563335297,0.06743477104534183,3.6407327017022846,0.4879830664124238,0.33570643087304725,0.14516821233274954,0.030023564935554956,0.0011071815708112325,1.154387541306028e-05,NSR,108m (18).mat
1.6776703483224588e-17,0.9999999999722726,0.9999999999445454,1.3567336774920546,4.4729691458454335,0.9999999999722726,-3.058965971071122,4.2954375206060575,7.354403491677179,0.632513707474625,-0.9341420640757762,-0.4908044267863969,0.2820468501378773,1.0923786008925407,0.7728512769242741,0.022222222222222223,0.9999999999445454,0.05637525315504782,10,60.0,0.9685185185185186,0.056640637933989345,0.8861111111111111,1.0555555555555556,0.05848172935520863,0.0894567365604703,0.625,3.856827771912811,0.38458493394733306,5.625,1.0088677867806313,0.36576141439124804,0.4400056279481734,0.0530137748322161,3.5423596037757705,0.5320883034031751,0.28749034348962227,0.15802631350342705,0.021743239197441568,0.0006461054848400672,5.694921493560891e-06,NSR,108m (19).mat
0.0,0.9999999999680599,0.9999999999361199,-2.061842381043604,5.977090531577996,0.9999999999680599,-4.715404915315269,2.130056390148678,6.845461305463948,0.6111131538521077,-0.6650111302983991,-0.1998511980361739,0.4755758316420104,1.0503340790289413,0.6754270296781844,0.026944444444444444,0.9999999999361199,0.05274092320627744,10,60.0,1.0827160493827162,0.060174896239869345,1.0361111111111112,1.2416666666666667,0.05557772623634687,0.09054447785003675,0.375,0.23478479130388846,0.321850455859528,1.40625,0.8420849667561721,0.6045526029330565,0.17685454708289616,0.011731609780115452,2.6090812259419054,0.7596052789732357,0.18077100270055343,0.05226545209187529,0.006823055958390991,0.0005293410610357016,5.869214908710953e-06,NSR,108m (2).mat
-7.894919286223335e-18,0.9999999999717388,0.9999999999434777,1.2112852025873253,4.540153316259663,0.9999999999717388,-3.3091704406141282,4.702664412138579,8.011834852752706,0.6333187706886937,-0.8627195204928036,-0.49495502636030214,0.26737195217820503,0.9955742944313127,0.7623269785385072,0.024722222222222222,0.9999999999434777,0.06446252709831367,11,66.0,0.9811111111111112,0.05121667841775908,0.9138888888888889,1.0694444444444444,0.05220272993091814,0.08260484048033685,0.6666666666666666,3.7490435978774443,0.45853457660508107,5.625,0.8849721102144686,0.2907171200944556,0.4084682303275732,0.0555550678585795,3.628305634171209,0.5020940178132332,0.2899685083053842,0.18284535881592867,0.02420106973858725,0.0008831303701565007,7.91495670987849e-06,NSR,108m (20).mat
7.894919286223335e-18,0.9999999999647204,0.999999999929441,-2.115943688456556,6.914529225741514,0.9999999999647204,-5.1789713711082435,2.04523277766827,7.224204148776513,0.594757018098603,-0.4750408311763709,-0.2129016559278801,0.4463763179184264,1.1020314513046254,0.6592779738463065,0.029722222222222223,0.999999999929441,0.052901624741266695,9,54.0,1.0854166666666667,0.08545617875644994,0.9111111111111111,1.1805555555555556,0.07873122027889631,0.09181085341196221,0.5714285714285714,0.17875923364544827,0.26060653398088857,1.40625,0.9152090563684547,0.6220076191914858,0.22063337907065306,0.012171283094766998,2.759128651717887,0.7442659815388087,0.20797287135421763,0.04030745000075672,0.006969396732989808,0.0004784613194653868,5.839053761491698e-06,NSR,108m (3).mat
1.4802973661668754e-17,0.9999999999624514,0.9999999999249028,-2.0382303904940877,6.918788684260544,0.9999999999624514,-4.885039627836292,1.8585735132577295,6.743613141094022,0.6037484883172601,-0.4549327549804321,-0.2671155628239453,0.4578340329472141,1.12830883391021,0.7249495957711594,0.0275,0.9999999999249028,0.05482254866636434,9,54.0,1.048263888888889,0.0767031100480899,0.9555555555555556,1.2194444444444446,0.07317156566007443,0.12182475052824795,0.7142857142857143,0.32844064912423565,0.1891809072699427,1.40625,0.9652374526052054,0.6616909446628092,0.22588308681966687,0.014638877748402319,2.729292824832674,0.7425217743163586,0.19252533881383557,0.057042406870041036,0.007316230961248924,0.0005870981371814203,7.15090133413049e-06,NSR,108m (4).mat
-1.578983857244667e-17,0.9999999999613753,0.9999999999227508,-2.1399439050810405,7.37077644465624,0.9999999999613753,-4.881518492387305,2.1197568389536654,7.00127533134097,0.6044898857878437,-0.5187833857419641,-0.25998602133979754,0.4376178052189459,1.0844097251473515,0.6976038265587434,0.025555555555555557,0.9999999999227508,0.053117459571810806,9,54.0,1.098263888888889,0.129464542282176,0.9416666666666667,1.3694444444444445,0.11788108802819136,0.14270549711390093,0.7142857142857143,0.3015280467301893,0.21863608911377297,1.40625,1.0347381207204456,0.6497458672285741,0.28946569083875784,0.014446712021341896,2.934756873617098,0.719154231336973,0.2047373915494382,0.06841419290963124,0.007177566278365014,0.0005107660723295218,5.851853262787948e-06,NSR,108m (5).mat
-1.1842378929335004e-17,0.9999999999591008,0.9999999999182018,-2.1267756984841015,7.661176429757196,0.9999999999591008,-5.226312308346027,2.226148167469784,7.452460475815811,0.6156668853270143,-0.5542885626992619,-0.2811672301415866,0.486034620361505,1.017003227119739,0.7672018505030916,0.03,0.9999999999182018,0.06566516042761134,9,54.0,1.0635416666666666,0.027653803206613776,1.0166666666666666,1.0916666666666666,0.026001617094405162,0.03723821025977173,0.14285714285714285,0.6020984743697972,0.2523071680095674,1.40625,0.90663022164629,0.5419770498061909,0.28387125224496873,0.022180280448255242,2.9909675000732676,0.654229950793997,0.26497374477693275,0.06760044078471084,0.012029945555047949,0.001154032367161716,1.1885722149428247e-05,NSR,108m (6).mat
2.3684757858670008e-17,0.9999999999614579,0.999999999922916,-2.0826153152719016,7.301328140292959,0.9999999999614579,-4.946643545184829,2.0211621436777922,6.9678056888626205,0.607487224661856,-0.5834802530366565,-0.27364267813206283,0.46830280024767723,1.0916138993776288,0.7419454783797401,0.0225,0.999999999922916,0.05453492247887854,9,54.0,1.1364583333333333,0.10814118911130675,0.9888888888888889,1.3527777777777779,0.09515631664115895,0.11867136308404716,0.7142857142857143,0.3426155591595628,0.1929102316540581,1.40625,1.0250345671947718,0.6356703334649974,0.2927329587880637,0.014902591567932782,2.9560247248304923,0.7086729535962853,0.2148694961216671,0.06768709138730075,0.00821562982734355,0.0005480974744673468,6.731592935633075e-06,NSR,108m (7).mat
1.973729821555834e-18,0.9999999999675241,0.9999999999350483,1.745329314704844,6.171359246628349,0.9999999999675241,-3.3475105470485227,4.653833065491084,8.001343612539607,0.5962391873535052,-0.8229574608697603,-0.4412662329507163,0.15833733150037038,0.9166671587818435,0.5996035644510866,0.023055555555555555,0.9999999999350483,0.05742508658140112,9,54.0,1.0534722222222221,0.029092166757852003,1.0222222222222221,1.1055555555555556,0.027615504345115727,0.029246866305854463,0.14285714285714285,4.27897782631539,0.2256591450924695,2.8125,1.1082746967395587,0.3596752172948454,0.5309991846257549,0.05626878241140078,3.570845379869617,0.49322333843438626,0.3136332797446791,0.1681277805093451,0.024137919611287476,0.0008699862249977949,7.695475303952653e-06,NSR,108m (8).mat
2.960594732333751e-17,0.9999999999693377,0.9999999999386755,1.4795689028385703,6.652376649437439,0.9999999999693377,-3.3756305210922544,6.221895781015303,9.597526302107557,0.6233794692561399,-0.8925074921426236,-0.38734036612777345,0.27307426631723325,0.909528007856655,0.6604146324450066,0.03166666666666667,0.9999999999386755,0.06546841174682068,10,60.0,1.0725308641975309,0.057978705181595536,0.9777777777777777,1.1583333333333334,0.05405784305416464,0.07525035375824318,0.625,3.5271478678849606,1.2420159538689397,1.40625,0.7559304384482561,0.2579641081219415,0.35720635562983205,0.03987989094655457,3.6310010463322624,0.5889095752717741,0.2386864879999148,0.15217960926875876,0.01897313335707765,0.00123882813738576,1.2365965088661941e-05,NSR,108m (9).mat
4.934324553889585e-18,0.9999999999721999,0.9999999999443998,1.4959327524120543,4.805400945843497,0.9999999999721999,-2.163931660114714,4.822209724814659,6.986141384929373,0.7325578411426672,-1.1355729901283182,-0.7718716126578818,0.5027574963729162,0.8120551031970988,1.2746291090307982,0.022222222222222223,0.9999999999443998,0.07436056437579461,14,84.0,0.6952991452991454,0.01900868920195232,0.6611111111111111,0.7305555555555555,0.027338864578116462,0.028978671026905222,0.0,4.461107621465595,0.20240364373052389,1.40625,1.027184751048376,0.41372405127079165,0.35120828222875533,0.15385409855506024,3.82631210312323,0.48623763503661854,0.22641106375812184,0.23867148398225382,0.047092213655070644,0.0015755329397235597,1.2070628211443216e-05,NSR,112m (0).mat
-2.7632217501781673e-17,0.9999999999723372,0.9999999999446745,1.4648012769152767,4.60869049617671,0.9999999999723372,-1.9518809763163767,5.045501666150879,6.997382642467256,0.7305888713398938,-1.1863011374347867,-0.7654307989282407,0.484429220386554,0.8170188969127714,1.2498600193147946,0.02,0.9999999999446745,0.07327647260402469,14,84.0,0.7104700854700854,0.010849147243406918,0.6944444444444444,0.7305555555555555,0.015270378654941056,0.017677669529663653,0.0,4.4201222417441866,0.28484391213532534,1.40625,0.8561059975148921,0.4028730360222833,0.26141939469367226,0.10528202286194113,3.6560374301521663,0.5569610855119574,0.13992618555474662,0.2541960731649871,0.04727929989456569,0.0016248529394512735,1.2502934291616218e-05,NSR,112m (1).mat
-3.947459643111668e-18,0.9999999999742271,0.9999999999484541,1.4566983750747116,4.576361899254794,0.9999999999742271,-2.3528084382937133,4.801122611692535,7.153931049986248,0.7418487146442047,-1.1131281651250684,-0.7818316346793742,0.5267317094714475,0.7973392254058899,1.3085633441508218,0.01861111111111111,0.9999999999484541,0.07400308929124921,14,84.0,0.6826923076923078,0.008994685974294493,0.6722222222222223,0.6972222222222222,0.013175314647273161,0.011812361872382434,0.0,4.3975838289807045,0.20658163636477164,1.40625,0.9971399414699906,0.4249801196780301,0.3294071005264628,0.14277361681154316,3.776100823983399,0.5148381597269519,0.21572962497323434,0.2247157258263297,0.04331830074145819,0.0013880368780261362,1.0151853999442306e-05,NSR,112m (10).mat
1.6776703483224588e-17,0.9999999999727304,0.9999999999454607,1.4397633292592402,4.509737420002353,0.9999999999727304,-2.0677144686703453,4.911178520804504,6.978892989474849,0.7357784390519757,-1.1689756055978402,-0.7699692962791583,0.5087373938405577,0.7990192405620122,1.2787066901197162,0.02,0.9999999999454607,0.07216370944179262,14,84.0,0.6946581196581196,0.011028622137234134,0.6777777777777778,0.7194444444444444,0.015876330829884502,0.018582066889249512,0.0,4.36308598323542,0.26449797954833715,1.40625,0.9569149000815032,0.44646994187491723,0.3043416003004903,0.1160084516496466,3.651830066847714,0.5236220145645447,0.2205860958206365,0.2095569360658559,0.04496345266285824,0.0012619431381075872,9.557747996733586e-06,NSR,112m (11).mat
-1.7763568394002505e-17,0.9999999999741702,0.9999999999483404,1.4532966120007582,4.622757403177744,0.9999999999741702,-2.370822344463544,4.826576551615799,7.197398896079342,0.7384392765254498,-1.1217464227478153,-0.7715675258858401,0.5167351118209041,0.790482502715815,1.2883026377067441,0.021111111111111112,0.9999999999483404,0.07361180094803262,14,84.0,0.7012820512820512,0.011036898777901675,0.6833333333333333,0.725,0.01573817373763717,0.019328357171433427,0.0,4.40078418176134,0.2497372125641454,1.40625,0.9197361849997356,0.41263098232742335,0.2953924104263351,0.12012712009292706,3.7160646995206847,0.5007148297893084,0.21693039580820273,0.2295354206346886,0.05146110280937851,0.0013483312469428038,9.919711478707251e-06,NSR,112m (12).mat
-4.7369515717340015e-17,0.9999999999782085,0.9999999999564171,0.2776927985607933,5.065411637199896,0.9999999999782085,-4.539504746939081,5.5879445970164845,10.127449343955565,0.6874058881869557,-0.9367849155329818,-0.5339632555938957,0.48436698564646635,0.7459965313849716,1.018330241240362,0.01638888888888889,0.9999999999564171,0.06212285203699379,15,90.0,0.7123015873015872,0.013143250128316816,0.675,0.7361111111111112,0.018451805168167038,0.013520762409877221,0.0,3.6034726715725847,1.09649569176556,1.40625,0.7397836064107115,0.29871212872323005,0.25285406505441577,0.10433884660724964,3.780199698185911,0.6631892240401993,0.1604331370236546,0.14363028272375636,0.03167787169337741,0.0010622544170155012,7.230101996568828e-06,NSR,112m (13).mat
-9.86864910777917e-18,0.9999999999739845,0.999999999947969,0.6894235269751998,3.8979029077448892,0.9999999999739845,-4.339412661950325,4.953195590702001,9.292608252652325,0.7257141815027421,-1.0982877296598794,-0.6959954572094138,0.49420660375626757,0.7981302095264353,1.1902020609656814,0.020277777777777777,0.999999999947969,0.06902757640368043,14,84.0,0.710042735042735,0.013189144753855523,0.6861111111111111,0.7277777777777777,0.018575142148995544,0.02047531887731109,0.0,3.956793038334708,0.39747441783531556,1.40625,0.8346589953573518,0.34542590600019996,0.2774824628186006,0.11935254521156724,3.803332048656145,0.6151596910136389,0.18945594917248149,0.1566513506383066,0.037438778787847134,0.0012847292492934273,9.50113843213727e-06,NSR,112m (14).mat
1.1842378929335004e-17,0.9999999999725734,0.9999999999451469,1.4313519382563726,4.2388753548111335,0.9999999999725734,-2.086742221535447,4.895751948707457,6.982494170242904,0.7379292167096535,-1.0750241647031336,-0.8029269414940517,0.48712711126837005,0.8418831532416552,1.2900540527624218,0.019444444444444445,0.9999999999451469,0.07534219868882037,14,84.0,0.6993589743589742,0.006178133459316661,0.6888888888888889,0.7111111111111111,0.008833994667967884,0.00928237854433495,0.0,4.324632817329869,0.22684439188966746,1.40625,1.0694587557426356,0.35705877928997143,0.4201262648171252,0.163636844817232,3.8804994251754126,0.490499905749824,0.24908277305350784,0.20705948187171427,0.052123423647509486,0.0012253625605909162,9.053116853326694e-06,NSR,112m (15).mat
-1.1842378929335004e-17,0.9999999999735621,0.9999999999471244,1.5308835725501215,4.8805845318518175,0.9999999999735621,-2.2672392217933064,5.10407831020057,7.371317531993876,0.7285946447911161,-1.1357664782992876,-0.7563868623515921,0.4982911013226079,0.7880290862971727,1.2546779636742,0.02,0.9999999999471244,0.07325559896393746,14,84.0,0.6967948717948717,0.0072145055624504755,0.6833333333333333,0.7111111111111111,0.010353844214600503,0.010516496936667171,0.0,4.436659046574742,0.2710175833007744,1.40625,0.90455709221326,0.4180601785283036,0.28323191651947915,0.11678291566790018,3.6483451415253048,0.5247555243246618,0.20547634290043262,0.20964501932328092,0.05867201025289672,0.0014401446914763536,1.095850725155548e-05,NSR,112m (16).mat
7.894919286223335e-18,0.9999999999717675,0.9999999999435351,1.5020409618736816,4.790778590713244,0.9999999999717675,-2.190782621166152,4.760749002144932,6.951531623311084,0.7299822617291777,-1.1109614797258094,-0.7731242253924842,0.48721431063230175,0.8090222805253796,1.2603385360247858,0.022222222222222223,0.9999999999435351,0.07622287139092845,14,84.0,0.7036324786324785,0.012488580509574751,0.6833333333333333,0.7305555555555555,0.017748726602412942,0.014299486306926385,0.0,4.439601263693355,0.13698639401855334,1.40625,0.8745331642779128,0.4043924489050081,0.27972457838869,0.10391801207414138,3.63791316633384,0.4885552131990141,0.2559825160138162,0.21104501371537152,0.04308465012064409,0.0013226506800432837,9.956271110639908e-06,NSR,112m (17).mat
1.578983857244667e-17,0.9999999999727447,0.9999999999454894,1.5327290944229912,4.7133048702857705,0.9999999999727447,-1.858222931448737,5.533513277756586,7.391736209205323,0.7263509285275808,-1.139178678061514,-0.7721655284578984,0.480391782587153,0.801214128563133,1.2525573110450514,0.021944444444444444,0.9999999999454894,0.0744349708979276,15,90.0,0.6932539682539682,0.01124494231373394,0.6694444444444444,0.7111111111111111,0.01622052352016818,0.017618813867263293,0.0,4.251972604435271,0.3850525189488809,1.40625,0.9295573484468508,0.3966480045000864,0.3153940716723867,0.1185017896214851,3.735620030058997,0.5324380191850382,0.22953490351841419,0.20519996710129224,0.031673437223093515,0.0011451768236932576,8.496148468149512e-06,NSR,112m (2).mat
4.934324553889585e-19,0.9999999999728117,0.9999999999456236,1.6524059783738305,5.381475671138432,0.9999999999728117,-2.034655924737751,4.89320641452803,6.927862339265781,0.7248098776282755,-1.1061839323004872,-0.7671023341112946,0.495472967684746,0.8162590718069882,1.2625753017960406,0.021944444444444444,0.9999999999456236,0.07538342749110363,14,84.0,0.7017094017094018,0.012916308768980695,0.675,0.725,0.01840691990033047,0.022106178493172805,0.0,4.560233784357913,0.19890657755341692,1.40625,0.9061352655544831,0.4035027262254461,0.29038797416354756,0.12566129854192287,3.714257121681678,0.4916085971437698,0.24571243140146595,0.21328280032780772,0.047787779199853324,0.0015962878727949763,1.210405430788948e-05,NSR,112m (3).mat
7.894919286223335e-18,0.9999999999721044,0.9999999999442089,1.3616203868444021,3.8168196198441766,0.9999999999721044,-1.8165274845413124,4.6015543499781115,6.418081834519424,0.7474086651906482,-1.1483480310550176,-0.7905366943491026,0.5058528211947444,0.8357641206027746,1.296389515543847,0.02,0.9999999999442089,0.0732071912892774,14,84.0,0.704059829059829,0.01789011597344827,0.6805555555555556,0.7416666666666667,0.025409937067320004,0.03136552719621171,0.16666666666666666,4.280392295716985,0.14481531508076942,1.40625,1.0098411981305935,0.3954646619880249,0.35741091342788733,0.13872407817872398,3.8096197247220553,0.5159752793417363,0.2427345781916415,0.17983508765443104,0.06011907638178433,0.0013258983471600874,1.0080083246468892e-05,NSR,112m (4).mat
7.894919286223335e-18,0.9999999999782504,0.9999999999565008,0.2346915642615688,4.378774846242652,0.9999999999782504,-4.380214332211111,4.305085551096327,8.685299883307437,0.6978057258213033,-0.9839475791515482,-0.5576174123251545,0.49624061825854315,0.7623169962949604,1.0538580305836978,0.015833333333333335,0.9999999999565008,0.07137383257247708,15,90.0,0.6988095238095237,0.013101249221602523,0.6777777777777778,0.7166666666666667,0.018747954566265487,0.024216105241892636,0.0,3.6274618066523363,0.970160192882038,1.40625,0.7517427414247358,0.29804773324434397,0.2577846838474771,0.12063936051249602,3.8274744731157346,0.5962372861503699,0.16311182971462224,0.19320899785334328,0.04615686140562146,0.0012750933741313836,9.931501911481988e-06,NSR,112m (5).mat
1.1842378929335004e-17,0.9999999999745444,0.9999999999490887,1.045819977802024,3.9875778711950094,0.9999999999745444,-3.677839825792551,4.83372939106747,8.511569216860021,0.7266315955914314,-1.1313956917166599,-0.7066375055425748,0.49007180895331237,0.8057263449038764,1.1967093144958871,0.021388888888888888,0.9999999999490887,0.07050722502599832,14,84.0,0.7042735042735042,0.012113707506887497,0.6833333333333333,0.725,0.01720028854725004,0.015065870458586114,0.0,4.14188905241261,0.33351900063411327,1.40625,0.9298876245835679,0.3732958531531519,0.32296153885863377,0.13131507665328668,3.8064710643042927,0.5617852759785762,0.19920498131687642,0.19167851595170468,0.0459623275142993,0.0013596315547193638,9.267683823802884e-06,NSR,112m (6).mat
-1.1842378929335004e-17,0.9999999999747631,0.9999999999495262,1.6029511376745296,4.97364671336523,0.9999999999747631,-2.1123574813583854,4.71759871191082,6.829956193269205,0.7306214636752602,-1.1038930993385094,-0.7456309473387864,0.48515505030729944,0.7649159994945945,1.2307859976460858,0.0175,0.9999999999495262,0.07457798003083398,15,90.0,0.6918650793650792,0.008096113398056801,0.6777777777777778,0.7111111111111111,0.011701867355098617,0.013520762409877226,0.0,4.38680762748117,0.2351817284228993,1.40625,0.9733472350875056,0.4047425733193518,0.33436800815867307,0.13159686087890693,3.7830871805399675,0.4780349335220978,0.28881715070413544,0.18515952148189035,0.046638028050325665,0.0013403886237555876,9.977617795016262e-06,NSR,112m (7).mat
1.7763568394002505e-17,0.9999999999748213,0.9999999999496425,1.2506379736239195,4.020111372276642,0.9999999999748213,-2.7267653264136875,4.827322473285729,7.554087799699417,0.7382858993615425,-1.195976571933944,-0.7385427576746312,0.5116685095632665,0.8185365964570831,1.2502112672378978,0.018333333333333333,0.9999999999496425,0.08095154964096414,14,84.0,0.6914529914529915,0.007891532184880071,0.6833333333333333,0.7083333333333334,0.011412969892406066,0.00941990275434064,0.0,4.269293101230033,0.26851541650783645,1.40625,0.9931617852270469,0.39220660646158706,0.35173034503375417,0.14918908339570547,3.81922287597912,0.5027641498531091,0.2367277719891201,0.19406533274516216,0.06490365708822653,0.0015268811447361602,1.2207179645718767e-05,NSR,112m (8).mat
-3.947459643111668e-18,0.9999999999736559,0.9999999999473117,1.5198679760961258,4.747836394869097,0.9999999999736559,-2.204131295153492,4.850211597395688,7.0543428925491805,0.7269964561129146,-1.0969023960742774,-0.7611155716516484,0.47672371089881427,0.7851356147280975,1.2378392825504627,0.020833333333333332,0.9999999999473117,0.0770265030323136,15,90.0,0.6968253968253968,0.00784671425924015,0.6833333333333333,0.7111111111111111,0.011260660538102684,0.011835369593270275,0.0,4.344849509560449,0.23478350939528284,1.40625,1.0017040041938183,0.37294713441086874,0.36708404191573113,0.15265353405475407,3.845328595894827,0.43386131028939684,0.2930306976644812,0.22152672585638394,0.05022046489286762,0.0013507791984417568,1.0022098428412212e-05,NSR,112m (9).mat
1.973729821555834e-17,0.9999999999875074,0.9999999999750149,2.6480242398983753,8.252958145925087,0.9999999999875074,-1.399597677334784,5.841036092571563,7.2406337699063466,0.672134553948602,-0.5892126258086042,-0.5328362211121265,0.029321466918018874,1.4509133630763482,0.5621576880301453,0.011111111111111112,0.9999999999750149,0.05885127243471443,10,60.0,1.0280864197530866,0.08661683875893865,0.8916666666666667,1.2,0.08425054257159693,0.11128458680005623,0.75,5.471095399633143,0.20102271121351964,1.40625,0.844277447677466,0.3730640885635442,0.20830134169104084,0.16750090184311725,3.948509994659046,0.5712462828599087,0.14737465759741297,0.20755379172237987,0.07007378766616648,0.0037172787270681965,3.420142706358617e-05,NSR,113m (0).mat
5.921189464667502e-18,0.9999999999871417,0.9999999999742836,2.697522938961309,8.636200580649232,0.9999999999871417,-1.4914668905903792,5.761967844295015,7.253434734885394,0.6686627251353338,-0.5771837991288561,-0.5310515346230819,0.02920750208227262,1.427109341186089,0.5602590367053545,0.011111111111111112,0.9999999999742836,0.05874212863250212,10,60.0,1.041358024691358,0.060411887060046125,0.9444444444444444,1.136111111111111,0.05801260044060124,0.08317693657365473,0.375,5.545619966168132,0.17297646358064417,2.8125,0.9131661170592986,0.36910189522898607,0.23855857046476622,0.19560454049561368,4.015703116076385,0.5469263169035254,0.18853306670011827,0.1513149100308986,0.10911766970951506,0.004070484643966886,3.7552011975636034e-05,NSR,113m (1).mat
0.0,0.999999999986339,0.9999999999726782,2.852079251614031,9.889091764106567,0.999999999986339,-1.589927122150146,6.035061677954395,7.624988800104541,0.6427331675565894,-0.6014099984861156,-0.5334895270586673,0.03009119186103629,1.3282956138785342,0.5635807189197035,0.01138888888888889,0.9999999999726782,0.05998322497535396,10,60.0,1.021604938271605,0.06998894898288374,0.9111111111111111,1.1611111111111112,0.06850882008537,0.08323489556373685,0.5,5.736591571759329,0.2043892351568975,1.40625,0.8379099170043642,0.3491433031191236,0.21011308716270072,0.18484591632877234,4.031316625694719,0.5280504007394985,0.13027499223504221,0.28954540806113077,0.04752445155656213,0.004563310241573592,4.143716619234126e-05,NSR,113m (10).mat
-1.973729821555834e-17,0.999999999986534,0.999999999973068,2.645481295273365,8.444437811832737,0.999999999986534,-1.428488539957623,6.051620331375726,7.480108871333349,0.6709876984477503,-0.6049821272828115,-0.5476496999054477,0.04230484492711773,1.4469316585432885,0.5899545448325654,0.01138888888888889,0.999999999973068,0.05642955579651122,9,54.0,1.0232638888888888,0.06624486790045057,0.9111111111111111,1.1388888888888888,0.0647387917770105,0.1025093018534918,0.8571428571428571,5.636168009816463,0.2876604855569357,1.40625,0.8500719179108398,0.3905538885435986,0.19775740408849146,0.1677404952721361,3.9192608350642013,0.5940264369421642,0.1527601924677976,0.13201399154608326,0.11695652768022477,0.004204415922896743,3.84354408332212e-05,NSR,113m (2).mat
-9.86864910777917e-18,0.9999999999864997,0.9999999999729994,2.447757298392751,6.968497445518146,0.9999999999864997,-1.5834946784882113,5.80401397027664,7.387508648764851,0.6883568871848214,-0.6129556881382547,-0.5463458492395272,0.04174044047033207,1.5069785297556253,0.5880862897098593,0.010277777777777778,0.9999999999729994,0.0553650445967457,9,54.0,1.0454861111111111,0.06832341701987397,0.9027777777777778,1.125,0.06535086045467504,0.10212685337311718,0.7142857142857143,5.345588485723315,0.4434873848425816,1.40625,0.8665877971532556,0.39267405912165165,0.20330254612635726,0.17426838356808494,3.939350181626603,0.5960573842683465,0.1621749143228905,0.17055950660684477,0.06741608659033987,0.0037578456143438437,3.426259723438303e-05,NSR,113m (3).mat
1.7763568394002505e-17,0.9999999999864678,0.9999999999729358,2.7458006748968575,8.82320923768228,0.9999999999864678,-1.3983030505385308,5.922598266037147,7.320901316575678,0.6550402010921298,-0.6077864333260344,-0.5322566153836763,-0.02398951239271187,1.4067709519383194,0.5082671029909644,0.011111111111111112,0.9999999999729358,0.057713854732362395,10,60.0,1.0373456790123459,0.06876969865080464,0.9472222222222222,1.136111111111111,0.06629390759113797,0.09713289547169922,0.5,5.488302150887058,0.4490519716687141,2.8125,0.9803037712921705,0.40881007365982425,0.25284911878527294,0.20201004407551107,4.00744142868897,0.5431684309386745,0.19918700015277657,0.1598518867214389,0.09409237809392705,0.0036668069635047164,3.349712967798572e-05,NSR,113m (4).mat
-1.973729821555834e-17,0.999999999986,0.9999999999720001,2.7955528390611586,9.475602501254466,0.999999999986,-1.4389989610913436,6.2825037030581,7.721502664149444,0.6540586807759812,-0.5968064262186115,-0.5299329681237466,0.00289292427925399,1.3709590988294114,0.5328258924030006,0.010277777777777778,0.9999999999720001,0.05639901217245082,9,54.0,1.045486111111111,0.04641752068833334,0.9444444444444444,1.1,0.0443980270523194,0.06708696874700316,0.5714285714285714,5.745359260121706,0.37020103137956173,2.8125,0.9276415335772764,0.39398841289322817,0.23102646916088623,0.19606227790487427,4.00080666709357,0.5390386593158939,0.19778412476583548,0.16608654730715597,0.09306934359777376,0.003985513661478608,3.581135186183981e-05,NSR,113m (5).mat
-1.3816108750890837e-17,0.9999999999868256,0.9999999999736514,2.6524935433476426,8.396124412282065,0.9999999999868256,-1.5732667754100076,5.716659280476631,7.289926055886639,0.6702563471644615,-0.606290398927198,-0.5375098373011575,0.044669201823114804,1.4297807871705874,0.5821790391242724,0.011111111111111112,0.9999999999736514,0.05921312476495968,10,60.0,1.0222222222222221,0.027373602776100896,0.9833333333333333,1.0694444444444444,0.02677852442868493,0.029216227733281405,0.0,5.506097162520858,0.17139925771504158,1.40625,0.9434579056121211,0.3633093447670794,0.25404274656696113,0.21584539662193475,4.0779172611633765,0.5336061965106778,0.11847655901129159,0.23655539970567507,0.10740890915641328,0.003917452047696645,3.5483568245417144e-05,NSR,113m (6).mat
-2.1711028037114173e-17,0.9999999999863952,0.9999999999727904,2.540346623752635,7.9378471854315436,0.9999999999863952,-1.7580337210724863,6.173046201259943,7.9310799223324295,0.6768068791605796,-0.6743433127241378,-0.5477374989657506,0.08579704402505006,1.4214932572662935,0.6335345429908007,0.011111111111111112,0.9999999999727904,0.05915522790158183,10,60.0,1.029320987654321,0.06478982469443313,0.9361111111111111,1.1055555555555556,0.06294423742309566,0.10023121418149288,0.75,5.363657940685824,0.5615311039348707,1.40625,0.8371758506420435,0.34685103292316954,0.209200617586547,0.1880777961418097,4.025694847687842,0.5603851197187366,0.16183148415012824,0.20859524539722837,0.06526052987726177,0.0038915548468530857,3.606600979169812e-05,NSR,113m (7).mat
-7.894919286223335e-18,0.9999999999871626,0.9999999999743253,2.6770762877659706,8.548270828042988,0.9999999999871626,-1.4794526617650123,5.890518309328779,7.369970971093791,0.6722124983453396,-0.5777003019144439,-0.5306794709206727,0.042615894520078586,1.4584761645856807,0.5732953654407513,0.011111111111111112,0.9999999999743253,0.0584436272983543,10,60.0,1.0240740740740741,0.061209236596438524,0.9222222222222223,1.1305555555555555,0.05977032139204489,0.07939781071086914,0.625,5.527265882639215,0.23891562698515872,2.8125,0.8599299520869675,0.37068090799987213,0.21553856991984094,0.1732289918007842,3.958095498736971,0.5449848021574489,0.15773922816743477,0.19997972129749897,0.09339673697658869,0.0038636490153874333,3.586238564093051e-05,NSR,113m (8).mat
1.973729821555834e-17,0.9999999999858789,0.9999999999717577,2.7635287454125224,9.467298036388613,0.9999999999858789,-1.3454994291537263,6.146030697252618,7.491530126406344,0.659041793634611,-0.5981842412890691,-0.5049985351880912,0.0055970841127766045,1.4030017108913309,0.5105956193008678,0.010833333333333334,0.9999999999717577,0.05623934316925488,9,54.0,1.05,0.06248456599556663,0.9138888888888889,1.1416666666666666,0.05950911041529287,0.08972818054814062,0.7142857142857143,5.787973927573557,0.24101180746864279,2.8125,0.9467800926116992,0.3769950278189166,0.24542463681144566,0.21280687756144898,4.060380289639748,0.5867744215311756,0.12976416251273357,0.21763130769207067,0.061873882643162716,0.003920008900788308,3.621672006866357e-05,NSR,113m (9).mat
8.881784197001253e-18,0.9999999999827861,0.9999999999655723,4.790104358262583,25.638235117776823,0.9999999999827861,-0.9659212980623952,7.713702151867863,8.679623449930258,0.44995068005522576,-0.6061469245510097,-0.2854278683840161,-0.027937406894929465,0.3628509792713354,0.25749046148908666,0.015555555555555555,0.9999999999655723,0.04613373519602574,9,54.0,1.13125,0.03477079935311126,1.0666666666666667,1.1777777777777778,0.03073661818552454,0.05332837278518206,0.42857142857142855,6.799527054178208,0.36558050563784,2.8125,0.8272516732646099,0.30500434377850855,0.31770266872899855,0.08449334150367993,3.769513972429013,0.5057443474396908,0.2650582100690535,0.21054357992015932,0.016633320615231758,0.002002147461252138,1.8394494612299574e-05,NSR,114m (0).mat
3.947459643111668e-18,0.9999999999828214,0.9999999999656428,4.916784984462414,26.291820804725546,0.9999999999828214,-0.7862464773286755,7.311136163415241,8.097382640743916,0.4378159982454209,-0.5832597470323206,-0.26506272331908287,-0.05216963833856949,0.317272948248216,0.21289308498051338,0.01361111111111111,0.9999999999656428,0.04629908228644879,9,54.0,1.1079861111111111,0.03660025287894155,1.0583333333333333,1.175,0.033033133248579205,0.04321208107251123,0.2857142857142857,6.860691912396263,0.24604660269698714,2.8125,0.8838245006003886,0.3216654654561176,0.342335889587713,0.09014504013084366,3.75412141811402,0.4785765908136509,0.29294769928396136,0.17734981212471812,0.049226627846314375,0.001882162815977701,1.7107115377436697e-05,NSR,114m (1).mat
8.881784197001253e-18,0.9999999999823013,0.9999999999646025,4.965144410131172,26.687321961880173,0.9999999999823013,-0.7223740065105606,7.103906940808424,7.826280947318985,0.43360066873638226,-0.5821628239177136,-0.26992826686935356,-0.056855779892823755,0.3155105128705425,0.2130724869765298,0.01611111111111111,0.9999999999646025,0.04640841877989337,9,54.0,1.0947916666666666,0.025663927072406077,1.038888888888889,1.125,0.02344183631494355,0.040047921030135644,0.2857142857142857,6.911033383314516,0.13925099526978602,2.8125,0.9799856017416391,0.3511267111552423,0.3814088248827983,0.09866974277271837,3.7671402028057397,0.4554991204496339,0.2956536087594801,0.19071392506340465,0.05617757120518484,0.0019373999921071963,1.8374530188953776e-05,NSR,114m (10).mat
-1.6776703483224588e-17,0.9999999999834807,0.9999999999669613,4.930291975278371,26.22164106016721,0.9999999999834807,-0.7591611819878245,7.239774985533934,7.998936167521759,0.4326461437888549,-0.563599295084085,-0.28252631560448016,-0.06278443531157298,0.293384171182207,0.2197418802929072,0.01611111111111111,0.9999999999669613,0.04670636379040062,9,54.0,1.1,0.027181091376084616,1.05,1.136111111111111,0.024710083046704117,0.034359213546813844,0.14285714285714285,6.829601395034902,0.23980048268183457,2.8125,1.0390507978951984,0.3709239163311334,0.40853473946766516,0.10284973876838277,3.7617230728534428,0.49084611394502026,0.2961763418271817,0.17138452981217026,0.0398044387989388,0.001771724999343951,1.6850617344744836e-05,NSR,114m (11).mat
9.86864910777917e-18,0.9999999999817619,0.999999999963524,4.979788559722929,26.961654685630766,0.9999999999817619,-0.7691633012239827,7.330897814354423,8.100061115578406,0.4375479294512695,-0.55275537219044,-0.29075737177601413,-0.07133482667403453,0.3392610179565912,0.21942254510197962,0.017222222222222222,0.999999999963524,0.05021518937232476,9,54.0,1.084375,0.02763635876191515,1.0361111111111112,1.1166666666666667,0.02548597923820557,0.031497039417435625,0.14285714285714285,6.926267363341719,0.31057593644700926,2.8125,1.1446127790506548,0.38737937301276515,0.4536042286238135,0.12674049314018296,3.809866950303959,0.49216442013764616,0.28034016731308603,0.16989036000533256,0.05528811667957949,0.0022950994425346323,2.183642182082264e-05,NSR,114m (12).mat
0.0,0.9999999999824906,0.9999999999649811,4.54880764699668,22.981672156148164,0.9999999999824906,-1.4491234952498349,6.812420888369538,8.261544383619373,0.4524064290991108,-0.5611810696998346,-0.2648772759241682,-0.047018033127145635,0.3312345248299595,0.21785924279702257,0.01611111111111111,0.9999999999649811,0.04882989580563797,10,60.0,1.069753086419753,0.03596705464680793,0.9972222222222222,1.1305555555555555,0.03362182831700028,0.058802675361157054,0.375,6.500101869815117,0.2940728860630266,2.8125,1.0805003475658328,0.3556905947168004,0.43685948498273725,0.11692092023735141,3.8136089651579486,0.5043260131683541,0.3102458305151899,0.14164822960636997,0.041717175560734156,0.00204370922206965,1.904192728201615e-05,NSR,114m (13).mat
4.934324553889585e-18,0.9999999999824228,0.9999999999648458,4.836216024287702,25.69239098770414,0.9999999999824228,-0.9917355497390337,7.073357115379226,8.065092665118259,0.4516115075268734,-0.5894782717701178,-0.30965908774937523,-0.03127421390018283,0.3245863127001823,0.2783848738491924,0.015,0.9999999999648458,0.046640757529223316,9,54.0,1.0885416666666665,0.043422217868616844,1.0305555555555554,1.1472222222222221,0.03989026709624643,0.06535582973016112,0.42857142857142855,6.839215272481965,0.18844476319958134,2.8125,1.1570477815514963,0.3948955800740218,0.46069771815007265,0.122319431149101,3.7767708909955173,0.44360739556133455,0.3836119859466476,0.13298547129221144,0.0379217777641674,0.0018563475907659454,1.702184487283038e-05,NSR,114m (14).mat
-6.908054375445418e-18,0.9999999999822101,0.9999999999644202,4.8641707810282595,25.75158163597215,0.9999999999822101,-0.7729037248300004,7.317355502869278,8.090259227699278,0.44070388123651677,-0.5948466089824158,-0.2621045175787583,-0.05745756758882024,0.34684710300980426,0.20464694998993807,0.015833333333333335,0.9999999999644202,0.04640961707914798,9,54.0,1.1041666666666665,0.04106040416415129,1.0416666666666667,1.1527777777777777,0.0371867810961188,0.06052205276799689,0.5714285714285714,6.802612672123285,0.2795706987792686,2.8125,0.9885156602293979,0.3583989942485546,0.38450051223826787,0.09619590176536982,3.7449577902604907,0.5166048721020297,0.2307547851839068,0.19201634230547093,0.05880644947468451,0.0018003577894058207,1.7193144502196812e-05,NSR,114m (15).mat
1.973729821555834e-18,0.9999999999817101,0.9999999999634201,4.895874195215864,26.11924897507399,0.9999999999817101,-0.7767397957537272,7.28704933486039,8.063789130614117,0.4401228684924495,-0.5671200873858285,-0.2721350827606309,-0.058346494677045536,0.3501330262568241,0.2137885880835854,0.017777777777777778,0.9999999999634201,0.04680555719966548,9,54.0,1.0951388888888889,0.03029401959887115,1.0527777777777778,1.1527777777777777,0.027662262639531258,0.04223161967266192,0.2857142857142857,6.860928445266773,0.22685092221131412,2.8125,0.949929044557255,0.3455186299917918,0.36594157032626395,0.09842330732402493,3.7638750168047133,0.510887445570155,0.2529871255825917,0.1755623132341151,0.05855171953712592,0.001993377080410341,1.8018995601768473e-05,NSR,114m (16).mat
-5.921189464667502e-18,0.9999999999829208,0.9999999999658417,4.644429963343936,23.13228379331923,0.9999999999829208,-0.7395729103666931,6.882021742880776,7.621594653247469,0.45706381612620134,-0.5569003283090387,-0.2997191113073986,-0.0861620384593217,0.35843508838695726,0.2135570728480769,0.013055555555555556,0.9999999999658417,0.04817726508479828,10,60.0,1.0858024691358024,0.031953016682474605,1.0472222222222223,1.136111111111111,0.029428019885125337,0.042298450924558494,0.25,6.496831318078383,0.20626327075193363,2.8125,0.7974854987787934,0.2989712493402745,0.30102778689814824,0.0842806892330507,3.733306536162776,0.43430872254885317,0.37171202361095124,0.1497996684438173,0.042178387846614124,0.0019834357597438654,1.7761790020109117e-05,NSR,114m (17).mat
-1.3816108750890837e-17,0.9999999999854849,0.9999999999709699,3.046730164612986,15.220547245312169,0.9999999999854849,-2.3804524631618276,7.177822848527573,9.5582753116894,0.4949231326231322,-0.5083241902939972,-0.30924414704557046,0.020572535980391812,0.5235620013603659,0.3298166830259623,0.015833333333333335,0.9999999999709699,0.03924223529543359,9,54.0,1.115625,0.0364814741375251,1.0555555555555556,1.1833333333333333,0.032700480990318984,0.04376967937341439,0.42857142857142855,5.85773869047722,0.5697461752058128,1.40625,0.6258993438003791,0.27398068287566785,0.21469644825757356,0.05457034954033791,3.6784735316134825,0.7055133204776634,0.19282832378802828,0.07728859254775221,0.023283128321072825,0.0010766192040730794,1.0015661409891042e-05,NSR,114m (18).mat
-1.973729821555834e-18,0.9999999999813135,0.999999999962627,4.821217362690087,25.644609230260087,0.9999999999813135,-0.8568879367028773,7.294061265953266,8.150949202656143,0.4618947224902845,-0.5484047119278684,-0.3455147747726216,-0.021298408652545613,0.4103069846363163,0.324216366120076,0.017777777777777778,0.999999999962627,0.052001191678482515,9,54.0,1.0524305555555555,0.03210820043997837,1.0083333333333333,1.1111111111111112,0.03050861668732197,0.04402079835521716,0.2857142857142857,6.833858187790761,0.34174407829399994,2.8125,0.9251292362196315,0.3427402736081787,0.351402959590215,0.09295946566505081,3.752905538052332,0.4783187800095029,0.27611164612924094,0.19714775942629276,0.04613325409178166,0.0022673038533991417,2.1256489782264456e-05,NSR,114m (19).mat
-1.4802973661668755e-18,0.9999999999836475,0.999999999967295,4.783151980709895,25.0557511447187,0.9999999999836475,-0.8277403760595063,7.028493275408583,7.85623365146809,0.4434133317318214,-0.6267461416696635,-0.25928590345761027,-0.05824418224990081,0.35158821055447065,0.20104172120770947,0.012222222222222223,0.999999999967295,0.045861027066334194,9,54.0,1.0868055555555554,0.032386732823225024,1.0444444444444445,1.1444444444444444,0.029799933049541302,0.045619390041904434,0.14285714285714285,6.733080675673147,0.2514863067437834,2.8125,1.0700621742578011,0.38153197847616294,0.4242733478960442,0.0986606137318692,3.7329229730208575,0.48025236464842413,0.3082536586096084,0.17122101470071863,0.038700284446628104,0.00155794546582928,1.473212879122124e-05,NSR,114m (2).mat
1.3816108750890837e-17,0.9999999999865209,0.9999999999730418,4.303243431639941,20.28827164349183,0.9999999999865209,-0.9504575196316443,6.537310125924035,7.48776764555568,0.45407314060399273,-0.6831904880129578,-0.24505623490551726,-0.023174148314403092,0.24256407796015475,0.22188208659111416,0.019166666666666665,0.9999999999730418,0.04706535152684793,10,60.0,0.9660493827160495,0.028860912907557906,0.9166666666666666,1.0305555555555554,0.029875194160923955,0.03854010257086555,0.375,6.145827075436989,0.27306469100426617,2.8125,1.0094149384388689,0.40234040353008066,0.3853576653271139,0.07480284967243991,3.6155921415645564,0.5041934184078166,0.3131194344187071,0.1583480581264141,0.023138086093842342,0.001189704964592823,1.1297988626829956e-05,NSR,114m (20).mat
-9.86864910777917e-19,0.9999999999826827,0.9999999999653655,4.914852319625982,26.286636616511377,0.9999999999826827,-0.7705513699610936,7.337844827929566,8.10839619789066,0.4356797543970039,-0.5861691701176435,-0.2822116518276284,-0.05079316388066959,0.32124145893686257,0.23141848794695882,0.01611111111111111,0.9999999999653655,0.0463034726118741,9,54.0,1.0975694444444444,0.033976364220105804,1.0611111111111111,1.1611111111111112,0.030956004069835945,0.04752470813795586,0.2857142857142857,6.8363164529802605,0.3084524635667617,2.8125,0.9111907773460677,0.3356289732927007,0.35020546244725675,0.09127718755589163,3.754854783059647,0.4654413667304972,0.3213719320916719,0.1767937578814966,0.03460858972695927,0.0017677401999444458,1.6613369430510273e-05,NSR,114m (3).mat
-2.861908241255959e-17,0.999999999983748,0.999999999967496,3.8486621717494516,19.946762958179413,0.999999999983748,-1.9254255199063683,7.8101607118032526,9.735586231709622,0.4739029674799943,-0.5341151836587589,-0.2612663103442372,0.013600553789415914,0.43848020169260565,0.27486686413365313,0.015555555555555555,0.999999999967496,0.042128398132412766,9,54.0,1.1350694444444445,0.035271694029226315,1.0916666666666666,1.1972222222222222,0.03107448109962596,0.046100113433198794,0.2857142857142857,6.331903372996133,0.6071755615063035,1.40625,0.6571620741327424,0.2610887071968073,0.23717516907268835,0.0683530772279515,3.787008719745333,0.5933714578144185,0.2542826126395565,0.10533186958498515,0.045443660149190344,0.001555860136351778,1.4539675497454812e-05,NSR,114m (4).mat
-1.1842378929335004e-17,0.9999999999827242,0.9999999999654484,4.927543898107053,26.38141185850647,0.9999999999827242,-0.7688380594494852,7.199616632694892,7.968454692144377,0.4348349210145267,-0.5840809498696153,-0.2710346830928499,-0.0545994799136839,0.31554776830825093,0.21643520317916598,0.014722222222222222,0.9999999999654484,0.04663437463713198,9,54.0,1.0763888888888888,0.03635070091195115,1.0277777777777777,1.125,0.03377097371908352,0.05190379106902374,0.42857142857142855,6.877436671765978,0.19371710452645818,2.8125,0.8308212335382821,0.31388635233429507,0.3149578577339097,0.08123171212456101,3.7323161188947727,0.47445351448881107,0.32801241477410664,0.14146797560174215,0.05402620413117722,0.0020204468312913755,1.9444172871451815e-05,NSR,114m (5).mat
-2.960594732333751e-18,0.9999999999835537,0.9999999999671075,4.762066769646297,24.784223195104403,0.9999999999835537,-0.8107319059347078,7.020605857032167,7.831337762966875,0.4550594791582268,-0.5878502498685542,-0.2717562021339043,-0.06339923515212811,0.39206640287954897,0.20835696698177616,0.011111111111111112,0.9999999999671075,0.04594782071322303,9,54.0,1.0677083333333333,0.03873823746205637,1.0083333333333333,1.113888888888889,0.03628166627194509,0.05393468844152112,0.2857142857142857,6.731565638219127,0.20866464440364876,2.8125,0.8077846600725191,0.32747778355482593,0.29712320652338614,0.07293149884016391,3.6295834560375853,0.5065817311238089,0.26498609066100154,0.19254453941194172,0.03426155027441022,0.0016103493979201537,1.5739130917106277e-05,NSR,114m (6).mat
-1.3816108750890837e-17,0.9999999999828751,0.9999999999657504,4.883398000843564,26.07173429617897,0.9999999999828751,-0.8402811336858211,7.052488299147974,7.892769432833795,0.44119296796234153,-0.6048528884173544,-0.25582768458818556,-0.0577724938905464,0.356283218105877,0.19805519069763916,0.015833333333333335,0.9999999999657504,0.04687570151259169,9,54.0,1.0795138888888889,0.02889881974073352,1.025,1.1194444444444445,0.026770215753044165,0.04094615124266632,0.2857142857142857,6.851001064105749,0.20463931090265017,2.8125,1.05448301360954,0.37710660623300657,0.4119884908841403,0.11039946194726472,3.7622161492431587,0.5235643939927094,0.1988092145087898,0.2302656010060121,0.045497137560737894,0.0018470225115561098,1.6630420194432494e-05,NSR,114m (7).mat
0.0,0.9999999999837791,0.9999999999675582,4.662885762000069,23.327988957564045,0.9999999999837791,-0.7143612461878439,6.721989322835532,7.436350569023376,0.4498114652444348,-0.5861668523956781,-0.27629533521125915,-0.07140061610250906,0.3313531682769511,0.2048947191087501,0.01361111111111111,0.9999999999675582,0.04842719402418698,10,60.0,1.0521604938271605,0.038306435763210384,0.9944444444444445,1.1222222222222222,0.03640740737895032,0.05762633732145762,0.375,6.5259068313666715,0.1228315847004077,2.8125,0.8719773874635103,0.32225348664507547,0.33683265875732243,0.08365544709953089,3.7456940876633507,0.5205047562233635,0.2791501806061376,0.1539571259097354,0.04442647968596749,0.001943008279346963,1.8449295448779844e-05,NSR,114m (8).mat
1.973729821555834e-18,0.9999999999844564,0.9999999999689129,4.674692498390645,23.393054333775066,0.9999999999844564,-0.7634743160006761,6.939363397726586,7.702837713727262,0.44411427909625245,-0.5759180734193105,-0.2867372375220871,-0.0653773765317261,0.2870475131108518,0.22135986099036098,0.015,0.9999999999689129,0.04712762748480064,10,60.0,1.0666666666666669,0.04175915660659143,1.0,1.1194444444444445,0.03914920928197707,0.059048199081892565,0.375,6.485717511201132,0.23802583943392625,2.8125,0.7916774181760142,0.31437413399380243,0.2915425072337057,0.07586424276547121,3.6716281558731656,0.4660275531981535,0.30176099694085484,0.21048704876301985,0.02005114537733027,0.0016582289609127217,1.5026759728540869e-05,NSR,114m (9).mat
-1.0855514018557087e-17,0.999999999982539,0.9999999999650779,5.034114231740021,31.884120277516317,0.999999999982539,-3.0372977942514496,7.822911444035967,10.860209238287416,0.4259024846311355,-0.4349153073371595,-0.3515742062838945,0.08138236568308942,0.34671803428173437,0.43295657196698395,0.035555555555555556,0.9999999999650779,0.07689728486430117,10,60.0,1.0015432098765433,0.06508029111819229,0.9222222222222223,1.1611111111111112,0.06498001325497926,0.10189182717197907,0.75,7.473221609153209,0.2479320422158293,5.625,0.9798202223782005,0.12316793373082903,0.34441379432434077,0.3943290327668134,4.476583770232321,0.21151536058659465,0.2662791305784267,0.32135088590551203,0.19262692926515831,0.008157822246520037,6.987141778784959e-05,NSR,115m (0).mat
0.0,0.9999999999819231,0.9999999999638464,4.72293769428736,30.281363065521887,0.9999999999819231,-3.219792606193065,7.722301725233521,10.942094331426587,0.45063831179847724,-0.4836961316130774,-0.3796701973487132,0.12715442771200597,0.4238682131455022,0.5068246250607191,0.029166666666666667,0.9999999999638464,0.08056135998775199,10,60.0,0.9246913580246914,0.030777656450167667,0.8666666666666667,0.9694444444444444,0.03328424792747072,0.04718135486517507,0.375,7.426846525040349,0.18281024209076105,5.625,1.0301872601915951,0.1271574695018464,0.34552742692844196,0.43541431099796374,4.5066776614357975,0.20122010003068974,0.2698720078736688,0.33697201116270925,0.18243066785103482,0.009423122543696715,8.209053820041899e-05,NSR,115m (1).mat
-1.1842378929335004e-17,0.9999999999813823,0.9999999999627648,4.668758707682672,28.151152019323952,0.9999999999813823,-3.0175337064261307,7.628241216364163,10.645774922790293,0.44549043728486315,-0.47298112057393804,-0.37078155600672813,0.1084416490367219,0.36760912518888555,0.47922320504345006,0.03361111111111111,0.9999999999627648,0.08182283277624988,11,66.0,0.9388888888888889,0.059108604792312835,0.8611111111111112,1.038888888888889,0.06295591036262868,0.03965298723215531,0.3333333333333333,7.104217871054164,0.3309092300134398,5.625,0.9947517348705714,0.12222085710158623,0.34868264103271784,0.40207708176919393,4.472511985176793,0.25302846590777667,0.21435230236730374,0.35314323224576843,0.170694273769479,0.008706938114173748,7.478759549819271e-05,NSR,115m (10).mat
1.973729821555834e-18,0.999999999980444,0.999999999960888,4.7115261139971345,28.8984773503565,0.999999999980444,-3.072008523178273,7.561513928592021,10.633522451770293,0.4646867112503243,-0.48997076470473433,-0.3853661122554146,0.16517425670788666,0.3947751224531734,0.5505403689633013,0.024722222222222222,0.999999999960888,0.07613657664144248,10,60.0,0.9882716049382716,0.07775327852439722,0.875,1.0972222222222223,0.07867602191259734,0.12281265216118495,0.75,7.264021368503504,0.21784815866017138,5.625,1.0488348420817686,0.13571487328773243,0.37865788242571374,0.40574894196895744,4.451931020555444,0.23716100260158218,0.26507312782405434,0.2820410008742805,0.20838625461474578,0.0072764395240894255,6.217456124741667e-05,NSR,115m (11).mat
-2.960594732333751e-18,0.9999999999818778,0.9999999999637557,4.672577351764998,27.757730872095674,0.9999999999818778,-2.8278644057511086,7.44116690462575,10.269031310376858,0.44865272423378266,-0.4771565457934874,-0.37564249815968576,0.09324874720563359,0.3796116064817032,0.46889124536531934,0.03138888888888889,0.9999999999637557,0.07971742189710541,11,66.0,0.9486111111111111,0.03987344950350598,0.8833333333333333,1.025,0.0420335045567499,0.06809176411426011,0.5555555555555556,7.066937602725358,0.2763686973200726,5.625,0.9933751626700293,0.12880041586684804,0.35226496168220434,0.3904528254457037,4.460092788943888,0.2482841528499694,0.21509659705401835,0.3568463885049502,0.17173374703886987,0.007970817323436992,6.829722875491002e-05,NSR,115m (12).mat
9.86864910777917e-19,0.9999999999803234,0.9999999999606468,4.8256385342817705,30.02096248326334,0.9999999999803234,-3.0976157978587624,7.975216025171733,11.072831823030494,0.4630582107640813,-0.5053418841173745,-0.41101078145996833,0.11899065363604022,0.41587644852032696,0.5300014350960085,0.03305555555555555,0.9999999999606468,0.07626402322559644,10,60.0,0.9737654320987654,0.05042873645802492,0.8916666666666667,1.0666666666666667,0.05178735529515363,0.07686091535131474,0.75,7.335122325083333,0.4663270454956139,5.625,0.9902935787044874,0.14066233665095235,0.34220334339252195,0.3872944819962526,4.471506394416934,0.23079768830401812,0.22693831864025618,0.37750883281630226,0.15711936377683186,0.007571334529632743,6.446193295853361e-05,NSR,115m (13).mat
-9.86864910777917e-19,0.9999999999812366,0.9999999999624732,4.621752585338159,28.02544205282559,0.9999999999812366,-3.107525043092409,7.535718097605989,10.643243140698399,0.44780114939409904,-0.48117826410191517,-0.37194898052576136,0.10570468848071955,0.3885223581974822,0.47765366900648093,0.03222222222222222,0.9999999999624732,0.08263059583036537,11,66.0,0.9333333333333333,0.055694271266009496,0.8416666666666667,1.0166666666666666,0.05967243343536114,0.06975854889569395,0.6666666666666666,7.131438976429127,0.2747053257018501,5.625,0.9741547705426737,0.12332343345529256,0.3314000427658418,0.40181077663114934,4.497361646572435,0.2326336072151603,0.2044705369200315,0.37567212840110553,0.17791564866100118,0.009226985238016528,8.109356468477133e-05,NSR,115m (14).mat
-1.973729821555834e-18,0.999999999984093,0.9999999999681859,4.718970377452146,28.565068344023555,0.999999999984093,-2.9417925493046635,7.532596180942268,10.474388730246933,0.4347748376464221,-0.4636801023597839,-0.3609223193726447,0.0816998308410308,0.36611196728418305,0.44262215021367546,0.03388888888888889,0.9999999999681859,0.08057809138325558,11,66.0,0.9355555555555555,0.061032778078668484,0.8361111111111111,1.0277777777777777,0.06523693611886984,0.06536145149523365,0.5555555555555556,7.135485551374187,0.21426706836910014,5.625,1.048605985306798,0.12335004681729417,0.36440400290483826,0.4357123222945084,4.483266579580663,0.20300081955121357,0.2283079491403627,0.28894815693387954,0.27099415636276236,0.008674829414656452,7.408859712501225e-05,NSR,115m (15).mat
6.41462192005646e-18,0.9999999999841275,0.9999999999682551,4.657576689540756,27.935124535110464,0.9999999999841275,-2.947147616665496,7.451955000716236,10.399102617381732,0.4453630912913559,-0.46943391355574177,-0.36728934421222154,0.08707997643642248,0.40331248166556727,0.454369320648644,0.03277777777777778,0.9999999999682551,0.08063967526415247,11,66.0,0.9163888888888888,0.038035274401079726,0.8638888888888889,0.9833333333333333,0.04150560402984749,0.04074074074074072,0.3333333333333333,7.104131114585241,0.16952166834497134,5.625,1.0122493257023997,0.12300009911820693,0.34976100866199694,0.41563161535916215,4.482575734248911,0.2054371668031525,0.21570100635753053,0.37220913906233477,0.19790191801971427,0.008676379367542604,7.439038972501483e-05,NSR,115m (16).mat
5.921189464667502e-18,0.9999999999837903,0.9999999999675806,4.616594870357556,27.724127124223983,0.9999999999837903,-2.96116415393376,7.325314407887341,10.286478561821102,0.4444492490199558,-0.463666684033271,-0.3647338642940182,0.10724882199921747,0.36395497380311337,0.4719826862932357,0.03111111111111111,0.9999999999675806,0.07922023733373139,11,66.0,0.9683333333333332,0.05926764986894332,0.8583333333333333,1.1083333333333334,0.06120583456909208,0.09039048045826507,0.5555555555555556,7.057775064689707,0.1727748281804462,5.625,0.9210879388564136,0.10892591407322219,0.3263929331851952,0.3729525476839527,4.455033385313458,0.20359186436351692,0.2718683753929441,0.3578309722945491,0.15862681346301763,0.008014124735989744,6.784974998244521e-05,NSR,115m (17).mat
2.4178190314058963e-17,0.9999999999833958,0.9999999999667917,4.818417297427563,30.153691627220113,0.9999999999833958,-3.0198235626312404,7.752428457166334,10.772252019797575,0.44547653136277104,-0.46012740427581666,-0.3758394178857008,0.10337974554703651,0.4034736829467676,0.4792191634327373,0.03333333333333333,0.9999999999667917,0.07686524861874201,10,60.0,0.958641975308642,0.0688859572808671,0.8638888888888889,1.1083333333333334,0.07185785619999677,0.09694404648119527,0.75,7.349862729434905,0.20535943335883958,5.625,1.0641884698201651,0.13453909159126695,0.3781361473907922,0.4213441755243103,4.455745860776323,0.2233760117092264,0.22198847400658658,0.4401014269923533,0.10682776577518115,0.007641866964350361,6.445455230196422e-05,NSR,115m (18).mat
-2.960594732333751e-18,0.9999999999843255,0.9999999999686512,4.555649440243871,27.02983333674151,0.9999999999843255,-2.9617031337267257,7.512631370676973,10.4743345044037,0.44422369092800473,-0.47203811272610186,-0.36277194169536775,0.08093324393609813,0.38589250835247546,0.4437051856314659,0.0325,0.9999999999686512,0.07943762244723651,11,66.0,0.9183333333333333,0.09948323265880997,0.8277777777777777,1.1972222222222222,0.10833019878455148,0.0980869830376417,0.4444444444444444,6.995952024562204,0.22793188468511436,5.625,1.0115143432036144,0.12348118428586874,0.3613074482795666,0.40129507417155497,4.442671552004347,0.21789706192422847,0.2637836874900478,0.34275428084849385,0.1679925598291997,0.0075097056696404,6.270423838949666e-05,NSR,115m (19).mat
-2.960594732333751e-18,0.9999999999834717,0.9999999999669434,4.67905709655212,27.97210462105759,0.9999999999834717,-2.9483079777893235,7.700001260403583,10.648309238192907,0.4445143913078221,-0.47583586008618534,-0.36292634741878843,0.08107273255865984,0.3930216165786313,0.44399907997744825,0.03194444444444444,0.9999999999669434,0.0802342409048377,11,66.0,0.956388888888889,0.05623267908903919,0.8777777777777778,1.0472222222222223,0.05879687612804889,0.06460282793523114,0.5555555555555556,7.0949146804237415,0.2662043235678908,5.625,0.9217629267868425,0.12046997276773305,0.31213990349035814,0.3782274886291147,4.499417454762005,0.23810271438932326,0.24150148225794307,0.3027716629433428,0.209333652609737,0.008220725932259136,6.976186739447567e-05,NSR,115m (2).mat
-1.973729821555834e-18,0.9999999999833298,0.9999999999666597,4.894399353274335,31.151339784992615,0.9999999999833298,-3.133628234254499,7.651045941886847,10.784674176141346,0.43396726786202583,-0.44126975879577174,-0.35603744568604245,0.10491095065839463,0.3629037664439241,0.4609483963444371,0.029722222222222223,0.9999999999666597,0.07720109338236417,10,60.0,0.9651234567901236,0.06705277990807237,0.8416666666666667,1.0583333333333333,0.06947585758780067,0.10155048005794948,0.875,7.426033305123629,0.1556099468258647,5.625,0.9976555249052526,0.11863012445540408,0.34969868657443964,0.4081357742601299,4.472379359792933,0.24161311401684257,0.23474334866143054,0.3726521630065196,0.1425963047320799,0.008323955234880996,7.11143482461639e-05,NSR,115m (20).mat
1.8257000849391464e-17,0.9999999999828292,0.9999999999656585,4.9048529408349655,31.7744590676835,0.9999999999828292,-3.247139891145928,7.778287728684514,11.025427619830442,0.420694331366187,-0.43167742365665335,-0.3421572568534217,0.11128797207653926,0.31619444761704396,0.453445228929961,0.03,0.9999999999656585,0.07809672853030614,10,60.0,0.9759259259259259,0.028115234167942534,0.9277777777777778,1.011111111111111,0.028808778814292654,0.03690369515440669,0.25,7.46457222967322,0.28591808464435436,5.625,1.055285990754036,0.1131676382552399,0.367349652345151,0.45024191046590756,4.4812033228074215,0.18715140004986364,0.21479986619766722,0.387039942638891,0.20212335881902482,0.008809709217119882,7.572307743320914e-05,NSR,115m (21).mat
-1.973729821555834e-18,0.9999999999832437,0.9999999999664875,4.986513231639232,31.879778923809198,0.9999999999832437,-3.068991555871072,7.616084395972762,10.685075951843833,0.4249453571883172,-0.42785682759939353,-0.3562240356874853,0.08936122788224578,0.33752586668680795,0.44558526356973105,0.03111111111111111,0.9999999999664875,0.07705316212353144,10,60.0,1.0296296296296295,0.02522192309606712,0.9833333333333333,1.0611111111111111,0.024496112335698463,0.04138795673819819,0.375,7.479740356636297,0.12222929466353538,5.625,0.8576954921927349,0.1022517709848719,0.2961343293256875,0.35692178543958136,4.477168034715756,0.1929546853731233,0.2728582487552797,0.33548128426666685,0.19021363314589906,0.008420190088201596,7.195837082934475e-05,NSR,115m (22).mat
7.894919286223335e-18,0.9999999999841259,0.9999999999682518,4.153197838293739,23.766130486664114,0.9999999999841259,-3.156509780169193,8.549098484560131,11.705608264729324,0.49818702672837906,-0.5182433202681699,-0.40677192965310116,0.08566720148686258,0.46665529427773983,0.49243913113996374,0.028055555555555556,0.9999999999682518,0.07637063015822115,11,66.0,0.9055555555555556,0.04402580612479765,0.85,0.9833333333333333,0.04861745456265298,0.06715357172025459,0.3333333333333333,6.7076211183263545,0.6167100163083189,5.625,0.8542950441071284,0.11351019039007892,0.28878930946396264,0.35147357035333426,4.498571929192221,0.3914189468850905,0.17570190174257022,0.33946917825348644,0.08652865661280264,0.006821913343256895,5.94031627930938e-05,NSR,115m (3).mat
7.894919286223335e-18,0.9999999999841259,0.9999999999682518,4.153197838293739,23.766130486664114,0.9999999999841259,-3.156509780169193,8.549098484560131,11.705608264729324,0.49818702672837906,-0.5182433202681699,-0.40677192965310116,0.08566720148686258,0.46665529427773983,0.49243913113996374,0.028055555555555556,0.9999999999682518,0.07637063015822115,11,66.0,0.9055555555555556,0.04402580612479765,0.85,0.9833333333333333,0.04861745456265298,0.06715357172025459,0.3333333333333333,6.7076211183263545,0.6167100163083189,5.625,0.8542950441071284,0.11351019039007892,0.28878930946396264,0.35147357035333426,4.498571929192221,0.3914189468850905,0.17570190174257022,0.33946917825348644,0.08652865661280264,0.006821913343256895,5.94031627930938e-05,NSR,115m (4).mat
-1.973729821555834e-18,0.9999999999813818,0.9999999999627636,4.779906796696868,28.751607534149834,0.9999999999813818,-3.1133359415043835,7.880655678122239,10.993991619626623,0.4479052186847494,-0.4698883685609103,-0.3876608011906465,0.0838796857183049,0.40100484432658645,0.4715404869089514,0.03833333333333333,0.9999999999627636,0.0793276338887746,11,66.0,0.923611111111111,0.05110280729647096,0.8333333333333334,0.9861111111111112,0.05532935520845407,0.0531903948753521,0.2222222222222222,7.0710669546838565,0.5933087285039623,5.625,0.9979048994757349,0.13554428854010114,0.3572775667757184,0.38048700802396995,4.452262935430683,0.18187328015646295,0.27169903217114255,0.3613211339092329,0.17724477421934504,0.007794528430888746,6.725111292738771e-05,NSR,115m (5).mat
-3.947459643111668e-18,0.9999999999822685,0.999999999964537,4.879648580294201,30.66612841386027,0.9999999999822685,-3.1214259031682974,7.721422428817587,10.842848331985884,0.4381334480298065,-0.4437541045892863,-0.36469489517368375,0.10387981039820479,0.37362571734903005,0.4685747055718885,0.030555555555555555,0.999999999964537,0.07616781064633261,10,60.0,1.0237654320987657,0.05356161136922238,0.9416666666666667,1.1388888888888888,0.05231824560348789,0.07497427542369878,0.625,7.383361818537901,0.2463007405292899,5.625,0.9880456771430157,0.12547249361202673,0.3512005745965172,0.39196100206081114,4.462156951764176,0.2120571513579103,0.25476268400439783,0.392076537810677,0.13333477478652234,0.007703165915620977,6.568612487132988e-05,NSR,115m (6).mat
-1.1842378929335004e-17,0.9999999999813823,0.9999999999627648,4.668758707682672,28.151152019323952,0.9999999999813823,-3.0175337064261307,7.628241216364163,10.645774922790293,0.44549043728486315,-0.47298112057393804,-0.37078155600672813,0.1084416490367219,0.36760912518888555,0.47922320504345006,0.03361111111111111,0.9999999999627648,0.08182283277624988,11,66.0,0.9388888888888889,0.059108604792312835,0.8611111111111112,1.038888888888889,0.06295591036262868,0.03965298723215531,0.3333333333333333,7.104217871054164,0.3309092300134398,5.625,0.9947517348705714,0.12222085710158623,0.34868264103271784,0.40207708176919393,4.472511985176793,0.25302846590777667,0.21435230236730374,0.35314323224576843,0.170694273769479,0.008706938114173748,7.478759549819271e-05,NSR,115m (7).mat
-9.86864910777917e-19,0.9999999999813193,0.9999999999626386,5.029269583688853,31.134326154898964,0.9999999999813193,-2.7839171993229286,7.651862285533581,10.43577948485651,0.4349316181915102,-0.4581801171274478,-0.3759707930417321,0.06777960916498273,0.3871766443811733,0.4437504022067148,0.035277777777777776,0.9999999999626386,0.07573065231483005,10,60.0,0.9521604938271605,0.03758341837009572,0.8944444444444445,1.011111111111111,0.03947172622081742,0.061008436473881655,0.625,7.404926280389941,0.17268080099798427,5.625,1.0488903222202461,0.146652251996443,0.376034734388613,0.39445684137828346,4.445030138365757,0.23721956351522838,0.24291499209576153,0.38387063708824726,0.12869086810843486,0.007242841084876879,6.109810745070329e-05,NSR,115m (8).mat
3.947459643111668e-18,0.9999999999819222,0.9999999999638446,4.906843059384475,30.479425824561417,0.9999999999819222,-2.7794534367495114,7.706232450472895,10.485685887222406,0.43801998431056344,-0.4553372254727244,-0.3561529799544157,0.09483019468699057,0.37692974621421615,0.45098317464140625,0.034166666666666665,0.9999999999638446,0.0756891459220079,10,60.0,0.9635802469135801,0.05129403064331414,0.8888888888888888,1.0694444444444444,0.053232754359981975,0.076357316707797,0.5,7.377169884569534,0.17137073358888413,5.625,0.9826894802903294,0.13104885771932848,0.35274681736048874,0.375279059736128,4.441008490079475,0.25898878874984094,0.22191668271290527,0.3583229596886302,0.15339374780419232,0.007316128124490663,6.169291994047836e-05,NSR,115m (9).mat
1.973729821555834e-18,0.9999999999914273,0.9999999999828547,3.567018967323859,14.472987475570037,0.9999999999914273,-1.5694802109229633,5.90567905201458,7.475159262937543,0.5824664808531146,-0.5615300337605154,-0.46409009571124726,-0.009175219425945888,0.8791013110274172,0.45491487628530136,0.020833333333333332,0.9999999999828547,0.07345978075256719,14,84.0,0.7506410256410256,0.010287524031804033,0.7361111111111112,0.775,0.01370498502838131,0.014027090192169541,0.0,5.442093762463045,0.4432958002719006,4.21875,0.8844883577439966,0.21556987734919783,0.3682530534190658,0.1551867503975294,4.03629025843045,0.38157864252488244,0.3075565463741712,0.25325712494505526,0.05480776941237771,0.002776085150462167,2.383159305109293e-05,NSR,116m (0).mat
-1.973729821555834e-17,0.9999999999915345,0.9999999999830692,3.592429349567951,14.69431004208612,0.9999999999915345,-1.7121903371040443,5.736080730002876,7.448271067106921,0.580174406852146,-0.5749316751100289,-0.44529018547024135,0.01999543389146416,0.8217260355257762,0.46528561936170554,0.020555555555555556,0.9999999999830692,0.070285375346712,13,78.0,0.7613425925925926,0.010845098865854158,0.75,0.7833333333333333,0.014244702657024277,0.017326986665059056,0.0,5.536324417370578,0.1873515372445654,4.21875,0.9933957576842475,0.2305890895066846,0.43024675690469444,0.16763773738587254,4.0181515288589225,0.3768323572999607,0.33923525122985315,0.20982964821263675,0.07171631434260917,0.002365933109687878,2.049580525204265e-05,NSR,116m (1).mat
-1.1842378929335004e-17,0.9999999999914851,0.9999999999829703,3.879924790835965,16.505749400134164,0.9999999999914851,-1.2589152991908459,5.974072161622799,7.232987460813645,0.558417472481326,-0.5172235546343593,-0.4325340741051659,-0.04716510435481962,0.7916078351115005,0.3853689697503463,0.021111111111111112,0.9999999999829703,0.0708497465999585,13,78.0,0.7599537037037037,0.008596039179457018,0.75,0.7805555555555556,0.011311266891985881,0.012020838621628217,0.0,5.68561373487103,0.17414710004614797,4.21875,0.9848132436597631,0.22920142715826425,0.4206427574426923,0.17059996991000825,4.0193594032316895,0.3604824965506193,0.28712587876439893,0.2808832279585896,0.06918480062202069,0.002304040407237597,1.9555697133713656e-05,NSR,116m (2).mat
1.973729821555834e-17,0.99999999999081,0.9999999999816201,3.940841895867456,17.47408991086846,0.99999999999081,-1.374814857195556,6.222711549616125,7.5975264068116815,0.5591523893288955,-0.5151459751007783,-0.43532784585549544,-0.04326151601896737,0.8257541119542721,0.39206632983652806,0.021111111111111112,0.9999999999816201,0.07257971551890037,12,72.0,0.8340909090909091,0.22930961537648573,0.7444444444444445,1.5583333333333333,0.2749216093860714,0.35989110149915016,0.2,5.845967531844287,0.41815740785056577,4.21875,1.0053552489193813,0.22598062485409273,0.42771570074151416,0.18345649802660002,4.043162628807135,0.36736236268814954,0.3302908345494877,0.2307453721621882,0.06881043749526781,0.0027672840448291188,2.370906007736115e-05,NSR,116m (3).mat
2.1711028037114173e-17,0.9999999999914487,0.9999999999828975,3.898417578737237,16.603397937815114,0.9999999999914487,-1.1628014692699722,5.88131706220625,7.044118531476222,0.558048828474277,-0.5062329418207935,-0.43187042422124206,-0.059288672304590256,0.8043432550252152,0.37258175191665177,0.021666666666666667,0.9999999999828975,0.070201147222649,13,78.0,0.762037037037037,0.010475656017578482,0.7416666666666667,0.7861111111111111,0.013746911888381648,0.01360827634879542,0.0,5.714725228218662,0.11589488218780317,4.21875,1.0439288933680428,0.24131311775475583,0.45188099389102265,0.1747755925582233,4.001651079013361,0.37470924853860305,0.331107740238759,0.24855291103488,0.04328483799808801,0.002325231215986071,2.0030973683721347e-05,NSR,116m (4).mat
-2.960594732333751e-18,0.9999999999918068,0.9999999999836137,3.9593556642913366,16.874887363225707,0.9999999999918068,-0.9850950828331995,5.855514894889463,6.8406099777226625,0.5479396242106307,-0.49466493110576976,-0.4198954861444333,-0.04813462970136534,0.7401037713938627,0.37176085644306794,0.021111111111111112,0.9999999999836137,0.06800473789084732,13,78.0,0.775925925925926,0.010036797865129067,0.7555555555555555,0.7916666666666666,0.012935252601872695,0.017326986665059024,0.0,5.678848675010501,0.10515084513148074,4.21875,0.9723363929836398,0.22758508975474076,0.420727972720484,0.15872570065378186,3.9866855265153434,0.3423784690787192,0.3550906849414858,0.2350716930796181,0.06542464252291257,0.002017209034849049,1.7301342415057784e-05,NSR,116m (5).mat
-4.934324553889585e-18,0.9999999999917902,0.9999999999835806,3.9334245882554595,16.704950255080252,0.9999999999917902,-1.034599686019733,5.799126209673217,6.83372589569295,0.5553554534738832,-0.4932393587997725,-0.4227684575067655,-0.08452616434951145,0.7640905374697571,0.33824229315725407,0.021111111111111112,0.9999999999835806,0.06850327861439143,13,78.0,0.7740740740740741,0.012125741531211863,0.7583333333333333,0.7972222222222223,0.01566483353683109,0.01836850009486703,0.0,5.6909534316958315,0.08132952164125302,4.21875,1.0156995488571159,0.23582999822066686,0.4407870579658525,0.16697896141553362,3.9872541061872524,0.35562545613073687,0.3314972084059248,0.24151258136338505,0.06923538916285092,0.0021114855201194308,1.787941698266106e-05,NSR,116m (6).mat
6.908054375445418e-18,0.9999999999916316,0.9999999999832633,3.800853855933061,15.847107450917672,0.9999999999916316,-1.146319781946311,5.775325732117524,6.921645514063835,0.5659304694375328,-0.5245434135012714,-0.4451996312464988,-0.055300477899585844,0.8068186960157586,0.38989915334691294,0.021111111111111112,0.9999999999832633,0.06933109395597155,13,78.0,0.7671296296296296,0.01144371027250767,0.75,0.7888888888888889,0.014917570402169353,0.018727773957312285,0.0,5.627227267242599,0.16036528016226717,4.21875,1.0076329260665102,0.24722805353693528,0.4286712544678727,0.16226083159173774,3.9811592729281906,0.3794004598891179,0.35899363236587134,0.2075224266875351,0.051828050404147695,0.002236408647237319,1.902200609030536e-05,NSR,116m (7).mat
1.578983857244667e-17,0.9999999999776628,0.9999999999553256,0.7633543653833456,3.1690254734860943,0.9999999999776628,-4.236340062475076,3.423653208050434,7.65999327052551,0.6708016410454685,-0.5864951005198298,-0.5010625496503736,0.14501783526004067,1.5937132298132912,0.6460803849104142,0.018055555555555554,0.9999999999553256,0.06404610855893658,8,48.0,1.2003968253968256,0.02731473474500478,1.163888888888889,1.25,0.02275475421489919,0.037662542110023636,0.16666666666666666,3.159049103245685,0.16585725289543551,1.40625,0.8506537237398567,0.44282070401864027,0.20424514885302708,0.12553076293327706,3.6595588109870203,0.6920180265006103,0.13493861440427507,0.138730074903941,0.032996017374078146,0.0013071703058680638,1.009651122714414e-05,NSR,117m (0).mat
0.0,0.9999999999763496,0.9999999999526993,0.8089596718140688,3.4424971546361336,0.9999999999763496,-4.221418066334407,3.424183584197507,7.645601650531914,0.6624644270520117,-0.6016513553703062,-0.500607482174786,0.15951774120822132,1.4929730979966302,0.6601252233830073,0.017222222222222222,0.9999999999526993,0.06583271978562107,8,48.0,1.2257936507936509,0.023274409997801865,1.1944444444444444,1.2694444444444444,0.018987216946135612,0.039512200543244176,0.16666666666666666,3.294203851456194,0.12917884399646082,1.40625,0.8762513374465487,0.44411943779513796,0.2211305220852056,0.1315230400730831,3.6691623095586046,0.6352516438717124,0.1592524118092146,0.18279169388124983,0.021258189978655292,0.001435074937904034,1.0985521263589415e-05,NSR,117m (1).mat
0.0,0.99999999997676,0.9999999999535201,0.4749392477175878,3.7681971428338636,0.99999999997676,-4.456979974911,3.6451367910863812,8.102116765997382,0.6502895028822692,-0.5650282685050881,-0.4657316383716521,0.17156287733587633,1.4527668804302971,0.6372945157075285,0.01888888888888889,0.9999999999535201,0.06848618904993817,9,54.0,1.2003472222222222,0.01645921235346019,1.1777777777777778,1.2194444444444446,0.01371204267818185,0.02717602169565707,0.0,3.241626898071639,0.30675781827155557,1.40625,0.840848094786864,0.4402858789987485,0.2018046575073656,0.12396855850047607,3.6284153642162287,0.6051936497232713,0.14714361370140874,0.16957621018274371,0.07639538092362266,0.0016781724440611794,1.297302489214938e-05,NSR,117m (10).mat
1.1842378929335004e-17,0.9999999999767798,0.9999999999535597,0.6214525252489095,3.349768819078939,0.9999999999767798,-4.377670464832106,3.472850429046838,7.850520893878944,0.6711790704906356,-0.6112311795979262,-0.5014869251950582,0.18899325056894875,1.5297349061420018,0.690480175764007,0.0175,0.9999999999535597,0.06522236721344268,8,48.0,1.182936507936508,0.01702191316629143,1.1555555555555554,1.2055555555555555,0.014389540806035814,0.02555958100341158,0.0,3.190106694407503,0.15835858153661098,1.40625,0.8544680838701257,0.4386342788277426,0.21353432264309066,0.12643904307617043,3.6491836380102813,0.672699341764793,0.0861232611990561,0.2019094155734016,0.037860307825649045,0.0013969277667161175,1.0745870384067152e-05,NSR,117m (11).mat
-1.973729821555834e-18,0.999999999976545,0.9999999999530901,0.651148328562205,3.4489039722391652,0.999999999976545,-4.309236122247013,3.5871195092197183,7.896355631466731,0.6698665655028061,-0.6051950412957225,-0.5096046865370147,0.19778986541527113,1.4612695337088626,0.7073945519522858,0.019166666666666665,0.9999999999530901,0.06545851236361155,8,48.0,1.2059523809523809,0.015602859723283728,1.1861111111111111,1.2333333333333334,0.012938205485380294,0.022906142364542574,0.0,3.265948994686863,0.18520488680299033,1.40625,0.8720879112280149,0.46329610828126766,0.20517341347317558,0.1281089040032815,3.616190237046416,0.6432389117152131,0.15843022366670673,0.15794594061993553,0.03887045961710847,0.0015029780656535378,1.1486315382459779e-05,NSR,117m (12).mat
-1.1842378929335004e-17,0.9999999999774426,0.9999999999548852,0.5317643899655815,2.948616198972963,0.9999999999774426,-4.578203258118778,4.019422529717537,8.597625787836314,0.6898748902029986,-0.6385309516178743,-0.5068830564432496,0.2218053436627852,1.5584742490693821,0.7286884001060348,0.016944444444444446,0.9999999999548852,0.06639536507824756,9,54.0,1.1805555555555554,0.02344714307796409,1.136111111111111,1.2194444444444446,0.019861109413922527,0.04233589543552897,0.2857142857142857,3.0951263336768666,0.38940628697614044,1.40625,0.8026208067929788,0.4222898043337644,0.19354538096884144,0.11606700102264976,3.6338074367720514,0.6610102505571152,0.13746875828922037,0.1757770670498705,0.024171942654719537,0.0015598376171273272,1.2143831946848216e-05,NSR,117m (13).mat
-1.1842378929335004e-17,0.9999999999779511,0.9999999999559022,0.6094982089472254,3.688980684580434,0.9999999999779511,-4.4363229456187945,3.73240204208587,8.168724987704664,0.6501526799736117,-0.5973211696399944,-0.503717255348475,0.13661922078231903,1.4616512357992462,0.640336476130794,0.020555555555555556,0.9999999999559022,0.06832782123563132,9,54.0,1.1600694444444444,0.02635002620820025,1.125,1.1916666666666667,0.02271418001023642,0.03019265009782108,0.14285714285714285,3.3242346357389096,0.26988487560557106,1.40625,0.8478811645679556,0.43218653495176895,0.20501302947172034,0.13528490616240482,3.682719567266122,0.6065302227849666,0.13921515074792412,0.20087576225972315,0.05166910358972501,0.0016967014731074925,1.3059144553240622e-05,NSR,117m (14).mat
-3.947459643111668e-18,0.9999999999778155,0.999999999955631,0.8899004249739229,3.2428400938293125,0.9999999999778155,-4.174505212308637,4.326843866311098,8.501349078619736,0.6658096694837475,-0.6128729404585113,-0.4884245290187417,0.14926423173813497,1.5160782175041618,0.6376887607568766,0.016944444444444446,0.999999999955631,0.06705569242991291,9,54.0,1.201736111111111,0.036534312364382496,1.1388888888888888,1.2527777777777778,0.03040127694939784,0.03578916312979207,0.14285714285714285,3.330878147778362,0.38798492895861253,1.40625,0.8220728574739264,0.44645947411904446,0.18284279933336808,0.12067550218601632,3.599850224714776,0.6210077036373546,0.15803631559841674,0.17543148673190623,0.04391885457129333,0.0015933351933625313,1.2304267666473238e-05,NSR,117m (2).mat
1.578983857244667e-17,0.9999999999771791,0.9999999999543583,0.7771205700120716,3.496481349677328,0.9999999999771791,-4.29768079454352,3.445547635932927,7.743228430476447,0.6587297121458733,-0.5951866789237855,-0.5008359890317859,0.13096408433370182,1.4456914550628068,0.6318000733654878,0.01972222222222222,0.9999999999543583,0.06516144563019315,8,48.0,1.2103174603174605,0.012919698885793465,1.1888888888888889,1.225,0.010674636447639161,0.025281338780511288,0.0,3.261174928661206,0.18679728103522492,1.40625,0.8468687266638113,0.4480304081041319,0.20077645176609066,0.12189745202140415,3.608886766102321,0.6548958738354875,0.1434814292286809,0.1444404100627791,0.055639866828669136,0.0015305398090841437,1.1880235298921753e-05,NSR,117m (3).mat
-2.7632217501781673e-17,0.9999999999778244,0.9999999999556489,0.662711820351625,3.0168911323114678,0.9999999999778244,-4.0560636434292014,3.4761615551224465,7.532225198551648,0.6580145294387207,-0.59359228604304,-0.45078705333424196,0.18704611011324052,1.462755026914302,0.6378331634474825,0.025277777777777777,0.9999999999556489,0.06270766861259625,8,48.0,1.2194444444444443,0.017315416054977356,1.1916666666666667,1.25,0.014199430010660714,0.028441152876680913,0.16666666666666666,3.1775242467994382,0.2421257896807359,1.40625,0.7908527576766116,0.40972348503387296,0.19680496730437233,0.11463726223699294,3.638222167523318,0.6705653814581275,0.1277336252896226,0.15361658131036038,0.04669206830650694,0.0013815857525823322,1.0757882800041423e-05,NSR,117m (4).mat
3.947459643111668e-18,0.9999999999755852,0.9999999999511704,0.7441192224095745,3.7330231895004644,0.9999999999755852,-4.402844128160435,3.6033567337608914,8.006200861921327,0.650032653194025,-0.5723905970966175,-0.478431203293535,0.11588044016146588,1.4931461809330133,0.5943116434550009,0.017777777777777778,0.9999999999511704,0.06666584641596343,8,48.0,1.2087301587301589,0.022926756866117896,1.1583333333333334,1.2361111111111112,0.018967638626007432,0.03074436614052588,0.16666666666666666,3.3404700331969153,0.2058479294726613,1.40625,0.8817315218732826,0.45070988136199647,0.21424431966731583,0.13750501064979992,3.6647418117371333,0.6449374752972903,0.13762075515467687,0.1881341312682356,0.02768695687659145,0.0016082612046382553,1.242019856726047e-05,NSR,117m (5).mat
1.973729821555834e-18,0.9999999999777452,0.9999999999554906,0.3930974631103949,3.238934682988309,0.9999999999777452,-4.652274221076099,3.3001178279923353,7.952392049068434,0.6755740048602122,-0.6317821093045838,-0.49678357050608446,0.2508841710075108,1.4201298691895718,0.7476677415135953,0.01888888888888889,0.9999999999554906,0.06632919319036434,9,54.0,1.195138888888889,0.02392560163465584,1.163888888888889,1.2305555555555556,0.020019097225495004,0.03318419015420553,0.2857142857142857,2.9947594513478104,0.2372370538756394,1.40625,0.8248948219070261,0.45215112320407086,0.18387218545750836,0.11827562881823905,3.593190830513865,0.6662005354712333,0.12442696494863531,0.1581184982538595,0.04968623029776481,0.0015556271554617287,1.2143873045067257e-05,NSR,117m (6).mat
2.3684757858670008e-17,0.9999999999769876,0.9999999999539753,0.7053987962478203,3.1892931796193107,0.9999999999769876,-4.491444451357593,3.3729539317797586,7.864398383137351,0.6738684121759824,-0.6118304424508458,-0.49920927773945406,0.16660549725323887,1.5792894592385096,0.6658147749926929,0.018333333333333333,0.9999999999539753,0.06449363691205422,8,48.0,1.2011904761904761,0.036456139929701106,1.125,1.2361111111111112,0.03035000744841915,0.06113215126016318,0.3333333333333333,3.1462691168558923,0.18215248337614445,1.40625,0.8232285138345765,0.4342914223360942,0.18833823148472725,0.1277366717171055,3.631392556865955,0.6689350915070661,0.13697455697468366,0.13959858678988157,0.05297327949248846,0.0015068079076071092,1.1677328272749428e-05,NSR,117m (7).mat
1.3816108750890837e-17,0.9999999999771696,0.9999999999543393,0.7346661443351995,3.6864571483917477,0.9999999999771696,-4.550523810347989,3.5274801800038045,8.078003990351792,0.6538975789387602,-0.5677946118911618,-0.4675657212578589,0.14805183631944657,1.4672813903737152,0.6156175575773055,0.0175,0.9999999999543393,0.06521944921758174,8,48.0,1.2198412698412697,0.01790557805187064,1.1916666666666667,1.238888888888889,0.014678613094900428,0.030869598292906832,0.0,3.2778412805344836,0.199399338109995,1.40625,0.9070837216818233,0.47830052259945743,0.21651202807755188,0.1291899963185797,3.639790556735119,0.6424041469935985,0.12616003572601828,0.17597921142647,0.05397166901355557,0.0014735342006922142,1.1402639665104682e-05,NSR,117m (8).mat
1.8750433304780422e-17,0.9999999999776038,0.9999999999552076,0.6778138428717959,3.866914770964338,0.9999999999776038,-4.544229148201968,3.568856887126875,8.113086035328843,0.6497953001921389,-0.6004483678365048,-0.49223674447036186,0.1335199106176539,1.47885754151446,0.6257566550880158,0.01888888888888889,0.9999999999552076,0.06636901208940382,8,48.0,1.2043650793650793,0.0209905256435527,1.1666666666666667,1.2277777777777779,0.017428706615430795,0.01563142871864278,0.0,3.340492180411741,0.20647779339455713,1.40625,0.8869572307516576,0.45360486994028737,0.21293513274957768,0.14165349775752684,3.6850900709791032,0.6230383039831434,0.16153239794217278,0.16803090725743064,0.04578541663600954,0.0016007346496730698,1.2239531570369734e-05,NSR,117m (9).mat
-3.3553406966449176e-17,0.9999999999752411,0.9999999999504823,3.32869498294908,12.163617904535489,0.9999999999752411,-0.9224551913369589,5.542273875360395,6.464729066697354,0.570293403349288,-0.6906920951473033,-0.5282231153019743,0.14579537187238778,0.5087347717806602,0.6740184871743621,0.021111111111111112,0.9999999999504823,0.0493151150881196,10,60.0,0.9925925925925926,0.02218360842724245,0.9555555555555556,1.0277777777777777,0.022349157721347723,0.02290614236454253,0.0,4.908110682331988,0.37937031022481954,1.40625,0.8646545910737677,0.3614119843045752,0.35411465693904065,0.01676295483835034,3.3250580097342843,0.6200351770211587,0.25129135339038755,0.1227103524745848,0.005678727937927068,0.00028190318681862173,2.485989122892389e-06,NSR,121m (0).mat
-2.1711028037114173e-17,0.99999999997263,0.9999999999452601,3.079488420953569,11.100092484614319,0.99999999997263,-1.217813142136705,5.928659259667683,7.146472401804388,0.5984691733820741,-0.7726681327365089,-0.5110343023019904,0.21126061323031317,0.5981303364515637,0.7222949155323036,0.01611111111111111,0.9999999999452601,0.0507343951789365,10,60.0,1.001543209876543,0.015664910543764853,0.975,1.0333333333333334,0.015640773531932824,0.025401862719683185,0.125,4.820489066215807,0.4738534963148185,1.40625,0.8836831759273216,0.386315042402546,0.3496734171735959,0.016536462285165303,3.3005119771708262,0.628652231853676,0.27913822186192044,0.0855093772808932,0.006392546873644662,0.00030475157535164146,2.870554513870812e-06,NSR,121m (1).mat
2.3684757858670008e-17,0.9999999999748651,0.9999999999497302,3.0395502148011695,11.48250878532876,0.9999999999748651,-2.381975026423036,5.577433735122827,7.959408761545863,0.58030236434638,-0.7010184397980571,-0.5011314408408725,0.20677977289786797,0.5778092793463808,0.7079112137387404,0.01888888888888889,0.9999999999497302,0.04755413986397652,9,54.0,1.0270833333333333,0.015820535763742413,0.9916666666666667,1.0444444444444445,0.015403361377693194,0.02081348260625937,0.0,4.96374103311111,0.2775208600491321,1.40625,0.7462302508028356,0.3232238858179447,0.29811785471092084,0.01749898649279521,3.3370853899667936,0.6762758322685797,0.21569478241921183,0.10032896410168,0.007272770476746171,0.00042453948970019303,3.1112440819457755e-06,NSR,121m (10).mat
-3.947459643111668e-18,0.9999999999734684,0.999999999946937,3.0928714326935802,10.814785744603867,0.9999999999734684,-1.1976752509307365,4.986356840204772,6.184032091135508,0.5930330122478755,-0.733412577979774,-0.5603240981172326,0.22297146801156226,0.5246052346726318,0.7832955661287948,0.01638888888888889,0.999999999946937,0.05006956696362936,10,60.0,0.9842592592592594,0.014103283529377605,0.9666666666666667,1.011111111111111,0.014328829911808727,0.021381672664362,0.0,4.8369160977760455,0.09578354045978975,1.40625,0.8144817483413487,0.36265180467893626,0.316966074975891,0.018876004314114507,3.3363218331476103,0.6416278604420051,0.24509353412142917,0.10365353145155538,0.009196949452180653,0.0004241408721871305,3.983660642233895e-06,NSR,121m (11).mat
0.0,0.9999999999761804,0.9999999999523609,2.7225890054227784,8.927597443833482,0.9999999999761804,-1.6838496149063609,5.230995547585564,6.9148451624919245,0.5963631653909149,-0.6992786497178961,-0.4819725900020514,0.21449044257419503,0.5342415995116147,0.6964630325762464,0.019444444444444445,0.9999999999523609,0.04913421506707032,10,60.0,0.9919753086419753,0.012992324185092075,0.9694444444444444,1.0166666666666666,0.013097426981102259,0.015559275348894489,0.0,4.41820064528712,0.224465594117413,1.40625,0.6444087523684972,0.2904011887488009,0.2502192146655325,0.013959399010127892,3.3337907156143087,0.6729178075535274,0.25403604630003174,0.06435746662860671,0.008381618537189892,0.0003043740836600036,2.6868969839269207e-06,NSR,121m (12).mat
-1.1842378929335004e-17,0.999999999973966,0.9999999999479322,3.0510347174681756,10.659192361223395,0.999999999973966,-1.1000366512388338,5.108445328391139,6.208481979629973,0.6107695988571435,-0.7327247345574706,-0.5799131701101237,0.25928267989619386,0.5969517795388796,0.8391958500063175,0.01861111111111111,0.9999999999479322,0.050430104170777534,10,60.0,0.9537037037037036,0.013733700902028998,0.9277777777777778,0.9805555555555555,0.0144003853967368,0.016047527789293515,0.0,4.823996283108319,0.2892153321679377,1.40625,0.8768755822871902,0.38735165606867683,0.346773595081729,0.018009647689292828,3.3289269747937134,0.5982895682389703,0.30051865831659386,0.0917657380690343,0.009059451821353466,0.00036326079220553963,3.3227618424598873e-06,NSR,121m (13).mat
1.973729821555834e-18,0.9999999999764683,0.9999999999529366,2.796375281909517,9.473447473461702,0.9999999999764683,-1.6214683997134136,5.741453062453329,7.362921462166742,0.601621395023557,-0.6890036349031788,-0.5043364475767051,0.2132979494303721,0.5623502954675718,0.7176343970070773,0.01861111111111111,0.9999999999529366,0.04826924692736807,11,66.0,0.9483333333333333,0.024789235019247888,0.9055555555555556,1.0,0.026139790853892547,0.02686781134916092,0.0,4.455395520739713,0.47854206823750656,1.40625,0.7140265720160689,0.30578326372337866,0.2919464551616834,0.014778328915850169,3.331953147573194,0.6358557948078813,0.2984266195775438,0.059645064173786046,0.0058078827436277665,0.00026218048947237294,2.4582076885237433e-06,NSR,121m (14).mat
-1.973729821555834e-18,0.9999999999735882,0.9999999999471766,2.980465981788331,10.18784335451294,0.9999999999735882,-1.1022167218940404,5.1440404652706775,6.2462571871647175,0.6127667978723167,-0.7534975736697869,-0.5731557575971945,0.2321234506304462,0.6532030233608161,0.8052792082276408,0.017222222222222222,0.9999999999471766,0.04904766881446219,10,60.0,0.9774691358024692,0.012104118241436765,0.9638888888888889,1.0083333333333333,0.01238312063850136,0.02060055135304349,0.0,4.777766815249328,0.2572612778755125,1.40625,0.8860236227804179,0.39022727065268514,0.35073791473627386,0.017343799990878775,3.3173702549181123,0.7548106748345605,0.1390822101994242,0.09833463371150816,0.007435157242475211,0.000334277418464692,3.046593566771904e-06,NSR,121m (2).mat
-7.894919286223335e-18,0.9999999999732369,0.9999999999464737,3.160390594833432,11.374766597396547,0.9999999999732369,-0.9838688278160533,5.378946509100401,6.362815336916454,0.594391744585984,-0.7400780656432403,-0.5603117119219565,0.20020938286112472,0.5929385201323859,0.7605210947830812,0.017222222222222222,0.9999999999464737,0.05047594412491731,10,60.0,1.0132716049382717,0.020318864926707165,0.9833333333333333,1.0472222222222223,0.02005273295691756,0.01786761156981756,0.0,4.933210614226726,0.3185666194465526,1.40625,0.811164951825214,0.3498628072641175,0.3257776986458106,0.019143978940853484,3.346561935320344,0.6613064484208577,0.2499991241779245,0.08075648967138195,0.00763340883351463,0.00030182489709498756,2.7039992260119845e-06,NSR,121m (3).mat
-1.1842378929335004e-17,0.9999999999739295,0.999999999947859,3.0247357382707576,10.444194715643432,0.9999999999739295,-1.2525481926289734,5.2423646568270295,6.494912849456003,0.6124294263200358,-0.734980683132732,-0.5723751061248887,0.24702552363537447,0.6204720602720504,0.8194006297602632,0.017777777777777778,0.999999999947859,0.051845008762965106,10,60.0,1.0262345679012346,0.01929444396060222,0.9944444444444445,1.0555555555555556,0.0188012025177249,0.02667968432263689,0.125,4.82794884975764,0.24646331410458272,1.40625,0.8359744585172804,0.35482845502908633,0.3383846734414485,0.01743981141094678,3.3461800472444336,0.669613588106688,0.24777456155599878,0.07297882181707992,0.009257478423399055,0.0003718557507328289,3.694346101105872e-06,NSR,121m (4).mat
2.1711028037114173e-17,0.9999999999735903,0.9999999999471808,3.1611948631156754,11.15548935511908,0.9999999999735903,-0.949052922607754,5.342142681975945,6.291195604583699,0.6011264669171935,-0.7011905420382455,-0.5613082508162237,0.2025150618988986,0.6212223138725796,0.7638233127151223,0.018333333333333333,0.9999999999471808,0.05092604971826674,10,60.0,0.9969135802469137,0.022239362388459003,0.9638888888888889,1.0305555555555554,0.02230821488121627,0.02036510874807662,0.0,4.852149752472512,0.3150801728549012,1.40625,0.9006726506055615,0.38025435220349185,0.36596460339488696,0.016949808351925607,3.3231185559359013,0.5679608746857008,0.3541209219095534,0.07042883203606407,0.007195960492900356,0.0002907576233255527,2.6532524555330638e-06,NSR,121m (5).mat
-7.894919286223335e-18,0.9999999999741713,0.9999999999483428,3.203595959799985,11.489479511697525,0.9999999999741713,-0.9321776991058321,5.460709249070484,6.392886948176316,0.5993324649575354,-0.706778550431023,-0.5497050927531782,0.21963455913998328,0.6001097122913528,0.7693396518931616,0.01611111111111111,0.9999999999483428,0.0503627692037975,10,60.0,0.9956790123456789,0.023791472025434277,0.9611111111111111,1.0333333333333334,0.023894720795098627,0.01540352292556861,0.0,4.950654464611789,0.26880475648534735,1.40625,0.8620265833005052,0.3617421594815028,0.3550440619072033,0.017651283412814956,3.3301353397155546,0.6281820712912322,0.29636157375962296,0.06897760060845522,0.006223658415823205,0.000252807672439661,2.288252426609088e-06,NSR,121m (6).mat
-3.947459643111668e-18,0.9999999999743054,0.999999999948611,3.1136071779513568,10.95348548978104,0.9999999999743054,-1.0024587434081134,5.229602765948078,6.232061509356192,0.6046042407240175,-0.7183047434893864,-0.5682216452419939,0.2226566525700029,0.6191932367743531,0.7908782978119968,0.017777777777777778,0.999999999948611,0.05073171125283693,10,60.0,1.0015432098765433,0.01732798623162739,0.9777777777777777,1.025,0.017301286697817123,0.022091630167481734,0.0,4.885881511758542,0.24311181203064552,1.40625,0.8741787745849426,0.36875294611442,0.3582649225786474,0.016820937541313887,3.3325026183015276,0.6273486933591302,0.2529954154876057,0.11190872754393966,0.007455276181636218,0.0002891650973050448,2.7223303827853453e-06,NSR,121m (7).mat
7.894919286223335e-18,0.9999999999739442,0.9999999999478885,3.2922288024424393,11.979879485722076,0.9999999999739442,-0.9615779866429798,5.475493592273078,6.437071578916058,0.5831795918538092,-0.6800311102088028,-0.531422824545025,0.16293160365526535,0.573375326991096,0.6943544282002904,0.022222222222222223,0.9999999999478885,0.05170138676144842,10,60.0,1.0327160493827159,0.011093951083710805,1.0194444444444444,1.0583333333333333,0.010742498946926872,0.019295061096458153,0.0,4.982517124983663,0.26079813321091616,1.40625,0.8502011635116992,0.34659925116671925,0.35674719564904245,0.018926038321728955,3.3588149081059218,0.6094044235476603,0.3201788879669658,0.06340962278516027,0.006695651882676055,0.0003086138491838401,2.79996835354326e-06,NSR,121m (8).mat
-7.894919286223335e-18,0.9999999999735334,0.9999999999470669,2.6794213939263023,9.349766808735515,0.9999999999735334,-2.243792052829742,5.396762130134106,7.640554182963848,0.6428280056860148,-0.7697996047295277,-0.5678720119731165,0.3275009679884199,0.7328176618346754,0.8953729799615364,0.015833333333333335,0.9999999999470669,0.04993019171829706,10,60.0,1.019135802469136,0.012725634646968109,1.0,1.0361111111111112,0.012486691767328827,0.018737135504488994,0.0,4.522420965217347,0.9179203832899104,1.40625,0.7788941535714982,0.3433665868375111,0.3065950462756527,0.014149321837724086,3.2857280635837838,0.6210440071428404,0.28820715474810077,0.08439399112917839,0.0059008657925662365,0.0004506881428499953,3.2930444640007712e-06,NSR,121m (9).mat
-7.894919286223335e-18,0.999999999985444,0.999999999970888,3.362818452983463,10.835372399521917,0.999999999985444,-1.0388263329254874,4.614816181233028,5.653642514158515,0.5343474922785361,-0.5175869520661689,-0.4297318444496105,-0.08788519941403787,0.29403023205568385,0.3418466450355726,0.023333333333333334,0.999999999970888,0.06429930447676896,15,90.0,0.6630952380952381,0.02098302232762268,0.6083333333333333,0.6972222222222222,0.03164405516808267,0.021749785777945386,0.07692307692307693,4.5371605091599685,0.06023939446041536,5.625,1.0549564483557337,0.2967956711881594,0.522278502714101,0.061291979297205854,3.6165810457575636,0.4228057356675175,0.3390208300946313,0.21697888094964254,0.02037989018198547,0.0008071685572695486,7.494548953298681e-06,NSR,122m (0).mat
9.86864910777917e-18,0.9999999999856771,0.9999999999713542,3.3336785021705095,10.76212985692918,0.9999999999856771,-1.15015994469101,4.751623452326821,5.901783397017831,0.5400371085104252,-0.5372802322983309,-0.42301487817647426,-0.07833021646773868,0.3369058055866441,0.3446846617087356,0.023055555555555555,0.9999999999713542,0.06395634582295143,15,90.0,0.6904761904761906,0.01688724034202635,0.6611111111111111,0.7277777777777777,0.024457382528892985,0.027788459484681997,0.07692307692307693,4.563469259381534,0.13514038430580294,5.625,0.9172366346867873,0.2592939866560092,0.45081061788120746,0.05443428326188956,3.6246475326526397,0.40621041794298046,0.3974309757006345,0.17308046296425408,0.022375800620320203,0.0008942588866121022,8.08388519822499e-06,NSR,122m (1).mat
-2.960594732333751e-18,0.9999999999859273,0.9999999999718546,3.2712908531963536,10.425266288098898,0.9999999999859273,-1.0811230919675845,5.256327807381791,6.337450899349376,0.5410090887170039,-0.5372835833575954,-0.4124427944837982,-0.06876946581022453,0.33121385886247484,0.3436733286735737,0.0225,0.9999999999718546,0.06260802782737955,15,90.0,0.6956349206349206,0.018714009718335867,0.6611111111111111,0.7361111111111112,0.02690205614513018,0.019792369533178474,0.0,4.453546009719727,0.2705571126756432,5.625,0.9960020592703511,0.2737064297477155,0.49483855376082025,0.05788692251618533,3.6242805109265572,0.3948252745984312,0.4318993788983859,0.15355980227192495,0.018845852335406126,0.0008617378222022062,7.954073649442551e-06,NSR,122m (10).mat
-1.6776703483224588e-17,0.9999999999869259,0.9999999999738519,2.380711034522925,8.266022101273037,0.9999999999869259,-4.092255457934087,4.8405898908933676,8.932845348827454,0.5714732830324816,-0.5603248312725324,-0.38380630567576407,-0.012084946669515522,0.8231879449156374,0.37172135900624853,0.021111111111111112,0.9999999999738519,0.055640112933425724,13,78.0,0.7155092592592592,0.00852090848116015,0.7027777777777777,0.7305555555555555,0.011908872399600623,0.016476184220402656,0.0,4.3037015125597495,0.2738084056301474,5.625,1.048673505758785,0.3155993753034493,0.5024851063376955,0.05557111515711104,3.6086593682224755,0.5018079533688327,0.3139608347859445,0.1654934615471388,0.018067104863542568,0.0006647507425494484,5.894691991748352e-06,NSR,122m (11).mat
1.578983857244667e-17,0.9999999999872003,0.9999999999744008,1.8559259631245213,8.750297147410153,0.9999999999872003,-3.6600571391004024,4.670212510014343,8.330269649114745,0.4998455114939457,-0.4072064198706748,-0.28125948166993353,0.03476360013696324,0.3976915407747381,0.31602308180689676,0.028055555555555556,0.9999999999744008,0.053818022985964845,14,84.0,0.7309829059829058,0.01578306436976017,0.7027777777777777,0.7611111111111111,0.021591564206205522,0.01719831076019141,0.0,3.978768624520248,1.1145013240807264,5.625,0.7626935117282736,0.2246124489510663,0.36498080905389446,0.045935691860949666,3.6204583007733997,0.5907088926746479,0.2768679593423386,0.11635847768608633,0.015089254248597946,0.000968837300069081,6.5787482597846626e-06,NSR,122m (12).mat
-5.921189464667502e-18,0.9999999999867936,0.9999999999735871,2.411608011524439,8.688819275830461,0.9999999999867936,-4.33889861204481,5.146902322658467,9.485800934703278,0.5632525302917597,-0.5562444670343732,-0.3893964207244336,-0.00506159726842175,0.7526148326096176,0.38433482345601183,0.021388888888888888,0.9999999999735871,0.058718286958638594,14,84.0,0.7017094017094017,0.014311454743282343,0.6805555555555556,0.7277777777777777,0.02039513036026558,0.020190706006811603,0.0,4.234208589683751,0.3196179890358445,5.625,0.6846079187660138,0.2141008443553061,0.3191571880357554,0.03812280629692283,3.56910344874096,0.5523027202100955,0.3007881611241368,0.12701695559615378,0.01910565417947545,0.0007793816961148226,7.127194023403666e-06,NSR,122m (13).mat
-7.894919286223335e-18,0.9999999999874275,0.999999999974855,1.8756341287795348,8.144014275408223,0.9999999999874275,-3.6431123671343406,4.395264602467451,8.038376969601792,0.5155471397498904,-0.4483740375567728,-0.3116447135521583,0.041415227798830306,0.4280669184517803,0.3530599413509886,0.029166666666666667,0.999999999974855,0.05669301945800002,14,84.0,0.6831196581196581,0.014432175034844685,0.6555555555555556,0.7055555555555556,0.02112686239105393,0.02017477645324162,0.0,4.167159887071941,0.11835332475902036,5.625,0.8285185378061002,0.23874024982058029,0.4014294064042604,0.05033299404566213,3.6294298243210807,0.5415191017949383,0.31194173675044307,0.1286144248664292,0.017112674238242215,0.0008048292432777633,7.233106669137468e-06,NSR,122m (14).mat
-1.973729821555834e-17,0.9999999999851507,0.9999999999703014,3.365414244158423,10.93041834180163,0.9999999999851507,-1.13102154238394,5.092538126691572,6.223559669075512,0.5378131314561304,-0.5226425508013921,-0.41825047256187736,-0.08152313651882188,0.33362054375085465,0.3367273360430555,0.023055555555555555,0.9999999999703014,0.0664489993890771,15,90.0,0.6704365079365079,0.01752445830694567,0.6305555555555555,0.7,0.02613887828803381,0.024006864323831808,0.07692307692307693,4.491321941395747,0.2545230095110324,5.625,0.8918519194579281,0.24314614440028198,0.4410146877857994,0.06103733860711722,3.6714509215529727,0.3857911120446549,0.44213486297996824,0.14826150844854674,0.022760759656951287,0.0010420789250208183,9.677944857843959e-06,NSR,122m (2).mat
1.3816108750890837e-17,0.9999999999851529,0.9999999999703058,3.5168898978937118,11.96850336343725,0.9999999999851529,-1.0410561776635492,4.926025603945581,5.96708178160913,0.5218841195117151,-0.4988387931238444,-0.4101184321211728,-0.09577844790552167,0.3141208763882166,0.3143399842156511,0.021111111111111112,0.9999999999703058,0.0631743747621112,14,84.0,0.6982905982905983,0.010593636971145761,0.6805555555555556,0.7194444444444444,0.01517081424539864,0.013297598718838032,0.0,4.688355424399349,0.1552793597041566,5.625,0.823233740303994,0.23856301001272423,0.39463370551322013,0.04947180810726888,3.5750144524888823,0.43567552955991345,0.38222023211520484,0.15633715652272648,0.024814587756698286,0.0009436819411864323,8.812104270275927e-06,NSR,122m (3).mat
2.4671622769447922e-17,0.9999999999856384,0.9999999999712769,3.4938241332525366,11.807681596655572,0.9999999999856384,-1.0068308014339158,4.8677081000444815,5.874538901478397,0.5283140558857266,-0.504617488851797,-0.4082557688731847,-0.10195632672369556,0.3395383523250898,0.3062994421494891,0.025,0.9999999999712768,0.06116073132611394,14,84.0,0.698931623931624,0.009150689361266614,0.6777777777777778,0.7083333333333334,0.013092395643367576,0.013369934331660787,0.0,4.689194706856413,0.08613896258480926,5.625,1.2308115361087855,0.3463428490679029,0.6049920943168683,0.06912114510177676,3.6112447676445094,0.43563207222561207,0.3699451309170844,0.1756661440163953,0.017946061323163183,0.00080318197896953,7.409538775271623e-06,NSR,122m (4).mat
-5.921189464667502e-18,0.9999999999852226,0.9999999999704452,3.4895069834477117,11.819651338560819,0.9999999999852226,-1.0772432067957272,5.026808361601243,6.1040515683969705,0.5284081465929661,-0.5011211758639723,-0.403956377709674,-0.0922231809478852,0.3428894236019118,0.3117331967617888,0.023055555555555555,0.9999999999704452,0.06259288358410948,14,84.0,0.7138888888888888,0.018263919355861608,0.675,0.75,0.025583700229183066,0.03233457424117445,0.08333333333333333,4.675067779586571,0.16020519265355943,4.21875,0.9397311195761324,0.28161484996006475,0.438940946784099,0.05907426906898816,3.599884841443689,0.36052831374073474,0.44125823394829966,0.1744092786777767,0.022822978042718132,0.0009721420589113081,9.053531559194372e-06,NSR,122m (5).mat
3.947459643111668e-18,0.9999999999859212,0.9999999999718423,3.368118229708038,10.77983504368038,0.9999999999859212,-1.0643978431940926,5.02992973921491,6.094327582409003,0.5372498610288832,-0.49106274582495113,-0.4056360872155348,-0.11220638153654518,0.2995509626068675,0.2934297056789896,0.020833333333333332,0.9999999999718423,0.06448531617734847,15,90.0,0.6843253968253968,0.014456921612656234,0.6555555555555556,0.7055555555555556,0.021125800180143053,0.019581325289544798,0.07692307692307693,4.483750471168757,0.19322018636562574,5.625,0.9438767624593106,0.2649969068284479,0.46334980281387406,0.05653207529480862,3.6263114304380966,0.4416165285386806,0.3667648696086977,0.16770300972026353,0.02292476741223426,0.000981629930659308,9.194789464345622e-06,NSR,122m (6).mat
-1.1842378929335004e-17,0.9999999999859098,0.9999999999718198,3.3595188263382356,11.193789824341989,0.9999999999859098,-1.0395483159707357,4.873243082528073,5.9127913984988085,0.538100178448647,-0.548779136363329,-0.41746913170541466,-0.012042571830504094,0.34982982058398077,0.40542655987491055,0.025,0.9999999999718198,0.06052790386385951,14,84.0,0.691880341880342,0.010865967636830006,0.6777777777777778,0.7111111111111111,0.015704980996561185,0.013345866023518097,0.0,4.633369998612935,0.11965720604670203,5.625,1.0448421838598851,0.3027496109045508,0.5068617121812261,0.05944810147679021,3.619777455113266,0.44586094298646367,0.3577393641277852,0.16851202909861798,0.0270618739796065,0.0008181762388421444,7.613568684207956e-06,NSR,122m (7).mat
9.86864910777917e-18,0.9999999999859768,0.9999999999719535,3.3298007992813634,10.56537341736677,0.9999999999859768,-1.1427604590117502,4.79112890504777,5.93388936405952,0.5406679982398291,-0.5063053422751567,-0.41045593144205467,-0.11519254186089711,0.31747396003269074,0.29526338958115755,0.02361111111111111,0.9999999999719535,0.06241671019060746,15,90.0,0.6982142857142858,0.016587349054386406,0.6555555555555556,0.7166666666666667,0.02375681702596565,0.01863389981249823,0.0,4.467635486498679,0.14588737612287572,5.625,0.7461218206995985,0.2166211660226095,0.36183135890636287,0.04186961186186654,3.5800479118142947,0.39465679337453435,0.35216184190476096,0.23323794919463078,0.019063606847129176,0.0008718984392615531,7.910239682901716e-06,NSR,122m (8).mat
-1.973729821555834e-18,0.9999999999848344,0.9999999999696687,3.494372168520591,11.797770048807344,0.9999999999848344,-1.0364867425180535,4.958397516274695,5.994884258792748,0.5232096522369153,-0.5073241395929423,-0.40838822495612587,-0.08791164176294533,0.3092797162923884,0.3204765831931805,0.024444444444444446,0.9999999999696687,0.06409693149489765,14,84.0,0.6841880341880342,0.01595282602985478,0.6638888888888889,0.7138888888888889,0.023316435262523257,0.022595248781319334,0.08333333333333333,4.6493730361592345,0.15705231793950666,5.625,1.0339452664668651,0.2859237134977044,0.5096177351430381,0.06313071364004336,3.6284676854729043,0.4497874375760392,0.3245198380245342,0.1914723498435652,0.033200243375351074,0.0010105471400082236,9.584040501748116e-06,NSR,122m (9).mat
-1.8750433304780422e-17,0.9999999999828416,0.9999999999656832,4.330964884423588,26.860908373266625,0.9999999999828416,-3.65711315335985,7.888919883663998,11.546033037023848,0.48794542524225504,-0.45116316519840693,-0.3176664962316831,-0.02007302934682234,0.6383917592031914,0.29759346688486077,0.019444444444444445,0.9999999999656832,0.07045022470643003,8,48.0,1.319047619047619,0.07448276334681249,1.2138888888888888,1.4527777777777777,0.056467076862716736,0.13141952113357974,0.8333333333333334,7.379613824973039,0.2909938394234528,2.8125,0.8295245307511421,0.15830207989892153,0.3271607724806439,0.2233864596185398,4.218522273873404,0.2620430290217413,0.30707143195148656,0.3167303115805745,0.10993489558885489,0.004184828537968196,3.550331937438789e-05,NSR,123m (0).mat
4.934324553889585e-18,0.999999999982442,0.9999999999648842,4.4910540296892085,28.064758982959027,0.999999999982442,-3.2325487398954893,7.915311784933752,11.147860524829241,0.48425813058244216,-0.45775887685994876,-0.3353748811627962,-0.01330834255897574,0.6200467716827663,0.32206653860382045,0.01888888888888889,0.9999999999648842,0.07110997788833556,8,48.0,1.2654761904761904,0.07177605075040888,1.1555555555555554,1.336111111111111,0.056718610143649886,0.10667655239683986,0.5,7.455002073908728,0.28224628888368075,5.625,0.991282418745956,0.16932873111642296,0.3960430587315763,0.28071191934542467,4.244527385830895,0.23797378508538927,0.3148770055888538,0.3469837293186584,0.09583541928747139,0.004294121678599679,3.5939041027287574e-05,NSR,123m (1).mat
-1.973729821555834e-18,0.9999999999846358,0.9999999999692717,3.3581070271638813,18.547070046115017,0.9999999999846358,-3.2060859553665435,7.713979456736666,10.92006541210321,0.5543219414994758,-0.7457680924902235,-0.3893369360111729,0.1881955255527925,0.8026649077735977,0.5775324615639654,0.02277777777777778,0.9999999999692717,0.07369897420196862,9,54.0,1.1027777777777779,0.13152711779724124,0.9694444444444444,1.4027777777777777,0.11926892283141065,0.14212499777020807,0.5714285714285714,6.5122628544998316,0.5453319609272298,2.8125,0.8192811904840005,0.1885359241604191,0.3043403049652012,0.22007595276436467,4.270243729985,0.4087082374752567,0.22836725470298427,0.26150815694191715,0.0976460115230509,0.003738716481995191,3.162287479569909e-05,NSR,123m (10).mat
-7.894919286223335e-18,0.9999999999818163,0.9999999999636326,4.309261964486162,26.854698208832538,0.9999999999818163,-3.645002910032262,7.609844236205046,11.254847146237307,0.4809509679566521,-0.48099169223253835,-0.3236060979425841,0.023230616444831452,0.6360901188839108,0.34683671438741553,0.023055555555555555,0.9999999999636326,0.07130780894774091,8,48.0,1.2468253968253968,0.1393755645620012,1.0638888888888889,1.3833333333333333,0.111784348317806,0.1192073443479976,0.16666666666666666,7.374097649581429,0.16881803879599908,4.21875,1.1103294979919638,0.17414999515914403,0.45585919879226333,0.3234219084911707,4.264996798758469,0.304427174637111,0.2655327351957152,0.26328651520306334,0.1625101764462848,0.004208171006100243,3.522751172509017e-05,NSR,123m (11).mat
-2.7138785046392717e-18,0.999999999982006,0.999999999964012,4.562162662491712,29.141118836643876,0.999999999982006,-3.4867694026311042,7.754521516995282,11.241290919626387,0.47387835932795175,-0.43303477094318127,-0.34087815181647607,0.01863729661438472,0.5865429695156131,0.3595154484308608,0.023333333333333334,0.999999999964012,0.07121396757671888,8,48.0,1.1940476190476192,0.06416312041716744,1.086111111111111,1.2972222222222223,0.053735813664289686,0.08737866366681019,1.0,7.582853790293461,0.08980442251547195,5.625,1.0906170112020686,0.17422384541801694,0.44194434421622086,0.31843179965272544,4.269199588569618,0.268392859386359,0.33162895340226617,0.30628152814410287,0.08911690590851955,0.0045417012706861345,3.8051888065855905e-05,NSR,123m (12).mat
6.41462192005646e-18,0.9999999999815694,0.9999999999631388,4.535264463546732,28.208480046218643,0.9999999999815694,-3.3294097358235675,7.811047589011014,11.140457324834582,0.4810815263848225,-0.4350451073705457,-0.33173387268327564,-0.033646773698933305,0.601646607854248,0.2980870989843423,0.01888888888888889,0.9999999999631388,0.071538394952581,8,48.0,1.2853174603174602,0.05852602877646545,1.2027777777777777,1.3583333333333334,0.04553429836429346,0.09724867365033296,0.6666666666666666,7.4302659720944515,0.3002929205947217,5.625,0.9111533588635758,0.16606616360579862,0.3694064336646256,0.2365635641355906,4.203456098238338,0.2835001382345248,0.26112706292460713,0.3175359197064537,0.13382700467803627,0.00397650142265796,3.337303372001144e-05,NSR,123m (2).mat
-1.973729821555834e-18,0.9999999999798881,0.9999999999597763,4.574217869611483,29.339458015959657,0.9999999999798881,-3.1722747699087996,8.140713907145912,11.312988677054712,0.506080655031542,-0.45265648772699746,-0.36966717818762546,0.01144819611795338,0.7265151240120061,0.38111537430557885,0.018333333333333333,0.9999999999597763,0.06898831805258879,7,42.0,1.2935185185185185,0.06640896695200406,1.1583333333333334,1.3611111111111112,0.05133978829829449,0.10339156065566861,0.8,7.741867081648473,0.267893586779929,5.625,1.027314552641449,0.19334940570955228,0.4161277808517862,0.2648647773949783,4.213978369788182,0.3584309567115704,0.2662239038617767,0.24602290394814216,0.12561731884263666,0.003674283835048465,3.0632800825316035e-05,NSR,123m (3).mat
-6.908054375445418e-18,0.9999999999809174,0.9999999999618349,4.2406368849518765,24.73870454715948,0.9999999999809174,-3.178661144360132,7.358372925310765,10.537034069670897,0.4965804481337817,-0.45135620137962723,-0.35349193049777594,-0.01190408906168319,0.72061309677228,0.3415878414360928,0.02,0.9999999999618349,0.07429886316043825,9,54.0,1.1461805555555555,0.05569318888859075,1.075,1.2361111111111112,0.048590240490518466,0.08331348970087359,0.5714285714285714,7.071336826875963,0.20542268545123196,2.8125,0.9300445343660754,0.17238961999771057,0.37106628996885505,0.251552590388454,4.2365387135433314,0.2915253818495291,0.2620044813623144,0.33338934099458356,0.10868414791469436,0.004360142910337434,3.6504968540884655e-05,NSR,123m (4).mat
-1.973729821555834e-18,0.999999999981421,0.9999999999628421,4.386130987460276,25.956537743308704,0.999999999981421,-3.1552913147906527,7.762127641514666,10.917418956305319,0.48815447460628975,-0.4276752218188204,-0.3406715717014595,-0.040917589700566304,0.6683054505560397,0.2997539820008932,0.015555555555555555,0.9999999999628421,0.07487833837009297,9,54.0,1.1666666666666665,0.061676675864373684,1.0805555555555555,1.2944444444444445,0.05286572212414969,0.09649387037216589,1.0,7.168442479069011,0.2493035778747665,2.8125,0.9238783500956183,0.16013180285273682,0.3639731990639058,0.26960679719908126,4.274486880365911,0.23993959081249605,0.2681757209781709,0.33490343180402354,0.15239982277257907,0.004542864136613471,3.8569496116709315e-05,NSR,123m (5).mat
1.973729821555834e-17,0.9999999999826975,0.999999999965395,4.1363042899839835,24.703344490839786,0.9999999999826975,-3.5349642210805623,7.666227485528525,11.201191706609087,0.5128101060487621,-0.4707212844080157,-0.3645091678301108,0.01777617106113038,0.8022604049980475,0.38228533889124117,0.01972222222222222,0.999999999965395,0.0695055070749486,8,48.0,1.2142857142857142,0.03979745266470134,1.1527777777777777,1.2638888888888888,0.032774372755704564,0.07064699528208421,0.6666666666666666,7.256467966391378,0.26390108010844066,5.625,1.032978894244029,0.1786242264773541,0.4196486585048509,0.2871082513040013,4.248906647418112,0.33904788924570634,0.27098047897498834,0.2784087666737775,0.10759320241308362,0.003936491116802838,3.317157564118493e-05,NSR,123m (6).mat
8.881784197001253e-18,0.9999999999840338,0.9999999999680677,4.041815400823773,23.270433369193768,0.9999999999840338,-3.128639426066345,7.359587405885558,10.488226831951904,0.501132267867125,-0.47724847491981776,-0.3555705075326155,-0.013539329221250982,0.7785097688864813,0.3420311783113645,0.024444444444444446,0.9999999999680677,0.07408306509837509,9,54.0,1.0677083333333335,0.10226917607470981,0.9444444444444444,1.2444444444444445,0.09578381359977457,0.05836167112141882,0.5714285714285714,6.965929216157212,0.17754699066439067,4.21875,1.0903853093539326,0.18346487326548638,0.4430202970451904,0.30530098185226984,4.2305313867865095,0.2888826559367259,0.2965169977916588,0.2872303083919228,0.12303267853951291,0.004301097100721755,3.6262239457624335e-05,NSR,123m (7).mat
7.894919286223335e-18,0.9999999999824973,0.9999999999649948,4.24801268612362,25.344269409902942,0.9999999999824973,-3.4007257540448816,7.521406474964267,10.922132229009149,0.4862596049789017,-0.47246788013126223,-0.3418260631603627,0.033805582433144486,0.6406158395638295,0.37563164559350715,0.025,0.9999999999649948,0.07301160636845258,9,54.0,1.2,0.10885735087492335,1.0277777777777777,1.3277777777777777,0.09071445898684073,0.09507260754532496,0.5714285714285714,7.086101757409006,0.3113788209003642,4.21875,0.9493726937544731,0.1516622405056782,0.3894023812848719,0.2737665439718161,4.257509690487255,0.3078459215284621,0.2845521430036448,0.2967031555538019,0.10683313085409875,0.004031965846010705,3.3683213981714335e-05,NSR,123m (8).mat
-1.6776703483224588e-17,0.9999999999811251,0.9999999999622502,4.760787782744405,30.218392464689792,0.9999999999811251,-3.2578556958168456,7.934186972247847,11.192042668064692,0.4733778798634939,-0.4426197025276218,-0.3405446748887411,0.013101968666084903,0.6121808489530709,0.353646643554826,0.02277777777777778,0.9999999999622502,0.07120343525801194,8,48.0,1.2214285714285715,0.08567753474328946,1.1277777777777778,1.4,0.07014535002479634,0.11752331000725649,0.6666666666666666,7.62583936641269,0.2030750567280169,5.625,1.1109396191281744,0.18259533597746302,0.4511981294901096,0.31688375509631217,4.272775918782329,0.2618043460734194,0.3076827125308363,0.31846165010811467,0.10762834438612745,0.0043854894692591725,3.745743224266338e-05,NSR,123m (9).mat
-8.388351741612294e-18,0.9999999999764297,0.9999999999528596,3.3981992341342964,13.672239928506443,0.9999999999764297,-2.0545349002069906,5.878664035905861,7.933198936112852,0.5452519674791798,-0.7281002098928717,-0.44425833273611853,0.11724484179025713,0.5181786035005995,0.5615031745263757,0.044444444444444446,0.9999999999528596,0.091804344134787,13,78.0,0.7245370370370371,0.05267818738920119,0.6583333333333333,0.8277777777777777,0.07270599655184001,0.055757209777747785,0.18181818181818182,5.30034950951708,0.4581793630966038,2.8125,1.0278032143689924,0.2555127196683689,0.4693121256839461,0.1413910534375876,3.89513012992391,0.3715704508004141,0.32572650201493186,0.26167593034153136,0.038272266161628404,0.0027271370415523992,2.7713639941634864e-05,NSR,200m (0).mat
-1.973729821555834e-18,0.9999999999777206,0.9999999999554412,3.3875513347435646,13.163458539149342,0.9999999999777206,-1.911238511364933,5.819119737528336,7.730358248893269,0.5401187137297879,-0.6777291922370908,-0.42460803608917297,0.10386562235877904,0.44278992616462703,0.528473658447952,0.03666666666666667,0.9999999999554412,0.09097221286564447,14,84.0,0.7132478632478633,0.03928603447703734,0.6527777777777778,0.775,0.05508047965690776,0.04471129381083355,0.25,5.204255244821142,0.40993033778987864,2.8125,0.8937358754775986,0.21674537919879222,0.4004390986987596,0.13102815248155072,3.928904463184064,0.3792863972275829,0.284560397305719,0.27637861212090453,0.05671649338129401,0.003028345348467675,2.9754616031508316e-05,NSR,200m (1).mat
9.86864910777917e-18,0.9999999999781717,0.9999999999563435,3.0935090887837604,11.464771238730972,0.9999999999781717,-2.8017325897828065,5.899260095767652,8.700992685550458,0.5551150852565103,-0.6811775049395549,-0.4318989630733016,0.0814772441348262,0.519754362896425,0.5133762072081278,0.044444444444444446,0.9999999999563435,0.10579868840937318,15,90.0,0.7001984126984128,0.02902866607804426,0.6583333333333333,0.75,0.04145777184029354,0.03243995109969232,0.15384615384615385,4.919200147718188,0.46633432033147126,4.21875,1.068171368364156,0.23072354178999857,0.4795671486182465,0.19094161143827362,4.046799741248294,0.3233586864823277,0.2777862319193932,0.3164372257284179,0.07788755493832324,0.004482826459072485,4.747447246524439e-05,NSR,200m (2).mat
-9.86864910777917e-18,0.9999999999660676,0.9999999999321353,4.797906904040945,26.53525328388096,0.9999999999660676,-1.067135661105352,7.599598925312301,8.666734586417652,0.5108355003681342,-0.47176750043603005,-0.39869510057132757,-0.05494775827458008,0.6983459132443065,0.34374734229674747,0.01361111111111111,0.9999999999321353,0.0501245580269775,8,48.0,1.2714285714285711,0.05824283012762067,1.1916666666666667,1.3611111111111112,0.04580896748007663,0.06790895017892191,0.5,7.023773184302184,0.44774388028173234,4.21875,1.0122667162444545,0.2549633936979446,0.4455026864624047,0.12502163719691975,3.784769670713984,0.4306264316476046,0.2999141379734216,0.22753487387013593,0.04071401677515224,0.00120095425688398,9.585476801514348e-06,NSR,201m (0).mat
7.894919286223335e-18,0.9999999999772526,0.9999999999545053,4.099721393053895,18.95591649711884,0.9999999999772526,-0.6120336377847024,6.49233990650973,7.1043735442944325,0.547515261551816,-0.4933053668898895,-0.44891056623950254,-0.011372546196349741,0.8347314513176528,0.4375380200431528,0.016666666666666666,0.9999999999545053,0.046434605080019856,9,54.0,1.1253472222222223,0.03652110997444402,1.0722222222222222,1.1722222222222223,0.032453192419911625,0.042994708669148785,0.42857142857142855,6.198727573406652,0.23334872792165728,4.21875,0.7676031231555651,0.2998535406227877,0.28263607921692524,0.051253721395172945,3.5226493217350736,0.456158032745517,0.3819960741254007,0.14401405655618232,0.017249850989101662,0.0005776202148767528,4.365368921234445e-06,NSR,202m (0).mat
2.565848768022584e-17,0.9999999999791337,0.9999999999582674,4.114373806573344,19.155094853357745,0.9999999999791337,-0.8881284790897866,6.402020796321868,7.290149275411655,0.5415728877392928,-0.5159102432508118,-0.4286814268790391,0.008277542356067126,0.7260355672553096,0.43695896923510624,0.014444444444444444,0.9999999999582674,0.0451686979569691,9,54.0,1.1347222222222222,0.04668815642769892,1.0666666666666667,1.2027777777777777,0.04114500930026783,0.04887400567106297,0.42857142857142855,6.183034655091645,0.22241286061251625,4.21875,0.8223634316918913,0.3258447299873103,0.30544140314236085,0.053529772818917076,3.534083071899715,0.5350915726268095,0.28280515225303365,0.1642413599078404,0.017330570848459122,0.0005271336890257213,4.210674831369734e-06,NSR,202m (1).mat
1.4802973661668754e-17,0.9999999999761522,0.9999999999523044,4.352146439506569,21.314747110157057,0.9999999999761522,-0.6642703112521527,6.7957613100460375,7.4600316212981905,0.5278092526825336,-0.49260814151439036,-0.41568344336315927,-0.046823002413753916,0.7853815364318275,0.36886044094940534,0.018333333333333333,0.9999999999523044,0.05053486092510127,9,54.0,1.078125,0.02305043032055938,1.0444444444444445,1.1111111111111112,0.02138010926300686,0.03168893675278559,0.14285714285714285,6.422973548528719,0.3061551905618738,4.21875,1.0621995052044608,0.3282847108123263,0.4392454967197257,0.09702757576800496,3.6960977480517534,0.5255454461625035,0.26909436067796083,0.1703555776696959,0.03412311498664554,0.0008742904633172448,7.210039876783176e-06,NSR,202m (10).mat
3.947459643111668e-18,0.9999999999830439,0.9999999999660878,4.471198603914233,21.69633498149798,0.9999999999830439,-0.6007309007299504,6.664571925080256,7.265302825810207,0.5096737897644379,-0.43033296363451606,-0.38479048296364005,-0.07547669920962614,0.6572072103105685,0.3093137837540139,0.015555555555555555,0.9999999999660878,0.045232139505471246,9,54.0,1.1579861111111112,0.031348225258407386,1.1194444444444445,1.2138888888888888,0.027071330934407146,0.041494352689427944,0.2857142857142857,6.360323653923623,0.16842690240210104,4.21875,0.9197441342190953,0.3154050250512581,0.3733022611818385,0.06599267615786938,3.569111764983822,0.49339372284788413,0.3044300285605013,0.1797069083552556,0.0218815113261915,0.0005833998328899619,4.429077277302132e-06,NSR,202m (11).mat
-1.973729821555834e-17,0.9999999999844178,0.9999999999688357,4.160137234798783,19.619870559078688,0.9999999999844178,-0.7521952187001026,7.681554371785376,8.433749590485478,0.5402563507765428,-0.45683206732240944,-0.397509775380327,-0.08059338556413738,0.7998892138645411,0.31691638981618964,0.01138888888888889,0.9999999999688357,0.042406140889441765,9,54.0,1.1631944444444446,0.035019560230897105,1.1055555555555556,1.2055555555555555,0.03010636817262009,0.04361831403463439,0.2857142857142857,6.10896172654876,0.5835856023904039,4.21875,0.7456032849340295,0.25919345940446237,0.29891264070435114,0.05615300194075682,3.6016048375312226,0.6725491451976389,0.21703033031489952,0.08960278142309733,0.020346624450628428,0.0004675154819233684,3.603131812448408e-06,NSR,202m (12).mat
-9.86864910777917e-18,0.9999999999770942,0.9999999999541885,3.957661562620378,18.062949359927845,0.9999999999770942,-0.8748543564275045,6.767575341791491,7.642429698218995,0.5584186706982707,-0.556774038639149,-0.44798311163399174,0.033510941074363074,0.8586750369485111,0.4814940527083548,0.014444444444444444,0.9999999999541885,0.04589382041043855,9,54.0,1.1055555555555554,0.019739820004933212,1.086111111111111,1.1472222222222221,0.017855113556151044,0.02259118305950838,0.0,6.050815111649837,0.49133729522185243,4.21875,0.8883966062509752,0.3499882618643204,0.32979131373865095,0.05499568015113217,3.5148196009618666,0.5171963363007146,0.30700294915258347,0.1690026937271433,0.00612513030904118,0.0006685874320382658,4.303078478991625e-06,NSR,202m (2).mat
-9.86864910777917e-18,0.9999999999779052,0.9999999999558105,4.010702573614655,18.148582765255604,0.9999999999779052,-0.6955930824745598,6.277830657790813,6.973423740265373,0.5541468654600579,-0.506854941890678,-0.43666393402768444,-0.042750570726182456,0.8546993975722652,0.393913363301502,0.01361111111111111,0.9999999999558105,0.04513799101385478,9,54.0,1.109375,0.028359788166989978,1.0805555555555555,1.1666666666666667,0.025563752690863074,0.03527730908325073,0.2857142857142857,6.07382561416723,0.29773173983353796,4.21875,0.9418425198772324,0.36942664066790376,0.35375812515748634,0.057321774109507416,3.508083440779937,0.5862088473217217,0.2526187884428274,0.14291730124242172,0.017765640208339963,0.0004856322161661353,3.7905685228702456e-06,NSR,202m (3).mat
-5.921189464667502e-18,0.9999999999804693,0.9999999999609386,4.125145594180873,19.13626893662192,0.9999999999804693,-0.7040589121473312,6.6299652636568025,7.334024175804133,0.5502881341622777,-0.4852470034466345,-0.41195935821748053,-0.10344220764420528,0.8467633963998888,0.3085171505732752,0.012222222222222223,0.9999999999609386,0.04912536869397251,9,54.0,1.0656249999999998,0.05928355531305081,0.975,1.1527777777777777,0.055632661825143134,0.0471755137812944,0.2857142857142857,6.138652677457458,0.4116729936246846,4.21875,0.9143111557410321,0.34895430189229787,0.35177436305231213,0.05717291761078236,3.5292060820586904,0.5500866041964894,0.31072746591383094,0.11362564217909037,0.025031053661542686,0.0005251000467118059,4.134002334608918e-06,NSR,202m (4).mat
7.894919286223335e-18,0.9999999999787296,0.9999999999574593,4.196810940357821,19.721966283293337,0.9999999999787296,-0.7414280565743878,6.781339606562955,7.522767663137343,0.541679037737279,-0.4701847813720939,-0.42364636526109156,-0.08016312078061562,0.8254667756436211,0.34348324448047596,0.013888888888888888,0.9999999999574593,0.04639654080628274,9,54.0,1.1336805555555554,0.03936801819347126,1.0805555555555555,1.1805555555555556,0.0347258475642226,0.03591215030713903,0.2857142857142857,6.2296523597376225,0.32175004626027415,4.21875,0.9896809105806017,0.34952832082090257,0.39463576021202595,0.07356248060330799,3.6014036336179944,0.5362057923894715,0.27351626719948285,0.16691950547888518,0.022726830562253494,0.0006266619394973144,4.942430409371178e-06,NSR,202m (5).mat
-4.934324553889585e-18,0.9999999999814098,0.9999999999628196,3.4685604365662415,13.98609623692165,0.9999999999814098,-1.3204889203312193,6.085702445926075,7.4061913662572945,0.5735055246715448,-0.6005171123266916,-0.41662463048939496,-0.0019938541264609548,0.8481252931632797,0.414630776362934,0.016944444444444446,0.9999999999628196,0.05712570822912213,11,66.0,0.9405555555555555,0.032422747692033065,0.8861111111111111,0.9916666666666667,0.03447191127206738,0.03226157664848955,0.0,5.525023689834403,0.2531910598053657,4.21875,0.8590226729931532,0.3119236546978588,0.33940119924261286,0.0601823008339413,3.6019822688332908,0.5928174563991824,0.21207752657883783,0.17144642512004224,0.022873230757007253,0.0007785993211138817,6.761823816066222e-06,NSR,202m (6).mat
1.973729821555834e-17,0.9999999999792238,0.9999999999584477,3.8048526201258768,17.352120021242502,0.9999999999792238,-1.2437269788311314,6.575208988136574,7.818935966967706,0.5731967415633871,-0.6133281579695805,-0.42788712770895465,0.04347634924412084,0.8662019043367958,0.4713634769530755,0.013888888888888888,0.9999999999584477,0.04992070260433033,9,54.0,1.1131944444444444,0.03501956023089719,1.075,1.175,0.031458619268366524,0.040553924733464246,0.2857142857142857,6.080713250894742,0.34447028958071113,4.21875,0.8409438720258495,0.3074211123688484,0.32898478300240075,0.06639323999741936,3.6330295104212382,0.5623202806314468,0.27311972831277687,0.14124504647370878,0.022614212940514994,0.0006950996453094961,5.631996242918705e-06,NSR,202m (7).mat
-1.1842378929335004e-17,0.9999999999767665,0.9999999999535331,4.138502528432635,19.628894024857622,0.9999999999767665,-0.7105641191562704,6.731365292330431,7.441929411486702,0.5501223845901125,-0.5200994585029831,-0.44886034220208426,-0.015791869083993163,0.8526418060863429,0.4330684731180911,0.018055555555555554,0.9999999999535331,0.04903427496120169,9,54.0,1.0805555555555557,0.037190077330544156,1.0305555555555554,1.1277777777777778,0.034417552253484765,0.04278911414415616,0.42857142857142855,6.279267181717682,0.36936130828326513,4.21875,0.841944059368417,0.27183530051635935,0.33705441316074225,0.07412371550707184,3.6617370184962605,0.543444291861375,0.29169867240727554,0.14572787320856392,0.018338044025900287,0.0007849125485078609,6.205948376993541e-06,NSR,202m (8).mat
-1.282924384011292e-17,0.9999999999822572,0.9999999999645144,4.775943608418566,24.98462092328255,0.9999999999822572,-0.5276643169009418,7.083175538233365,7.610839855134307,0.4917202947905759,-0.422471585180635,-0.3777736825998893,-0.0791407270148708,0.5944258394052797,0.2986329555850185,0.0125,0.9999999999645144,0.043213957578407076,8,48.0,1.1781746031746032,0.04226889054715865,1.1083333333333334,1.2361111111111112,0.03587659282197062,0.06369737802357472,0.5,6.749882723378375,0.17321311429333378,4.21875,1.0478585112149517,0.35258459449232926,0.43123617626225064,0.07599573499497875,3.6033330443488727,0.5392021872926592,0.2493569607774183,0.19145329843495154,0.019432652434650928,0.0005507247781301897,4.176282189493239e-06,NSR,202m (9).mat
-9.86864910777917e-19,0.99999999997803,0.9999999999560601,2.513833594044889,12.951793865165273,0.99999999997803,-3.2819757083899086,6.113774242164778,9.395749950554688,0.5636763918140886,-0.6075631634053772,-0.41777491968330216,0.1617227320066652,0.8248983840503503,0.5794976516899674,0.027777777777777776,0.9999999999560601,0.0959516740167586,15,90.0,0.6347222222222222,0.01780968119501518,0.6027777777777777,0.6666666666666666,0.02805901628054363,0.01617875572323586,0.0,5.5505882920411524,0.2871585132325554,4.21875,0.9950137182984703,0.11106731783888568,0.3327384959755778,0.42195506931754617,4.436643579368531,0.18903791185340463,0.25097801273859116,0.367008834368431,0.18445284126760358,0.00844887203216748,7.352773980180882e-05,NSR,209m (0).mat
1.3816108750890837e-17,0.9999999999777922,0.9999999999555845,2.2640713849516194,12.07055483997891,0.9999999999777922,-3.538375370657297,5.905486529807574,9.44386190046487,0.5680770040968097,-0.6373932557652348,-0.41599660337721445,0.15864523273851422,0.889681975841299,0.5746418361157286,0.028055555555555556,0.9999999999555845,0.09622814150929238,15,90.0,0.6464285714285715,0.013131263577598641,0.6194444444444445,0.6666666666666666,0.02031355688419792,0.018965405603008058,0.0,5.45562465561521,0.24864121978085638,4.21875,1.0602115629123638,0.11539624041439514,0.34533334277308436,0.46833431972860196,4.461266606615248,0.19626920599963676,0.18405481706523094,0.41923711789261936,0.19135984730239658,0.009000105065607576,7.890667450866848e-05,NSR,209m (1).mat
-2.4671622769447924e-18,0.999999999978376,0.999999999956752,2.194823422658574,11.62532315210152,0.999999999978376,-3.6597805299494874,6.085749017526481,9.745529547475968,0.5644134672392215,-0.5940644013962173,-0.3944732537483025,0.1547820072650372,0.8330490944847341,0.5492552610133397,0.025277777777777777,0.999999999956752,0.09747692397574485,16,96.0,0.6457407407407406,0.025171564944512895,0.6,0.6833333333333333,0.03898091496698386,0.024318307312531814,0.0,5.313435725335349,0.33135514288320583,4.21875,0.9339916810865324,0.10747325210908673,0.2987730206353938,0.410443536968609,4.445102590645852,0.23047415027201723,0.15425665865700153,0.4478994408731099,0.15904973091172706,0.00824831769311127,7.170159303281255e-05,NSR,209m (2).mat
9.86864910777917e-19,0.9999999999782615,0.9999999999565231,2.188720390132098,10.704829253434186,0.9999999999782615,-3.2835366654386644,5.664169705211368,8.947706370650032,0.5848666100660241,-0.6218079189784893,-0.4277009439529226,0.16479647407040962,0.9180036490565227,0.5924974180233322,0.02722222222222222,0.9999999999565231,0.0986362785512628,16,96.0,0.6361111111111111,0.023240556292613207,0.5805555555555556,0.6694444444444444,0.03653537228029704,0.028579694571477514,0.07142857142857142,5.252164582999648,0.18729453733089024,4.21875,0.9922854163826681,0.12648064828161118,0.32638858090955203,0.41023544374645166,4.436908705049909,0.20487039459350573,0.17457572123205228,0.4299064218025697,0.18243995437301314,0.008137021718950208,7.048627990856862e-05,NSR,209m (3).mat
7.401486830834377e-18,0.999999999977342,0.999999999954684,2.2556039567613806,12.134126822739178,0.999999999977342,-3.3815501035236992,6.22167023066934,9.60322033419304,0.5620743218143821,-0.6022537823622597,-0.4259207095613095,0.1402704109099695,0.8610950352393085,0.5661911204712791,0.026111111111111113,0.999999999954684,0.09524660153656363,15,90.0,0.663293650793651,0.023853299704181933,0.6277777777777778,0.7111111111111111,0.03596189958953902,0.023317047633681608,0.07692307692307693,5.417073153673489,0.27607721022494375,4.21875,0.9779273257657054,0.12206113493355385,0.32347537963828077,0.4105565435525925,4.430617786047484,0.1836975479637675,0.23319000531319878,0.4111207929488143,0.16397279272584508,0.007950981216612469,6.787983176172436e-05,NSR,209m (4).mat
1.973729821555834e-17,0.9999999999773788,0.9999999999547575,2.096842941722372,10.626300700222725,0.9999999999773788,-3.3962169674757914,5.73396516008242,9.13018212755821,0.5832789823637028,-0.6498568411360663,-0.4405188441712387,0.2023903621297309,0.8678498011473748,0.6429092063009696,0.02861111111111111,0.9999999999547575,0.09786990676558846,16,96.0,0.6351851851851852,0.030219816534609523,0.5833333333333334,0.6916666666666667,0.04757638747229707,0.04347909956249588,0.14285714285714285,5.217271899560487,0.2257680279349621,4.21875,0.9635242110214987,0.11592417072317135,0.3141722920325981,0.41284375027359044,4.4396447920543425,0.18893406850027591,0.21608387807617466,0.416133474315076,0.1708954818047903,0.007885737203693592,6.736009998927423e-05,NSR,209m (5).mat
8.141635513917815e-18,0.9999999999772721,0.9999999999545441,2.2260394406558466,11.32783712722175,0.9999999999772721,-3.2690945089842867,5.613602629510214,8.8826971384945,0.5739825690376897,-0.6167758391793388,-0.4206848781569337,0.15151138416585755,0.8584390054115387,0.5721962623227912,0.0275,0.9999999999545441,0.09869315177313252,16,96.0,0.6292592592592592,0.02226539017065058,0.5805555555555556,0.6722222222222223,0.035383492269111916,0.020866375912912547,0.07142857142857142,5.327267205445635,0.1808612120959583,4.21875,0.9984514940798025,0.11366281431734737,0.3183760555065656,0.4422238307313598,4.458821396063499,0.18821648331301136,0.2365839144052327,0.36380322981565466,0.2026227898494125,0.008697569747790975,7.60128688975571e-05,NSR,209m (6).mat
-1.1842378929335004e-17,0.999999999977083,0.999999999954166,2.139134598104935,11.765429038175983,0.999999999977083,-3.610577372468292,5.886384310095573,9.496961682563864,0.5731108529961461,-0.652321801437095,-0.4091957362364645,0.2018340833201842,0.8429092736461584,0.6110298195566487,0.0275,0.999999999954166,0.09780092662664172,15,90.0,0.6333333333333334,0.022542337201148857,0.5861111111111111,0.6805555555555556,0.03559316394561425,0.024031575461947684,0.07692307692307693,5.449463456691009,0.21642799655550918,4.21875,0.997708831990406,0.11714678244791765,0.3118686758301704,0.4460561651859146,4.473943620393342,0.1842178240031998,0.18988146515764537,0.4591448137252886,0.1575573403230611,0.00911837189594582,8.018489485900073e-05,NSR,209m (7).mat
0.0,0.9999999999795439,0.999999999959088,2.2188563801396994,10.700652667125265,0.9999999999795439,-3.4162376548659172,7.266854006490371,10.683091661356288,0.598302616499638,-0.6724128450064268,-0.4431219420506812,0.18032216966094775,0.8347161324750924,0.623444111711629,0.02361111111111111,0.999999999959088,0.09252337971711733,16,96.0,0.6353703703703704,0.01915033299377038,0.5916666666666667,0.6694444444444444,0.030140424950044233,0.021847031124604444,0.0,5.080435629343073,0.6159915055254651,4.21875,0.8795316143688938,0.11507808508719616,0.2779568619333225,0.37880570182513995,4.4586402566665475,0.3909450361660829,0.15656808119480325,0.27464340483743677,0.17149215328755152,0.006296551686730624,5.477282739469237e-05,NSR,209m (8).mat
4.934324553889585e-18,0.999999999991423,0.9999999999828459,1.4155089290558274,3.84971284318678,0.999999999991423,-3.0093256603019882,4.834826543334879,7.844152203636867,0.7151438093201147,-1.0446215834168808,-0.6757827608157194,0.4427567055260791,1.0005328911427411,1.1185394663417985,0.027777777777777776,0.9999999999828459,0.08228302737245077,18,108.0,0.5413398692810457,0.03424518520378582,0.4388888888888889,0.625,0.06326004619982425,0.05376901759458155,0.125,3.9651033214169056,0.29169971820247725,4.21875,0.967785377663051,0.30665438225585173,0.34291594596100616,0.15362773250707537,3.8744758098456282,0.4548153918526984,0.26460048938730363,0.23312670993603754,0.046146961067817564,0.0013018187171343325,8.629039008220424e-06,NSR,213m (0).mat
1.7763568394002505e-17,0.9999999999910213,0.9999999999820427,1.5967709727073816,4.103943085249879,0.9999999999910213,-1.8108609583025403,4.492607236236054,6.303468194538595,0.7193745088512588,-1.077055264164723,-0.6714196069839677,0.45182767592493844,0.971308572333844,1.1232472829089062,0.03027777777777778,0.9999999999820427,0.0843702149343775,18,108.0,0.5429738562091504,0.011712392769580022,0.5222222222222223,0.5611111111111111,0.021570822635514984,0.01603249497307667,0.0,4.1080883494423315,0.1513603768884125,4.21875,1.0448140224436324,0.31941459015481755,0.37755076349683075,0.17240501478337994,3.884221310660528,0.4243960447861085,0.26313965288305874,0.24218593751862655,0.06898689331733054,0.0012823229735075977,9.148521367723983e-06,NSR,213m (1).mat
-1.6776703483224588e-17,0.9999999999919286,0.9999999999838571,0.9996915705541267,4.0543470370468695,0.9999999999919286,-4.3917094451276,5.1003891851549,9.4920986302825,0.7055829324839407,-0.9871116603206943,-0.6340664424731456,0.4726366393614111,0.961233844313542,1.1067030818345567,0.02861111111111111,0.9999999999838571,0.07598210548639807,18,108.0,0.5468954248366014,0.010941613753453082,0.5361111111111111,0.5722222222222222,0.0200067750369559,0.01545041351478264,0.0,3.754589918027906,0.39478537283188525,4.21875,0.796878732946124,0.25544810933083517,0.2835022911339396,0.1251014432028228,3.8765896500501813,0.5280991338691954,0.23554330651829067,0.1939978025637953,0.04133816164735427,0.0010146733990336618,6.922002330511135e-06,NSR,213m (10).mat
0.0,0.9999999999909377,0.9999999999818755,1.800136360246023,4.845036716470824,0.9999999999909377,-1.865125973249654,4.526756805070133,6.391882778319787,0.7061136953335206,-1.0138988590880416,-0.6555661469985751,0.4052638507767635,0.963455612548773,1.0608299977753386,0.0275,0.9999999999818755,0.08276965348157053,18,108.0,0.5473856209150327,0.012366593417270913,0.5277777777777778,0.575,0.022592104947890837,0.016882285807143363,0.0,4.205720344276659,0.1643205347941977,4.21875,0.9887677776554821,0.29404728561611454,0.3672359583477896,0.163848969121732,3.9016704273766467,0.4048525953041449,0.2907623657513988,0.24371950180700966,0.05939241124613348,0.0012643093890398775,8.816502273080742e-06,NSR,213m (11).mat
2.3684757858670008e-17,0.9999999999918951,0.9999999999837903,0.7701105928662356,3.9301878433654034,0.9999999999918951,-4.153088644551769,4.1887068375362295,8.341795482088,0.7029960214209061,-0.9442465327928394,-0.6547401585784732,0.445933741056145,0.9795663021416637,1.1006738996346184,0.02722222222222222,0.9999999999837903,0.07724556957158908,18,108.0,0.5439542483660131,0.011120718645211483,0.5305555555555556,0.5611111111111111,0.020444216877012818,0.016092541980911767,0.0,3.764423388467083,0.1698397754071363,4.21875,0.815785337370161,0.27165903053461693,0.283392977025422,0.1274363629000415,3.862299696494531,0.5124796122734248,0.22928397040539128,0.2163662479645116,0.04044285880366786,0.0014176381140338051,9.672438970454719e-06,NSR,213m (2).mat
-5.921189464667502e-18,0.999999999991053,0.9999999999821061,1.555880983754925,3.9429520699368075,0.999999999991053,-1.7675406398598097,4.303590200608419,6.0711308404682285,0.7238200663215432,-1.0887025901751735,-0.6693038689471829,0.45432819766487453,0.9934349573862413,1.1236320666120574,0.03027777777777778,0.9999999999821061,0.08354429237976914,18,108.0,0.542156862745098,0.010873075006283747,0.525,0.5638888888888889,0.02005521968526781,0.015621141498891671,0.0,4.095058148460734,0.1460718407367843,4.21875,1.0245172308725805,0.3182137744166095,0.36920076866438617,0.16843404051849267,3.8979157723081355,0.43088524396486133,0.29035991720741666,0.2254781235912744,0.05195689241466013,0.001310469685326888,9.353136460403678e-06,NSR,213m (3).mat
7.894919286223335e-18,0.9999999999910305,0.999999999982061,1.6457445081058197,4.280889362927421,0.9999999999910305,-1.9314641986494665,4.458891339379883,6.3903555380293495,0.709095621439688,-1.0498123421637073,-0.6750488300412323,0.4251757244389683,0.988390845353103,1.1002245544802005,0.030833333333333334,0.999999999982061,0.08529318613465543,19,114.0,0.5430555555555556,0.00963363520679853,0.5222222222222223,0.5638888888888889,0.01773968628164288,0.013133026991771313,0.0,4.075844531780018,0.19935913116874945,4.21875,0.9748069326243417,0.31486719850756417,0.3443060709634047,0.15421824114043706,3.8617544236838066,0.414284590449371,0.24374046946797492,0.28586593521622544,0.0547920071231143,0.0013074088691575067,9.588874156645982e-06,NSR,213m (4).mat
-1.1842378929335004e-17,0.999999999991991,0.999999999983982,1.6336752017658336,4.612857592986492,0.999999999991991,-2.2470824892596895,5.19029838668445,7.4373808759441395,0.7015345939634959,-0.9678488092153944,-0.653723537485881,0.41007339089557204,0.9088397611385487,1.063796928381453,0.02666666666666667,0.999999999983982,0.07696143674073844,19,114.0,0.5483024691358025,0.009848774620746216,0.5305555555555556,0.5666666666666667,0.017962302118221155,0.015094714287426154,0.0,3.9499860759881416,0.5298573444354386,4.21875,0.8091620358054916,0.2577491901297071,0.2899041701985083,0.12916930255258627,3.8881548853678067,0.5456293035785029,0.22529110164114977,0.18091717610207098,0.0471523014581333,0.0010028191672607138,7.298052882048361e-06,NSR,213m (5).mat
-2.960594732333751e-17,0.9999999999908982,0.9999999999817965,1.7135965975160685,4.526138358009816,0.9999999999908982,-1.712686017010906,4.556168949885283,6.268854966896189,0.7079714182786555,-1.0595252995013213,-0.6593282503326628,0.4091621679845998,0.9658709511630889,1.0684904183172628,0.03138888888888889,0.9999999999817965,0.08530865769008898,19,114.0,0.5416666666666666,0.010352166562499028,0.5222222222222223,0.5666666666666667,0.019111692080099697,0.013724517550348831,0.0,4.134146266574009,0.171227662386991,4.21875,1.006031030001673,0.32208187615432987,0.3538430541524459,0.16369761961819027,3.876905243893079,0.3855937357351102,0.3100413212163663,0.2499960986385057,0.052867770709029295,0.001490920980524483,1.0152720463785062e-05,NSR,213m (6).mat
-6.908054375445418e-18,0.9999999999909545,0.9999999999819089,1.6335092614280793,4.252143827327833,0.9999999999909545,-1.8213563593356121,4.585770012464517,6.407126371800128,0.7180326836341568,-1.0611717671785912,-0.7266554570775776,0.4393488085606474,0.978431178841438,1.166004265638225,0.03,0.9999999999819089,0.08322067681379036,18,108.0,0.5431372549019609,0.009144489267734148,0.5222222222222223,0.5555555555555556,0.016836424252555375,0.013121141408118889,0.0,4.102541307382314,0.2259764747724678,4.21875,1.0341799587730809,0.32437507558249495,0.37393100267427404,0.16055430759109926,3.8471262686736045,0.4225719793328688,0.2564059279708095,0.2752432560309067,0.04458615389249201,0.0011843082704289952,8.374502493584692e-06,NSR,213m (7).mat
-2.960594732333751e-18,0.9999999999910273,0.9999999999820547,1.6572236060284982,4.386309040334722,0.9999999999910273,-1.996955573613291,4.540301478329357,6.537257051942648,0.716480605673047,-1.0572415250008764,-0.7377582923999504,0.4378578984811286,0.9691623246416954,1.175616190881079,0.029166666666666667,0.9999999999820547,0.08352612925934975,18,108.0,0.5460784313725491,0.010264247565058447,0.525,0.5638888888888889,0.01879628814575835,0.017581929029405783,0.0,4.140873190393973,0.21158886573417424,4.21875,1.0424641391008986,0.32927293274615466,0.3754401805177622,0.1655513941701018,3.869798478157396,0.42989409817297497,0.26028050657630214,0.2495715076081078,0.05897661166741999,0.0012681672020144804,9.108773180317285e-06,NSR,213m (8).mat
5.921189464667502e-18,0.9999999999908633,0.9999999999817267,1.634337086957277,4.245836424163491,0.9999999999908633,-2.054971323892986,4.531665000458931,6.586636324351916,0.7189589125112591,-1.0585340501666252,-0.6765592313710354,0.4355734727201994,0.9780121425691122,1.1121327040912348,0.029444444444444443,0.9999999999817267,0.08395412740984133,18,108.0,0.5462418300653595,0.008302840533276158,0.5277777777777778,0.5611111111111111,0.015199935378590034,0.011578702778147988,0.0,4.126279592594392,0.1952682521867534,4.21875,1.0025675491625958,0.313042587881192,0.35995361633203576,0.1645334000275921,3.898984735927502,0.4501881612663947,0.23645326431433064,0.2568414296310306,0.05514778112845401,0.0013597576627403384,9.605997049512353e-06,NSR,213m (9).mat
-9.86864910777917e-18,0.9999999999781828,0.9999999999563657,0.7845847741295552,2.920615599153092,0.9999999999781828,-3.3143231082357993,4.171650371860407,7.485973480096206,0.704761784373499,-0.6871642759914736,-0.4825846739258392,0.3806215659771655,1.326651293159846,0.8632062399030047,0.027777777777777776,0.9999999999563657,0.09769676379494596,18,108.0,0.5351307189542485,0.021089195204774064,0.49722222222222223,0.5805555555555556,0.03940942730138368,0.017137448165629256,0.0,3.6261396179130765,0.33514839581810535,5.625,1.0155328226761986,0.23860757992808185,0.35251539127280046,0.26413166893459683,4.174906550840036,0.3432122668381653,0.25050118700357527,0.31178264964947233,0.0912228868323762,0.003254143942101915,2.6865734308842194e-05,NSR,215m (0).mat
-1.973729821555834e-17,0.9999999999784711,0.9999999999569422,0.7974318155379092,3.646682896466845,0.9999999999784711,-3.3295271246313,5.099565796491396,8.429092921122695,0.6966694028067455,-0.7004199541258123,-0.5026891786198665,0.3761606009186391,1.2695699643451248,0.8788497795385056,0.029444444444444443,0.9999999999569422,0.10537992330110703,18,108.0,0.5648692810457516,0.12377556137520038,0.49722222222222223,1.05,0.2191224860501003,0.1277475809729658,0.0625,3.6429850914016324,0.574975568473517,5.625,0.9931796432239709,0.23876940661011514,0.33093031019645414,0.2744356037437313,4.2183904018225595,0.31779944410506694,0.25711407276258,0.30188789744030375,0.11944704286794731,0.003720517668757291,3.1025155344408766e-05,NSR,215m (1).mat
-1.578983857244667e-17,0.999999999979012,0.999999999958024,1.0472980940689316,3.4535833439847945,0.999999999979012,-3.2878545569371824,4.515738233117817,7.803592790054999,0.7016481283409643,-0.7102664837045708,-0.4869117872093191,0.3790196793822967,1.2798539809880742,0.8659314665916158,0.026111111111111113,0.999999999958024,0.09544264660615898,18,108.0,0.5374183006535946,0.024497818420256796,0.49722222222222223,0.575,0.04558426526390877,0.026361462355697644,0.0625,3.7371516250673023,0.5660370508701131,5.625,0.9824853246694869,0.2174285559053472,0.35031682967771555,0.25959993414614807,4.1855700786317085,0.3992807677014178,0.19395882622618085,0.3436127214596242,0.06002695225684504,0.0030951906420666636,2.554171386519912e-05,NSR,215m (2).mat
-8.881784197001253e-18,0.9999999999796463,0.9999999999592926,1.0938152476840848,3.4242437692858525,0.9999999999796463,-3.0882314574401315,4.202211931890762,7.2904433893308935,0.708684608780406,-0.6816896446555636,-0.5201610323578715,0.41621354442513636,1.247739186925315,0.9363745767830078,0.02638888888888889,0.9999999999592926,0.10881276416228783,19,114.0,0.5305555555555556,0.02099219268287895,0.5,0.5694444444444444,0.03956643639577228,0.017503501050350128,0.0,3.7970810010024976,0.2767342145496436,5.625,1.0089142838147573,0.2038798600282143,0.3819088395552228,0.26168730369340365,4.186956653904244,0.30672293659927635,0.2565932501937476,0.3254957578037228,0.10778860608146633,0.003371022127230572,2.8427194556024775e-05,NSR,215m (3).mat
-2.960594732333751e-17,0.9999999999794761,0.9999999999589523,1.0644464220851306,3.19087624604623,0.9999999999794761,-3.10991973028089,4.281141211329818,7.391060941610709,0.7137163843862565,-0.6811448242454752,-0.5199907667218705,0.3979661423885467,1.2470586562497141,0.9179569091104172,0.023055555555555555,0.9999999999589523,0.0972278339205684,19,114.0,0.5214506172839505,0.020658848654745356,0.4888888888888889,0.5638888888888889,0.03961803463333089,0.01898380611728376,0.0,3.7342465539969574,0.2804976533286614,5.625,0.975473162182551,0.2172271586303454,0.3579584016397212,0.24545725349911357,4.1590874510692695,0.3314234216507877,0.2814272559824466,0.29954220264892906,0.08467357674620138,0.002910368916158783,2.3174055476208116e-05,NSR,215m (4).mat
-9.86864910777917e-18,0.9999999999824881,0.9999999999649763,4.332003517703125,27.103082686374474,0.9999999999824881,-3.546502622942637,7.5870328024216445,11.13353542536428,0.42563745920492446,-0.3855176585421236,-0.302459071962238,0.08824691410687693,0.31858543244516585,0.3907059860691149,0.024166666666666666,0.9999999999649763,0.08010831789552883,11,66.0,0.961111111111111,0.0211913679141785,0.9305555555555556,0.9916666666666667,0.022048822084296777,0.028099983158321316,0.0,7.027669405956732,0.28037308700187197,9.84375,0.9445803618433887,0.10814697044591828,0.34144788711946433,0.38646410560237204,4.474870198156097,0.13716529545105913,0.22749984419301145,0.41197709585134934,0.2135021018857592,0.009775752862637375,7.990975618318312e-05,NSR,220m (0).mat
8.388351741612294e-18,0.9999999999815411,0.9999999999630823,4.20783999433507,28.007427289711845,0.9999999999815411,-3.8359566364589317,7.528700348867102,11.364656985326034,0.439331713155527,-0.42441318486382573,-0.3205490751440077,0.11234551333349935,0.3958505123016395,0.43289458847750706,0.0225,0.9999999999630823,0.07910857824301715,10,60.0,0.9493827160493827,0.017311486002938452,0.925,0.9777777777777777,0.018234465081417725,0.01328550449285343,0.0,7.252542799048169,0.19531387020575947,9.84375,1.0026516277788935,0.12440294350982747,0.36085331716579816,0.4040453235810404,4.483019460662452,0.1842613116155095,0.26338393189749526,0.3570670216729867,0.1857304938362849,0.009468287246897094,8.895373082631719e-05,NSR,220m (1).mat
-6.908054375445418e-18,0.9999999999823943,0.9999999999647886,4.332595433863626,28.56659315244032,0.9999999999823943,-3.851548472560918,7.430480888290643,11.282029360851562,0.4315392882474765,-0.4153743781160327,-0.31425954983450677,0.1050094995316799,0.37196467748931067,0.4192690493661867,0.024722222222222222,0.9999999999647886,0.07819926615338907,10,60.0,1.0222222222222221,0.016666666666666687,0.9944444444444445,1.0444444444444445,0.016304347810137072,0.026297355873279877,0.0,7.27637187924932,0.12365905969149209,12.65625,0.9268415243157221,0.11244105244010005,0.3347551110994033,0.37422488435613804,4.477083677395116,0.1977016039756033,0.26531677734317494,0.3576800082101777,0.17024614456424933,0.00897477534478123,8.069056201332127e-05,NSR,220m (2).mat
1.973729821555834e-18,0.9999999999833599,0.9999999999667197,4.241280311489794,26.531284047451603,0.9999999999833599,-3.5789383148758422,7.353506890207513,10.932445205083356,0.4301978123920172,-0.40756883530408783,-0.30236642165167577,0.08996764915220962,0.34150431397269754,0.3923340708038854,0.024722222222222222,0.9999999999667197,0.080762762518393,11,66.0,0.9502777777777778,0.020951516636814528,0.9277777777777778,0.9916666666666667,0.022047781295866792,0.02467206036013744,0.0,6.988646733808863,0.20953852159357134,9.84375,0.9773895068004745,0.11345473067275672,0.3561557152228914,0.39493046858479414,4.47118766243456,0.1862508278269907,0.19968588420619823,0.4384024350511411,0.16631846077423967,0.009258491327885138,8.39008135449884e-05,NSR,220m (3).mat
-5.921189464667502e-18,0.9999999999831213,0.9999999999662426,4.416482521359626,28.71033155025763,0.9999999999831213,-3.6076182340571123,7.589453494525866,11.197071728582978,0.43208853180011436,-0.3970940237079879,-0.3202829242325248,0.11204255600824595,0.3422399392780027,0.4323254802407708,0.02,0.9999999999662426,0.07736792260803743,10,60.0,0.9996913580246913,0.02955559165401015,0.9388888888888889,1.05,0.02956471653695684,0.031087540674443605,0.125,7.267918677299589,0.16693967282482688,9.84375,0.9958303715125769,0.12154300122633693,0.3670188105827105,0.39057523649258213,4.4572331633694375,0.17796885078191704,0.24929407477019513,0.3900442610670701,0.1740736878342996,0.00854234650401978,7.677904249822943e-05,NSR,220m (4).mat
-3.947459643111668e-18,0.9999999999712903,0.9999999999425807,1.2251321331017904,2.253449776321248,0.9999999999712903,-1.8055879936318358,4.691369923471585,6.496957917103421,0.7737061606704446,-1.067663267863544,-0.7238018838438243,0.5469757468246657,1.3518025532011215,1.27077763066849,0.02,0.9999999999425807,0.07290799524049864,12,72.0,0.8186868686868686,0.0460275333151721,0.7583333333333333,0.9305555555555556,0.05622116955750947,0.05542345405385035,0.4,4.106322837450448,0.3166226712534343,1.40625,0.8615348410477964,0.4858625871475702,0.21634871052253166,0.07701467936251889,3.4819884085224095,0.681661018546816,0.14274445997221505,0.14340708261418936,0.02999728362090784,0.0021682089945478686,2.194625132361198e-05,NSR,228m (0).mat
-1.973729821555834e-18,0.9999999999686149,0.9999999999372299,1.8293310790852286,5.519256667869941,0.9999999999686149,-1.8395656420828794,5.513369058349182,7.352934700432062,0.7391869178755059,-0.9598555797731066,-0.6943763085689454,0.5292839765529288,1.150712197269981,1.2236602851218743,0.0225,0.9999999999372299,0.07996277826036657,12,72.0,0.8477272727272727,0.04332261881617643,0.7694444444444445,0.9138888888888889,0.05110442964244419,0.04263685300966642,0.3,4.664247242087553,0.5187303007642952,1.40625,0.8284075241682721,0.38747874942793037,0.256350262567037,0.09406360388379188,3.7295822657459197,0.6098706178378313,0.2134803876743552,0.14342640262969505,0.03087676696778589,0.0023219277199791424,2.3897170353192458e-05,NSR,228m (1).mat
0.0,0.9999999999713461,0.9999999999426923,1.9389396929441798,5.961596698369039,0.9999999999713461,-1.9134021123786529,5.4819652475401695,7.395367359918822,0.7374610531604658,-0.9274011069169166,-0.6845973835207133,0.4908573211402764,1.1667835232093566,1.1754547046609898,0.01361111111111111,0.9999999999426923,0.06885201049535723,11,66.0,0.9388888888888889,0.03870990558143298,0.8666666666666667,0.9944444444444445,0.04122948519074929,0.03737117790853808,0.2222222222222222,4.866934030578883,0.3001650510937158,1.40625,0.8079712820539573,0.35957342653276664,0.28783762526934376,0.07712933039221741,3.728453325836287,0.623984099639141,0.1556963289553234,0.18405203445460588,0.034325721622677594,0.00192274926321724,1.906606503456744e-05,NSR,228m (10).mat
-2.7632217501781673e-17,0.9999999999700038,0.9999999999400077,2.164232864860679,7.471078651317434,0.9999999999700038,-1.9010176105294176,5.583529964511993,7.484547575041411,0.7149525843916126,-0.9036849146898136,-0.6502697795206254,0.4516762186261367,1.1699626071805247,1.101945998146762,0.0175,0.9999999999400077,0.067145545441402,10,60.0,0.9382716049382717,0.060217623420397895,0.875,1.0666666666666667,0.06417930910333823,0.07419839105107266,0.5,5.182529377219442,0.28603610843461696,1.40625,0.8229050540868443,0.36315908432767646,0.29363071462405405,0.07526483977803082,3.7222135962072667,0.6266048492626368,0.22435896989415316,0.11446546643945198,0.032665112236393505,0.0018873303062928845,1.827186107146776e-05,NSR,228m (2).mat
-7.894919286223335e-18,0.9999999999711255,0.9999999999422511,1.9886649521297572,6.274587436438432,0.9999999999711255,-1.7213526283857896,5.454002365554614,7.175354993940404,0.7290381383114525,-0.9508870311160839,-0.6570025801510777,0.4817891075800501,1.1548597799180291,1.138791687731128,0.015277777777777777,0.9999999999422511,0.06639965574195471,11,66.0,0.8988888888888888,0.07091988176547975,0.8,1.0777777777777777,0.07889727258087051,0.07350475661847902,0.2222222222222222,4.975588869779217,0.25130281184081266,1.40625,0.8065977624991043,0.4050872147021998,0.24238889596787438,0.0764807699344157,3.6288052954456216,0.6555398637105426,0.11523778472392573,0.1899865823819447,0.0371412134195088,0.0020737617826253373,2.0793981452548378e-05,NSR,228m (3).mat
5.921189464667502e-18,0.9999999999694926,0.9999999999389853,1.8000399692633322,4.845571894653971,0.9999999999694926,-1.7840911232388952,5.214788841869234,6.998879965108129,0.7501471324597547,-0.8806742731494139,-0.6863883345960556,0.49088795133753244,1.2483083186854056,1.1772762859335881,0.011944444444444445,0.9999999999389853,0.06583033936378058,11,66.0,0.8652777777777777,0.03917060657882497,0.8,0.9361111111111111,0.04526940080924561,0.04655483366657974,0.3333333333333333,4.687333664340873,0.35946286042740583,1.40625,0.8062367496144556,0.3793107704860585,0.2606269191588,0.08359775726985856,3.6896492230248508,0.6575334624466689,0.14785271551196252,0.16862036962247062,0.02416475138064435,0.0018109063329395244,1.7794705313875727e-05,NSR,228m (4).mat
-1.973729821555834e-18,0.9999999999686149,0.9999999999372299,1.8293310790852286,5.519256667869941,0.9999999999686149,-1.8395656420828794,5.513369058349182,7.352934700432062,0.7391869178755059,-0.9598555797731066,-0.6943763085689454,0.5292839765529288,1.150712197269981,1.2236602851218743,0.0225,0.9999999999372299,0.07996277826036657,12,72.0,0.8477272727272727,0.04332261881617643,0.7694444444444445,0.9138888888888889,0.05110442964244419,0.04263685300966642,0.3,4.664247242087553,0.5187303007642952,1.40625,0.8284075241682721,0.38747874942793037,0.256350262567037,0.09406360388379188,3.7295822657459197,0.6098706178378313,0.2134803876743552,0.14342640262969505,0.03087676696778589,0.0023219277199791424,2.3897170353192458e-05,NSR,228m (5).mat
-2.7632217501781673e-17,0.9999999999691037,0.9999999999382074,2.184308551442386,7.258823078229529,0.9999999999691037,-1.7539222836701716,5.5987209239284015,7.3526432075985735,0.7164407634414007,-0.8968876101589427,-0.6586615300114452,0.4439804330568014,1.1230128211620916,1.1026419630682467,0.014166666666666666,0.9999999999382074,0.06702878978629251,11,66.0,0.8708333333333333,0.04227792378424199,0.7944444444444444,0.9277777777777778,0.048548811945293605,0.04906533814626583,0.3333333333333333,5.0583535615012325,0.267568018140419,1.40625,0.8935536740023844,0.4027503239649398,0.31093619355617974,0.07958922773078334,3.678303969129733,0.5789572746422839,0.22497970587972174,0.1585043554612649,0.03583964761143137,0.0017021931561318963,1.682324916610631e-05,NSR,228m (6).mat
3.947459643111668e-18,0.9999999999698763,0.9999999999397527,1.6484385700621287,4.34420314522789,0.9999999999698763,-2.476401671895839,4.8571533954470345,7.333555067342873,0.7555502004126377,-0.9250193333587003,-0.7011271679780313,0.5145788652357408,1.2576409164321602,1.2157060332137721,0.015277777777777777,0.9999999999397527,0.06814965890608135,12,72.0,0.8434343434343435,0.03883966450450581,0.7777777777777778,0.9166666666666666,0.04604942253158301,0.04245549594342844,0.2,4.580421813534748,0.21923081732080243,1.40625,0.8775213621100858,0.41886064408581575,0.28173443752170296,0.09249537153238663,3.67484528529536,0.6269930613718583,0.13777419642757757,0.19690982920939692,0.03626360017022994,0.0020387761473878658,2.053667354917971e-05,NSR,228m (7).mat
5.921189464667502e-18,0.9999999999694926,0.9999999999389853,1.8000399692633322,4.845571894653971,0.9999999999694926,-1.7840911232388952,5.214788841869234,6.998879965108129,0.7501471324597547,-0.8806742731494139,-0.6863883345960556,0.49088795133753244,1.2483083186854056,1.1772762859335881,0.011944444444444445,0.9999999999389853,0.06583033936378058,11,66.0,0.8652777777777777,0.03917060657882497,0.8,0.9361111111111111,0.04526940080924561,0.04655483366657974,0.3333333333333333,4.687333664340873,0.35946286042740583,1.40625,0.8062367496144556,0.3793107704860585,0.2606269191588,0.08359775726985856,3.6896492230248508,0.6575334624466689,0.14785271551196252,0.16862036962247062,0.02416475138064435,0.0018109063329395244,1.7794705313875727e-05,NSR,228m (8).mat
-7.894919286223335e-18,0.9999999999713215,0.999999999942643,2.13376107653776,7.096371735223517,0.9999999999713215,-1.6879312393397532,5.568861594962067,7.25679283430182,0.7199224238947393,-0.9114565129796516,-0.6887122187367922,0.4503857593177706,1.1351045327261786,1.1390979780545627,0.01361111111111111,0.999999999942643,0.06304841098228856,10,60.0,0.9722222222222222,0.10723965188086039,0.8555555555555555,1.1611111111111112,0.11030364182114409,0.12850787793500454,0.75,5.076386118702386,0.30265378390312314,1.40625,0.8461628334349462,0.3679704177140633,0.31249608773214854,0.0729078050453971,3.6975831624302717,0.5951411933380978,0.26876302550991943,0.10299736095641293,0.03157231000305535,0.001511649933154137,1.4460259360091638e-05,NSR,228m (9).mat
-1.973729821555834e-17,0.9999999999828988,0.9999999999657977,1.10810369292588,4.252197465362811,0.9999999999828988,-3.204878345409218,4.97450591291929,8.179384258328508,0.654612090081843,-0.827814365647599,-0.4237693843832675,0.2782952960664977,1.2495138590227002,0.7020646804497652,0.015,0.9999999999657977,0.044835251017880925,11,66.0,0.9694444444444443,0.4510327655010837,0.475,1.8777777777777778,0.46524869745816794,0.7190004111409468,0.8888888888888888,3.4183672843550497,0.9478718268801917,1.40625,0.7799331931257741,0.491305110793124,0.1663627818429066,0.03616311384617329,3.098529688861953,0.7985969365219849,0.1379938337352837,0.05023392638157771,0.012774904626263088,0.00039704330074015335,3.3554341502131945e-06,VT,106m (0).mat
-1.924386576016938e-17,0.9999999999901216,0.9999999999802432,-0.3780301166601402,0.45784247076690265,0.9999999999901216,-2.735905614389687,3.3432017508134573,6.079107365203145,0.749038073262628,-1.3947591632690468,-0.34252422895879914,0.6685632474128578,1.235969289641117,1.0110874763716569,0.018333333333333333,0.9999999999802432,0.0472266739417254,17,102.0,0.5435763888888889,0.40019131076788805,0.23055555555555557,1.8694444444444445,0.7362190820129074,0.5224753129812901,0.5333333333333333,0.9856126329384978,0.8074968625343805,2.8125,0.9643924548327272,0.675075405443922,0.13676133453234246,0.021094538599414,2.697361402345667,0.8166504099005778,0.13605803543176692,0.0376375766039114,0.009278699172292838,0.00037195755825323847,3.321333197524543e-06,VT,205m (0).mat
-2.1711028037114173e-17,0.9999999999879372,0.9999999999758744,0.6220276319112981,2.2298755819113047,0.9999999999879372,-2.7964058970214025,4.143729749309426,6.940135646330829,0.7170747674647878,-1.330408556827613,-0.5328249280160141,0.40534872547352213,1.1569383380303968,0.9381736534895362,0.010833333333333334,0.9999999999758744,0.05013593779186455,17,102.0,0.5970486111111111,0.1081438368930358,0.4722222222222222,0.75,0.1811307064439004,0.2114835895335033,1.0,2.157629273881353,1.5786742121615076,2.8125,0.8197898309925251,0.5211397023547872,0.20389286252082633,0.014037606146108189,2.9317960837673813,0.762351904849313,0.15828971341202897,0.07336218406830781,0.005840657398448371,0.00015428220201906917,1.258069882442572e-06,VT,223m (0).mat
-2.1711028037114173e-17,0.9999999999879334,0.999999999975867,0.7313598339706886,1.843993156032564,0.9999999999879334,-2.3859015742993077,4.011842275700754,6.397743850000062,0.7333153271726761,-1.3189441162819526,-0.5752163715911508,0.40222537170462885,1.2369934276150154,0.9774417432957796,0.011111111111111112,0.999999999975867,0.05143500530054203,16,96.0,0.6144444444444443,0.19478066170141092,0.46944444444444444,1.0916666666666666,0.3170028847124182,0.23703135327180333,0.9285714285714286,2.2760309221392707,1.582772405603817,2.8125,0.8527457374052791,0.5400271600368477,0.21061435992357258,0.015302780526810035,2.929216059026862,0.7892974595936187,0.1453490275007204,0.05991558479966184,0.0052880733290544555,0.00014863268487777604,1.2220920667316187e-06,VT,223m (1).mat
-3.3553406966449176e-17,0.999999999988075,0.99999999997615,0.7070443668393633,1.7963338031643996,0.999999999988075,-2.4576984250038367,4.066829287567119,6.524527712570956,0.7330272747515657,-1.297308869586851,-0.6137180939948771,0.39812086682337045,1.240049895411304,1.0118389608182476,0.013333333333333334,0.99999999997615,0.051839363562988516,18,108.0,0.5477124183006535,0.06960592528580137,0.46111111111111114,0.6583333333333333,0.12708480369073552,0.13583446943401278,1.0,2.1559558230418236,1.493721370906701,2.8125,0.8338960183001692,0.5153894145062006,0.2195024591020975,0.015364344408649954,2.9311397494191893,0.7783544756619235,0.1473663360193775,0.06947869064773725,0.004676509458489763,0.0001230206443242071,9.675681475375777e-07,VT,223m (2).mat
-5.5264435003563346e-17,0.9999999999904801,0.9999999999809601,-0.036694333612479944,1.4955663898659095,0.9999999999904801,-3.026246161982818,3.551335994513879,6.577582156496697,0.7231548797876169,-1.2074487005823618,-0.5138219668016588,0.42539135759492536,1.1776548250174068,0.9392133243965841,0.0175,0.9999999999809601,0.04501880112881724,17,102.0,0.5586805555555556,0.07929372722649085,0.46111111111111114,0.6916666666666667,0.14193035053047495,0.1576577529910575,1.0,1.707588031805313,1.4191695505398947,2.8125,0.6632624212024525,0.44255555595829443,0.14929261269251948,0.009974499297445528,2.8273417577966917,0.8283152227231555,0.12502787438582885,0.04254697320447564,0.003981388217036075,0.00012760971698380776,9.317525198306891e-07,VT,223m (3).mat
-1.3816108750890837e-17,0.9999999999893213,0.9999999999786428,0.5736203609580386,1.1933047376220642,0.9999999999893213,-2.663592620333132,3.7088360220179077,6.372428642351039,0.7495213805909393,-1.287308544224957,-0.6093495193186474,0.4467131713762099,1.253452526588139,1.0560626906948574,0.015277777777777777,0.9999999999786428,0.053474086383771956,15,90.0,0.6595238095238095,0.2346422900570031,0.475,1.1194444444444445,0.35577531290438874,0.20651772962526163,0.8461538461538461,2.283076558961514,1.4083691610574551,2.8125,0.7595417596491633,0.5035406114253861,0.1722499842871001,0.014107994908781785,2.889941434729183,0.8131646624279641,0.10940470282069048,0.07085792046127853,0.00630834920476586,0.00026205611079735945,2.308974503410704e-06,VT,223m (4).mat
-2.960594732333751e-18,0.9999999999904718,0.9999999999809438,1.6941156418059216,4.8566217830773715,0.9999999999904718,-1.6549224337752095,4.351270576849859,6.0061930106250685,0.667596284785255,-1.1412461562447862,-0.5083445963714488,0.2326423452583928,0.9608354970435586,0.7409869416298416,0.010277777777777778,0.9999999999809438,0.05087568000433695,13,78.0,0.7576388888888889,0.2772381912011652,0.45,1.1833333333333333,0.365923918242665,0.44728652527237583,1.0,3.3848038765036224,1.1927124406095024,2.8125,0.9524497146859743,0.5461160716607556,0.28402839340182034,0.015096691121808696,3.0440018192581855,0.7235860501211919,0.21433157155900986,0.05558734597895757,0.00632691583120459,0.0001666557395711815,1.4607700645942018e-06,VT,223m (5).mat
-1.3816108750890837e-17,0.9999999999903274,0.9999999999806549,1.6061121087115602,4.51673938738147,0.9999999999903274,-1.6756167009272644,4.338732579579905,6.01434928050717,0.6780144547235727,-1.183695953281079,-0.5488235616984987,0.26187802866422016,0.9555353667565993,0.8107015903627188,0.011666666666666667,0.9999999999806549,0.051261322468060005,13,78.0,0.7456018518518519,0.27971651749794774,0.4444444444444444,1.1583333333333334,0.3751553411892155,0.4044800322893124,0.9090909090909091,3.40857455859581,1.105585163949004,2.8125,0.8716163925358061,0.5101914931631961,0.25680763308688814,0.014385407839653154,3.0315554990071045,0.695835828655943,0.2271996131540326,0.0715938817650033,0.005193301857210374,0.00017585782529786582,1.516742512601184e-06,VT,223m (6).mat
2.4671622769447924e-18,0.999999999989827,0.999999999979654,1.6442646713716567,5.244195098173833,0.999999999989827,-1.775623023322435,4.5310891497625345,6.30671217308497,0.6528743636347226,-1.2098330943882039,-0.4521237261577654,0.22597883923818068,0.9648452804277355,0.678102565395946,0.011944444444444445,0.999999999979654,0.04899036040684689,13,78.0,0.7006944444444444,0.251073121204477,0.4666666666666667,1.2083333333333333,0.3583204103255357,0.4161790075556026,1.0,3.292723299946873,1.3448970903218211,2.8125,0.9346754847687566,0.5462191387548094,0.27181593386406877,0.014168993033376452,3.037485889891683,0.7253637593313488,0.20176676425851717,0.06802196376180646,0.004701622121439089,0.00014466208747367356,1.2284394146378283e-06,VT,223m (7).mat
-7.401486830834377e-18,0.9999999999677087,0.9999999999354174,2.6577659265460856,12.59329842046704,0.9999999999677087,-1.9632524521472792,6.142455434666013,8.105707886813292,0.5664038225717238,-0.75060160972245,-0.3799591654360012,0.0940477027067166,0.8389327553830028,0.4740068681427178,0.0225,0.9999999999354174,0.03499839592577128,3,18.0,1.1944444444444446,0.036111111111111094,1.1583333333333334,1.2305555555555556,0.030232558114223883,0.07222222222222219,1.0,6.122444483458291,0.02037748225443357,1.40625,0.9448589912185934,0.7322945069769751,0.10831111700983943,0.008948758476021276,2.4895683136894693,0.8661466682400344,0.10596967237572491,0.0238454513487597,0.003803694544612439,0.00023166059968614806,2.8528911821825384e-06,IVR,207m (0).mat
1.1842378929335004e-17,0.9999999999774584,0.9999999999549168,2.362630917318284,6.598369320933504,0.9999999999774584,-1.4316355024032457,4.184608333781104,5.616243836184349,0.5450414361196284,-1.0641891989605479,-0.23635906963360914,-0.034607990851566316,0.6635985092674525,0.20175107878204282,0.009166666666666667,0.9999999999549168,0.03269689296808812,9,54.0,1.1347222222222222,0.02890090562039559,1.0916666666666666,1.1916666666666667,0.02546958632600578,0.03957724124659725,0.2857142857142857,4.134665941519131,0.0422819060070341,2.8125,0.9373241185289058,0.7291734377312746,0.10199703745294357,0.0060433600818783975,2.4603437037903952,0.8951792533125045,0.08348114999825237,0.01863967153782234,0.00259322226238599,0.00010561511973149247,1.087769303062649e-06,IVR,207m (1).mat
-2.565848768022584e-17,0.9999999999774476,0.9999999999548953,2.135550419588332,5.63598320690677,0.9999999999774476,-1.552361626849362,4.107515665291896,5.659877292141258,0.5597865639481591,-1.1201979777769373,-0.24594876268244864,-0.033165833855426124,0.808835095943439,0.21278292882702252,0.009444444444444445,0.9999999999548953,0.03196917753883892,9,54.0,1.132986111111111,0.03320105408392858,1.0694444444444444,1.1833333333333333,0.029304025644290136,0.04417078447410917,0.2857142857142857,3.98560518356234,0.07251773416904825,2.8125,0.9569079016079554,0.7701739668331031,0.08500336214596513,0.004917312351580358,2.3485046873042688,0.9002717007167478,0.08488054713815163,0.012731691149981527,0.0020100875544589135,0.00010473869746538472,1.234743194416704e-06,IVR,207m (2).mat
-7.894919286223335e-18,0.9999999999793607,0.9999999999587216,1.8924265678379009,4.193861366839315,0.9999999999793607,-1.524165977672474,3.930487461500502,5.454653439172976,0.6077258430745063,-1.0763909099008984,-0.3040429467985629,-0.015962860046156026,0.9907337976945336,0.28808008675240687,0.008611111111111111,0.9999999999587216,0.03135411388843511,10,60.0,1.0206790123456788,0.044020180072551665,0.9416666666666667,1.0777777777777777,0.04312832878600896,0.03842732036738036,0.25,3.6547331851039138,0.16851558894116206,2.8125,0.9626098220718171,0.7787407461132976,0.07919211403870463,0.004587010706629198,2.3400460608129454,0.9039756106694162,0.08274262508259109,0.01133097889783929,0.0018445647501576007,0.0001049948773030758,1.2257226925888108e-06,IVR,207m (3).mat
-3.552713678800501e-17,0.9999999999803322,0.9999999999606644,1.5935090146009887,3.0910776232144173,0.9999999999803322,-2.114129519557648,3.662400550677248,5.776530070234896,0.6431637049517108,-1.1022846303213196,-0.43710736399236527,0.02244281762173955,1.1718738997523095,0.4595501816141048,0.01,0.9999999999606644,0.031052645294379004,10,60.0,0.921604938271605,0.03306937095303424,0.8611111111111112,0.9694444444444444,0.03588237165826258,0.03605765273818657,0.125,3.4706151188340173,0.11105745877795399,1.40625,0.8611578070953979,0.7094316370517728,0.06351717341904639,0.003963105202416487,2.3126096066060677,0.9265171641051467,0.058734240751167115,0.012936374234453717,0.00167332772663107,0.00013750860936973298,1.384573231352129e-06,IVR,207m (4).mat
-7.894919286223335e-18,0.9999999999820406,0.9999999999640812,1.0979978064839089,2.833478120803438,0.9999999999820406,-3.1138451173495714,3.6428299041340413,6.756675021483613,0.6189498784998155,-1.0079130465378834,-0.41588673094189044,0.0587068366699869,1.2142276948100799,0.4745935676118773,0.011944444444444445,0.9999999999640812,0.029995223752653278,11,66.0,0.8752777777777778,0.02639473619427618,0.825,0.9222222222222223,0.030155839476621146,0.027216552697590886,0.0,3.1665783670807355,0.1747426652618458,1.40625,0.7975183992838207,0.6626672643986893,0.05604604404143062,0.002459556065625316,2.2328723593886806,0.9371148322295225,0.05383552491041555,0.007675040869446563,0.0012715122475101454,0.00010180894549854495,1.2807976064160108e-06,IVR,207m (5).mat
1.1842378929335004e-17,0.9999999999780387,0.9999999999560775,2.1489176369400576,5.797275006835859,0.9999999999780387,-1.610888339145894,4.9283062499670605,6.539194589112954,0.5657512735298709,-0.9855304525932497,-0.29990001531694066,-0.020613736923276213,1.0358168574166737,0.27928627839366443,0.015277777777777777,0.9999999999560775,0.03257955193704747,2,12.0,3.547222222222222,0.0,3.547222222222222,3.547222222222222,0.0,0.0,0.0,4.139446697906829,0.7888595520602315,1.40625,0.9972493935686941,0.7835047992670856,0.11028482287898136,0.004801249418988719,2.4921843240953434,0.8948622190088545,0.07990491872329576,0.022152618343206608,0.0029493278813743653,0.0001293967909562534,1.519252312273641e-06,IVR,207m (6).mat
1.973729821555834e-18,0.9999999999815898,0.9999999999631798,1.717812926522753,3.0691352799319516,0.9999999999815898,-1.3700979106971507,3.94642965240603,5.316527563103181,0.650805000118557,-1.0903238693605743,-0.4555468579117744,0.05963889757503806,1.30153159500915,0.5151857554868124,0.008055555555555555,0.9999999999631798,0.0312107083211218,11,66.0,0.9580555555555555,0.025803447468014194,0.9083333333333333,0.9888888888888889,0.026933143168423247,0.03218175406848665,0.1111111111111111,3.367397919334064,0.19886032143895613,1.40625,0.8573650461863446,0.7107913736416325,0.060842632218774145,0.002147991543115981,2.2647249150371365,0.9042578602398604,0.08570487600452888,0.008721739771868154,0.0011940762668392888,0.00011992541037109914,1.5223065319522966e-06,IVR,207m (7).mat
-1.973729821555834e-17,0.9999999999828995,0.9999999999657989,1.7837384651843002,4.54342299908956,0.9999999999828995,-2.1141449127678325,3.9753369676321335,6.0894818803999655,0.5657586535964986,-1.1558713250104853,-0.2666125842716584,0.04592100370712204,0.8427292834039952,0.31253358797878045,0.016944444444444446,0.9999999999657989,0.03090190222712594,9,54.0,1.0343749999999998,0.02572023855442044,0.9861111111111112,1.0777777777777777,0.024865487400173972,0.03641508205480523,0.2857142857142857,3.7615373301020605,0.12582202792299205,2.8125,0.927029902018737,0.7518537060919005,0.07706780825763317,0.002466839004089696,2.2952532370926115,0.9084814684870961,0.08152520867924355,0.008348974289712754,0.0015094104082006067,0.00013359212574667677,1.346010000219013e-06,IVR,207m (8).mat
2.960594732333751e-18,0.9999999999830265,0.9999999999660529,1.6960723902121506,4.0358656136978395,0.9999999999830265,-1.9775448965017295,3.9218569152352227,5.899401811736952,0.6132479213155395,-1.1745667363222696,-0.3396282764206799,0.07830629150950816,0.8890296681058779,0.417934567930188,0.01,0.9999999999660529,0.03413998560856514,10,60.0,0.9824074074074074,0.04196395997638763,0.9166666666666666,1.0472222222222223,0.042715435182248795,0.051134882756958586,0.375,3.4679411666473037,0.7326063775132855,2.8125,0.9729188822851426,0.792626437226521,0.07624237202093403,0.004843948374821068,2.3088822160786533,0.8960736329876355,0.08772092027970735,0.014880332649127227,0.001192871689543763,0.00013063060703261072,1.6117869533436425e-06,IVR,207m (9).mat
7.894919286223335e-18,0.9999999999821669,0.9999999999643339,-0.0959717190175614,-0.6228423079153176,0.9999999999821669,-2.515437987748215,2.515995268835101,5.031433256583316,0.826953700685426,-1.3849150620789277,-0.7687131650629977,0.7355443491858009,1.2660471744819275,1.5042575142487986,0.021111111111111112,0.9999999999643339,0.053648896106066296,10,60.0,0.5419753086419754,0.36407719292502994,0.2611111111111111,1.3722222222222222,0.6717597396928219,0.6225724460793972,0.75,1.0057328506779988,0.6262378587694816,2.8125,0.973723439272115,0.7148942290785272,0.06331929515086528,0.003284026316111652,2.0420364771695736,0.8957353904034749,0.09249410637995638,0.010540355230903851,0.001166943552639827,6.262406079548753e-05,5.803722291797771e-07,VFL,207m (0).mat
1.8257000849391464e-17,0.9999999999787316,0.9999999999574631,0.481534197432384,1.0206630244161783,0.9999999999787316,-3.28755609758494,3.987052058973488,7.274608156558428,0.7683448246810599,-1.1514892101352,-0.6453221347301448,0.5741375131821445,1.1666250299562884,1.2194596479122892,0.03777777777777778,0.9999999999574631,0.10723203635493767,3,18.0,0.4986111111111111,0.11250000000000002,0.3861111111111111,0.6111111111111112,0.22562674049456477,0.22500000000000003,1.0,3.6653112513509014,0.3502462133035662,2.8125,0.8956891799187242,0.42743815074988917,0.2456533934816531,0.09417244535061083,3.545042466900069,0.6439591670649996,0.17180738103782733,0.12650392488513373,0.0520174293612232,0.005639462633940193,7.263501687592026e-05,VFL,207m (1).mat
-3.009937977872647e-17,0.9999999999824088,0.9999999999648177,0.004672500817337152,-0.7444937727152205,0.9999999999824088,-2.5699398685608434,2.8143324076065914,5.384272276167435,0.8306791409637359,-1.3455087084518376,-0.8109751080461578,0.7691543189209374,1.3319481203818968,1.5801294269670954,0.017222222222222222,0.9999999999648177,0.05179416164298117,5,30.0,1.1222222222222222,1.3763223159143902,0.30277777777777776,3.5055555555555555,1.226425824969473,2.5845944751204293,0.6666666666666666,1.7505552989668616,0.4706949238262017,2.8125,1.0238626511584732,0.7893319105509249,0.06783926265025236,0.0027134192689246563,1.900770089842647,0.9182628097446479,0.07047666979020425,0.010038427496460885,0.0011664419634542064,5.5130776279339904e-05,5.202289531408963e-07,VFL,207m (2).mat
7.894919286223335e-18,0.9999999999839274,0.9999999999678549,0.3194752810750596,-0.35662903510787913,0.9999999999839274,-2.5793939365293737,2.7732523823936943,5.3526463189230675,0.8145370769479506,-1.2514873587189936,-0.7865763668230266,0.6640670432200388,1.3540412557174606,1.4506434100430654,0.0225,0.9999999999678549,0.06068202817637108,8,48.0,1.01984126984127,1.2028217013969584,0.25833333333333336,3.297222222222222,1.1794204998242004,1.2778059578213041,0.3333333333333333,2.194688478040015,0.9416731637334743,4.21875,0.975687227434697,0.6689948392255177,0.05392006519988333,0.005991024050877019,1.7120098149484069,0.9220528730414894,0.06097636373400946,0.013290326774664364,0.0034331441596685223,0.00024451762847806986,2.7746616899142413e-06,VFL,207m (3).mat
-5.427757009278543e-18,0.9999999999872334,0.9999999999744669,0.032184137651890404,-0.8158045618262526,0.9999999999872334,-2.0111359642224502,2.5725058332648514,4.583641797487301,0.8460715656608016,-1.384590501258966,-0.7843244193979751,0.7818387874259076,1.24404897436082,1.5661632068238829,0.01972222222222222,0.9999999999744669,0.06404355130242761,24,144.0,0.4114734299516909,0.23815089966593075,0.13333333333333333,1.1666666666666667,0.578775886246446,0.37752238098972113,0.7272727272727273,1.1334822123661128,0.9193989955296183,4.21875,0.9696309680358051,0.6868536624390644,0.031449889989019306,0.012218198358203649,1.6528882400567828,0.9192900792542739,0.06160276673760004,0.013673353683800288,0.005185835585760517,0.00024540475961998845,2.5599789450091626e-06,VFL,207m (4).mat
3.256654205567126e-17,0.9999999999766657,0.9999999999533313,-0.10348415941000262,-0.2680469291516805,0.9999999999766657,-2.549619393529812,2.905320583239363,5.454939976769175,0.8040000412805177,-1.428920020604937,-0.679563968005436,0.6943237845342505,1.1913719119324668,1.3738877525396864,0.03,0.9999999999533313,0.07522315991339458,20,120.0,0.4115497076023392,0.30405835097479295,0.25,1.2833333333333334,0.7388131849428423,0.48819482860037916,0.5555555555555556,1.7234255960823286,0.8522113028729847,4.21875,0.9705888127594134,0.5784025078813403,0.15602691413012973,0.02272628243540318,2.4109352213891477,0.7739536412219843,0.17842254766667048,0.03801368182997296,0.008760977263040216,0.0008377740401828737,1.1377978149021857e-05,VFL,207m (5).mat
2.960594732333751e-18,0.9999999999778009,0.9999999999556017,0.46586160712159125,-0.05322582902694206,0.9999999999778009,-2.307210777869646,3.2762402806666526,5.583451058536299,0.8045158879340635,-1.2036990599365487,-0.7401086443953053,0.636323033675637,1.357929190843767,1.3764316780709422,0.028888888888888888,0.9999999999556017,0.07800245393165761,15,90.0,0.43829365079365085,0.24555838038719524,0.25833333333333336,1.1166666666666667,0.5602599521628582,0.38928779906814936,0.7692307692307693,2.2800959610396165,0.6721387579193937,4.21875,1.0065220937916812,0.5246186041647581,0.23039249369262646,0.020992940599096975,2.504656597978083,0.7348762761805391,0.2162208034459941,0.040254120019256816,0.00796781056666433,0.0006723476150013162,8.642172544231234e-06,VFL,207m (6).mat
-1.578983857244667e-17,0.9999999999843013,0.9999999999686028,0.16527553549560065,-0.5549983562304113,0.9999999999843013,-2.573167489288569,2.787104251085306,5.360271740373875,0.8349526383939719,-1.230403507972113,-0.7911151027268437,0.7303702652094998,1.385193693434894,1.5214853679363434,0.021388888888888888,0.9999999999686028,0.056690769757711354,6,36.0,0.3094444444444444,0.09966920596294498,0.24722222222222223,0.5083333333333333,0.32209079022179093,0.17897815233247233,0.5,1.6121328658459724,0.23863488270196057,4.21875,0.9995211692896975,0.6813205260036707,0.08217313674843284,0.004486438483637489,2.040139521748981,0.8753916081915414,0.11178113644774283,0.01092528110121959,0.0018228241542635087,7.833559526560691e-05,8.145099667721595e-07,VFL,207m (7).mat
-1.6776703483224588e-17,0.9999999999752348,0.9999999999504697,-0.357821458047754,0.18468348843614635,0.9999999999752348,-3.228493640814695,2.903548571377652,6.1320422121923475,0.7934222481672838,-1.3940061491173819,-0.5722824177216987,0.697004007535945,1.1168375998863789,1.269286425257644,0.02388888888888889,0.9999999999504697,0.0612535693099008,10,60.0,1.0429012345679012,0.9568861958934719,0.2611111111111111,3.388888888888889,0.9175233121402999,1.3551602480295482,0.75,1.4554236538868022,0.8359438773419793,2.8125,0.9635037699545039,0.6227721583646892,0.12292585317806334,0.010513129496366942,2.2863799798835234,0.8512836761246437,0.1187231520292659,0.02569005984504221,0.004109195408213731,0.0001918495128800051,2.0670799541579005e-06,VFL,207m (8).mat
-1.973729821555834e-18,0.9999999999871212,0.9999999999742424,0.3198950889092784,0.051045574646066516,0.9999999999871212,-2.2458576568736808,2.9233879202201916,5.169245577093872,0.7471985472857349,-1.3997095554848507,-0.6172258305918596,0.5612430781551042,1.418193900043122,1.178468908746964,0.0175,0.9999999999742424,0.04044588434984124,5,30.0,0.43819444444444444,0.18647740694912382,0.325,0.7611111111111111,0.42555858224078275,0.24868481216686542,0.3333333333333333,2.2657252901925955,0.29120134613857307,2.8125,0.9476979918000008,0.8121929980725004,0.0381870987975266,0.001212236711613406,1.8735138193050556,0.9465223027351711,0.04651256745577646,0.006348360366216447,0.0005939703103599887,2.259665395647292e-05,2.0247851927136402e-07,VFL,207m (9).mat
-1.7763568394002505e-17,0.9999999999846438,0.9999999999692877,2.7134122534341274,21.753961104045874,0.9999999999846438,-7.165249280798948,6.581111330219424,13.746360611018371,0.44876934022283504,-0.481885264405933,-0.27760702932674086,-0.04971712678538997,0.40094213775682236,0.22788990254135089,0.015555555555555555,0.9999999999692877,0.04511914538331007,9,54.0,1.0944444444444443,0.0629152869605896,0.95,1.1916666666666667,0.057486048946998165,0.0822348231442504,0.42857142857142855,5.80824769373347,1.400943868279257,2.8125,1.0759542586687136,0.42463426520674996,0.4052298303593563,0.09283031237829502,3.693164293230499,0.5314234173069535,0.2561989230035569,0.18858190503425784,0.022316984493064115,0.0014653040165354527,1.3466145632002581e-05,Fusion,114m (0).mat
-6.908054375445418e-18,0.9999999999838233,0.9999999999676465,3.001436689496962,21.942687501780362,0.9999999999838233,-6.845136098696996,6.923656101537533,13.768792200234529,0.44797725093245483,-0.5366887012986248,-0.29292860666059994,-0.02204415091176032,0.4160223093095514,0.2708844557488396,0.017777777777777778,0.9999999999676465,0.045586835638944424,8,48.0,1.242063492063492,0.3749057158705253,1.0166666666666666,2.1527777777777777,0.3018410233971515,0.5969648454883848,1.0,5.900326677587344,1.5357701081871191,2.8125,1.1608726602177752,0.45547701780614247,0.4355722520411267,0.10289467943928357,3.728712791697631,0.5561707887838657,0.24882478316066514,0.16749114212125063,0.025965362661366936,0.0015337106640496941,1.4212608801567788e-05,Fusion,114m (1).mat
-9.86864910777917e-19,0.9999999999717812,0.9999999999435626,4.660216531269979,23.508015310001355,0.9999999999717812,-1.2705477736571233,7.914727088130349,9.185274861787473,0.45250610827679083,-0.5154982168662273,-0.363160309053361,-0.0003792541876937882,0.2999854635599759,0.3627810548656672,0.042222222222222223,0.9999999999435626,0.09403488363806194,15,90.0,0.6593253968253968,0.015017888468385908,0.6388888888888888,0.6972222222222222,0.022777658069775983,0.02081551944950007,0.0,6.237874884414485,0.49377290759479386,7.03125,1.0123716067470374,0.1719523057083701,0.4029473015741969,0.31069272921404806,4.354151157831075,0.23931703785439587,0.29156071470125117,0.3185506465250793,0.1434416584214527,0.007067562210848195,6.238028697234428e-05,Fusion,205m (0).mat
-1.973729821555834e-17,0.9999999999710364,0.9999999999420728,4.626117412884578,23.024581271727516,0.9999999999710364,-1.223940361407234,7.580514876493695,8.80445523790093,0.45095850645258717,-0.5128724665758115,-0.3475531800405376,-0.006035271680184537,0.281031156983283,0.34151790836035306,0.042777777777777776,0.9999999999420728,0.08939301373695126,15,90.0,0.6632936507936508,0.012994138357168996,0.6444444444444445,0.6916666666666667,0.019590325223271466,0.016505632294338116,0.0,6.1562980232886195,0.506575033852768,7.03125,1.0470616925380005,0.19329177793977215,0.4278458584711794,0.291480719573447,4.306229636611087,0.2854013947236686,0.3071822971532203,0.28215006772874246,0.11896212598602397,0.006249193332038482,5.492107630593779e-05,Fusion,205m (1).mat
0.0,0.9999999999914536,0.9999999999829072,1.6392457459494558,4.324801532392382,0.9999999999914536,-2.0151205679077173,4.928171897390456,6.943292465298173,0.7055121717975004,-1.04673629273275,-0.6837226504973805,0.4134483542924991,0.9237173046533508,1.0971710047898795,0.03,0.9999999999829072,0.08222324378677431,19,114.0,0.5435185185185185,0.010758287072798387,0.5277777777777778,0.5638888888888889,0.019793781971456516,0.015348174119475682,0.0,3.92510876233871,0.251864024390431,4.21875,0.9771002062883312,0.3458896978071625,0.3382105449366512,0.13042591406232243,3.7876564274139306,0.4843566805714375,0.27623413521378476,0.1907591557851918,0.04759507288196972,0.0010474228119369004,7.532735679235748e-06,Fusion,213m (0).mat
-2.960594732333751e-17,0.9999999999921322,0.9999999999842645,1.4496986933756684,4.7386531070530715,0.9999999999921322,-3.678290667604359,5.101302728504577,8.779593396108936,0.7041787890564544,-0.9858522192963262,-0.6207214034979824,0.4482554810871653,0.9274087409264978,1.0689768845851477,0.024166666666666666,0.9999999999842645,0.07243168542635332,17,102.0,0.5682291666666667,0.015465037667147668,0.5361111111111111,0.5972222222222222,0.027216198229760243,0.01941797139684586,0.0,3.96601211706855,0.4678788105222315,4.21875,0.8532711416711184,0.26205765597703456,0.32469384666301093,0.12287969068707905,3.845420696744181,0.517076725476218,0.2612433121677192,0.18039461231521942,0.04040156543835841,0.000877617187986156,6.167414498466378e-06,Fusion,213m (1).mat
1.3816108750890837e-17,0.9999999999922244,0.999999999984449,2.2575870093586428,6.643307692069278,0.9999999999922244,-1.6453609393274218,5.032731659692177,6.6780925990196,0.6571632996548068,-0.8935778330613895,-0.5651057722141011,0.2768817320849663,0.8521743850074833,0.8419875042990674,0.028888888888888888,0.999999999984449,0.07439193132181182,18,108.0,0.5665032679738563,0.015727071131393416,0.5416666666666666,0.5916666666666667,0.02776165998102865,0.02445391230785972,0.0,4.142404956916881,0.3112653390067927,4.21875,0.8935023977904211,0.26277416544071486,0.3511495758947679,0.12566425506803805,3.7813831680000947,0.43687370503590467,0.31061609848585514,0.2125885392850668,0.03891394862723016,0.0010005651025548866,7.143463388129667e-06,Fusion,213m (2).mat
0.0,0.999999999992208,0.999999999984416,1.7229965264643636,4.524674267185581,0.999999999992208,-1.7712014482338398,4.668226955366204,6.4394284036000435,0.6882426750846836,-1.0353623824683182,-0.6545016704013098,0.3583816130532589,0.9440356489581104,1.0128832834545687,0.029444444444444443,0.999999999984416,0.07369480850570251,18,108.0,0.5441176470588235,0.011625446670781548,0.5222222222222223,0.5583333333333333,0.021365685734061588,0.01889093126213257,0.0,3.8480907860091094,0.40167967403229526,4.21875,0.9806498756187801,0.3698264312441636,0.3490936889319211,0.10417857058296459,3.680262301201964,0.5435414644756182,0.23078421457438256,0.19214114339871238,0.032789266721465135,0.0007386578643417034,5.252965479672639e-06,Fusion,213m (3).mat
-9.375216652390211e-18,0.9999999999908932,0.9999999999817863,2.032378587159314,6.150212716556345,0.9999999999908932,-1.7037520991132824,5.276097030334155,6.979849129447437,0.6672728756248941,-0.9571504335802332,-0.6408921654288494,0.2927181826266192,0.9185266370436611,0.9336103480554686,0.028888888888888888,0.9999999999817863,0.06708492361969987,13,78.0,0.7756944444444445,0.35336078429644796,0.5361111111111111,1.6472222222222221,0.45554120745828625,0.5489359414257743,0.45454545454545453,4.194283869931833,0.701107813199087,4.21875,1.0091806399560472,0.3762444006611262,0.37973074923085864,0.0721613355545552,3.5239375320606023,0.567216514416547,0.26738499198435983,0.1378018813372919,0.027068988657348983,0.0005238972801873622,3.7263242648131874e-06,Fusion,213m (4).mat
0.0,0.9999999999923027,0.9999999999846055,1.6714447230735014,4.542107367798567,0.9999999999923027,-2.1314214317161033,4.69557346186937,6.826994893585473,0.6924291198580513,-0.9826652111686921,-0.6370972655743594,0.37031697879709946,0.9084015463163944,1.0074142443714589,0.028055555555555556,0.9999999999846055,0.07350624307222861,18,108.0,0.5785947712418301,0.12654909657280675,0.5277777777777778,1.0833333333333333,0.2187180089486086,0.1909747474580518,0.125,3.8919265394687983,0.42879291739985587,4.21875,0.9397897987518045,0.34850943349855207,0.34766378465428877,0.0861792780965128,3.648550942537694,0.5246119335661195,0.2556992629326625,0.1884589835304111,0.030522497898799177,0.0007021237858216539,5.1982861859579875e-06,Fusion,213m (5).mat
4.934324553889585e-18,0.999999999991867,0.999999999983734,1.6350353838309553,4.664974252863388,0.999999999991867,-2.956846846773524,5.238406850807284,8.195253697580807,0.6931154785963268,-0.9513243670385807,-0.6144702849552874,0.39347595584952033,0.9861857076227377,1.0079462408048077,0.02666666666666667,0.999999999983734,0.07464371820701769,18,108.0,0.5683006535947712,0.017124931381142353,0.5305555555555556,0.5944444444444444,0.03013357673035472,0.028293817760365776,0.125,3.9379850345952527,0.654258513879374,4.21875,0.8404393477561248,0.26218542708189707,0.3163167173925289,0.12385944518731701,3.862502805159605,0.5168374447275361,0.2603616234993484,0.1809537666404692,0.040897058295491395,0.0009431025351222331,7.004302032291493e-06,Fusion,213m (6).mat
-2.861908241255959e-17,0.9999999999849113,0.9999999999698227,0.9202774519806286,1.6988172529819678,0.9999999999849113,-2.5480879720263565,3.8636030078279147,6.411690979854271,0.7369848795841037,-1.0844224773142506,-0.6090151640007757,0.5157810318842715,1.0193647498954812,1.1247961958850472,0.019444444444444445,0.9999999999698227,0.0572870250989862,15,90.0,0.6432539682539682,0.020296368019911783,0.6027777777777777,0.675,0.03155265103680754,0.017836441670691656,0.0,2.9096255437280623,0.4590710042762354,2.8125,0.9305007436298476,0.43902457774381454,0.33438189208258035,0.0067658589261772135,3.042408744182474,0.6242000815283264,0.3259249773258423,0.04485899779822654,0.0046717606440729404,0.000340731603823146,3.451099708425801e-06,LBBBB,109m (0).mat
-1.973729821555834e-17,0.9999999999881243,0.9999999999762486,1.4379293531250408,2.872054818025422,0.9999999999881243,-1.8979717752484806,3.7678146560556964,5.665786431304177,0.7130825605099331,-0.9398107560194185,-0.7101702374476404,0.4215920789671132,0.9615674892444278,1.1317623164147537,0.0175,0.9999999999762486,0.05349523175149697,15,90.0,0.647420634920635,0.02284504888380416,0.6111111111111112,0.6833333333333333,0.03528625381444384,0.02470144618225374,0.07692307692307693,3.486090808242101,0.16862020673977837,2.8125,1.0793271120134689,0.4652517676050796,0.42793087909074234,0.00289857961959345,3.0110581687019478,0.5660447191222565,0.35379046499453587,0.0773817599839992,0.00267128297146478,0.00011060216463980176,1.1707631035384008e-06,LBBBB,109m (1).mat
-2.3684757858670008e-17,0.9999999999883837,0.9999999999767675,1.8126410104351078,4.361433769360524,0.9999999999883837,-1.7268725305690964,4.850510992224223,6.577383522793319,0.6639754468876302,-0.8859423286102129,-0.6941724949125936,0.2968463346117557,0.7477560305318406,0.9910188295243493,0.015833333333333335,0.9999999999767675,0.051969522929343655,15,90.0,0.6904761904761906,0.02436843986959373,0.6638888888888889,0.7472222222222222,0.03529222320829873,0.025493700691127132,0.0,3.6462931356760917,0.4118400727107083,2.8125,0.8943370290430295,0.39597775584861594,0.3628567912698736,0.0028323715492151996,3.057336501010524,0.6427933358267046,0.26873276527574963,0.08550956442082341,0.002852096945111318,0.00011105213745101264,1.1853941598773563e-06,LBBBB,109m (10).mat
-2.4671622769447924e-18,0.9999999999890493,0.9999999999780987,1.8543358274069806,4.718332092480238,0.9999999999890493,-1.7954024855158572,4.418846046845024,6.214248532360881,0.6527204280344401,-0.9035107469479082,-0.7008748217721384,0.29736847966110586,0.5714087829612875,0.9982433014332444,0.015555555555555555,0.9999999999780987,0.05237220069037123,14,84.0,0.7006410256410256,0.02018297844449824,0.6777777777777778,0.7444444444444445,0.028806446778114548,0.020126912147485326,0.0,3.8824338214008747,0.2161517108743616,2.8125,0.8907123061420031,0.3925626149613703,0.35944490478588864,0.004235191240715703,3.1644787645981824,0.548068747095753,0.3737401394366343,0.07516341981168895,0.0029142391940406064,0.00011228615521542076,1.1683066674114044e-06,LBBBB,109m (11).mat
1.4802973661668754e-17,0.9999999999885375,0.999999999977075,1.7326810339626848,3.9732485059052287,0.9999999999885375,-1.7165260548617514,4.035671971285003,5.752198026146755,0.6681065360532426,-0.8838643315668536,-0.7061600672373833,0.322351292885702,0.676882236888824,1.0285113601230853,0.01611111111111111,0.999999999977075,0.05286533543145735,15,90.0,0.6898809523809524,0.026490138735751362,0.6527777777777778,0.7388888888888889,0.038398130294696665,0.02244810412746204,0.0,3.671603818940213,0.23521969190761724,2.8125,0.9617304748121897,0.42343111860482774,0.3849743181717659,0.002804029743452771,3.06437843106627,0.5817261797232804,0.3673573756569504,0.04800984668645296,0.0027807559929374885,0.00012459833632514955,1.2436040531592382e-06,LBBBB,109m (12).mat
-1.973729821555834e-18,0.999999999988324,0.9999999999766481,1.7569294914722229,4.143883598734683,0.999999999988324,-1.8335044647041898,4.044013923102658,5.877518387806848,0.6612299670004748,-0.8932152549371822,-0.7004582883813866,0.3183473669876535,0.6033627780351903,1.01880565536904,0.015833333333333335,0.9999999999766481,0.05282061064260131,14,84.0,0.6961538461538461,0.023151983026635105,0.65,0.7277777777777777,0.03325699214518403,0.021813368498869896,0.0,3.746893555979089,0.2213632995791753,2.8125,0.9763750540828819,0.41563476803245175,0.4010117244226462,0.0036705286869383397,3.11651710423277,0.5296709201818066,0.3773490552248001,0.08947299461710277,0.003331794945792377,0.00017375530573500276,1.4797247631659472e-06,LBBBB,109m (13).mat
1.578983857244667e-17,0.999999999989132,0.9999999999782642,1.873678392190683,4.6895559164849585,0.999999999989132,-1.690152221226668,4.129631947076582,5.819784168303251,0.645783445672726,-0.8925636147581373,-0.7083832698100204,0.29607386630644816,0.44731595948645947,1.0044571361164687,0.016666666666666666,0.999999999978264,0.05123803320458099,14,84.0,0.7057692307692308,0.01995548043779579,0.6722222222222223,0.7416666666666667,0.02827479513065645,0.021650635094610984,0.0,3.8472565913614605,0.24926376755845203,2.8125,1.1976476267490797,0.4844414475488864,0.5105776149581115,0.004234001130534878,3.0577633913250404,0.6008744770862061,0.3216631466887111,0.07413768336772368,0.003217270013445448,0.00010635683886653805,1.066005046758031e-06,LBBBB,109m (14).mat
-9.86864910777917e-18,0.9999999999879863,0.9999999999759727,1.8009315985781496,4.45466590972116,0.9999999999879863,-1.827922031154284,4.165042124778393,5.992964155932677,0.6540670447689038,-0.8911760766164115,-0.7134531591278902,0.29703122642411983,0.5006173540462155,1.01048438555201,0.01611111111111111,0.9999999999759727,0.05176422352888848,14,84.0,0.7087606837606837,0.025525022494047783,0.6694444444444444,0.7583333333333333,0.03601359816207417,0.02492272006239772,0.0,3.817156294935735,0.20710758077691188,2.8125,1.0928284340067633,0.4483469438642036,0.4544563915151167,0.0038964390729941422,3.089298006701684,0.5620073969855015,0.38879576238176067,0.04671378738827381,0.002359262619443892,0.00012252739534617798,1.2632296735690954e-06,LBBBB,109m (15).mat
-7.894919286223335e-18,0.9999999999875846,0.9999999999751693,1.8064330171483631,4.424894922485481,0.9999999999875846,-1.8388783963792164,4.312877699226834,6.15175609560605,0.6601693061361402,-0.895276997796528,-0.6983617135482627,0.31302354472106425,0.5553947858691041,1.011385258269327,0.01611111111111111,0.9999999999751693,0.05187795662310739,14,84.0,0.6959401709401709,0.020078649505698307,0.6666666666666666,0.7444444444444445,0.02885111438490785,0.021230776829255744,0.0,3.7896587086252507,0.2643347246160824,2.8125,0.9221433689905738,0.4212038945022798,0.3675054085777324,0.0028680207262648154,3.0507375363745175,0.6623956925444567,0.28724083120496413,0.04690751378463072,0.003220875991807712,0.00023348791778844095,1.598556352009476e-06,LBBBB,109m (16).mat
-1.1842378929335004e-17,0.9999999999891305,0.9999999999782611,1.8170490819658456,4.566657949529796,0.9999999999891305,-1.7857338352649752,4.195533688578538,5.981267523843513,0.6534039119332775,-0.8867750971952963,-0.698628267599866,0.3168806486482967,0.4387583125397646,1.0155089162481628,0.01611111111111111,0.9999999999782611,0.05206109637753782,14,84.0,0.7027777777777777,0.021544141836782004,0.6694444444444444,0.7444444444444445,0.030655695850614513,0.02020662300258815,0.0,3.8430570907326733,0.20046221452839647,2.8125,0.8716651153993904,0.4147226439770615,0.3394137774108176,0.0031922747478694714,3.0810408497052157,0.5669130781282051,0.3630257419018029,0.06723576961941855,0.00270592157566483,0.00011827690723773836,1.2118676704732238e-06,LBBBB,109m (17).mat
1.4802973661668754e-17,0.9999999999883391,0.9999999999766782,1.826640701129316,4.536688008496371,0.9999999999883391,-1.7295415512941554,4.2136721156614065,5.943213666955562,0.6536979201644327,-0.8791158601680708,-0.7069524086899985,0.303040597449006,0.44521411605119526,1.0099930061390046,0.015555555555555555,0.9999999999766782,0.05192623781141181,14,84.0,0.7094017094017094,0.02355860077322686,0.6722222222222223,0.7527777777777778,0.03320911188653104,0.02404289291221996,0.0,3.8347086780801933,0.18384896576363866,2.8125,1.1220207251981011,0.47562205691575743,0.47485036746236653,0.003561062364760177,3.024664918860642,0.5315940572366818,0.40028793962739107,0.06611424091385673,0.0018925987605391335,0.00011001530567877293,1.1481558523244208e-06,LBBBB,109m (18).mat
-5.921189464667502e-18,0.9999999999883137,0.9999999999766274,1.380400862001793,3.576221290025451,0.9999999999883137,-2.159695544017411,5.141367634994047,7.301063179011458,0.6882440577341491,-1.0302565115089148,-0.6136055887146763,0.3419534065820736,1.0079991005374782,0.9555589952967499,0.016944444444444446,0.9999999999766274,0.04682585431456644,14,84.0,0.6632478632478633,0.018268918375896635,0.6277777777777778,0.6916666666666667,0.02754463204584,0.02074053405981679,0.08333333333333333,3.094967117343249,0.4637403256388368,2.8125,0.7789227778199465,0.37019497023332437,0.28639032289694605,0.002051583886265983,3.0519892984390578,0.6534794181303799,0.2972238839208664,0.0472123878992499,0.0019791799000767867,0.00010406018039788983,1.0699690289519706e-06,LBBBB,109m (19).mat
-9.86864910777917e-18,0.9999999999885006,0.9999999999770013,1.7862011249004446,4.08858661120766,0.9999999999885006,-1.7108561184518127,4.152355560074182,5.863211678525994,0.6691531291376629,-0.8859335039362195,-0.692831100599397,0.2991154948711684,0.6782933651239381,0.9919465954705654,0.01611111111111111,0.9999999999770013,0.05318783771615117,15,90.0,0.6825396825396827,0.021321750209539175,0.6472222222222223,0.7305555555555555,0.031238843284486527,0.02188580827816517,0.0,3.7043817475940766,0.20746003034644145,2.8125,1.0025433567801074,0.43142346977123625,0.41176300608298244,0.0032062969776227974,3.0567945724338736,0.6294237511285968,0.2893416346595747,0.07846067403645693,0.0026528534421379566,0.00011988015468513429,1.2065785483258535e-06,LBBBB,109m (2).mat
-1.1842378929335004e-17,0.9999999999890578,0.9999999999781155,1.873659820078728,4.675241643189439,0.9999999999890578,-1.7374442155382233,4.258306573680424,5.995750789218647,0.6431061000833576,-0.8848838511234476,-0.6880534972609387,0.2735928047742314,0.5076939970263238,0.9616463020351701,0.015833333333333335,0.9999999999781155,0.051557730134692205,14,84.0,0.7245726495726496,0.021150608402827918,0.6972222222222222,0.7722222222222223,0.029190459212215664,0.02537020140522273,0.08333333333333333,3.83468794562636,0.21820163562969264,2.8125,1.028136076627303,0.45094102306444306,0.42191754463046516,0.003006792583621597,3.0268983594055365,0.6031326851713079,0.33467042327141444,0.05935499529017871,0.0027434924202903404,9.74149562309355e-05,9.888905775720625e-07,LBBBB,109m (20).mat
9.86864910777917e-19,0.9999999999877516,0.9999999999755032,1.557068899035829,3.714706998013747,0.9999999999877516,-1.8978818154097061,3.9838511326498263,5.881732948059533,0.6800854415668318,-0.9384990223138485,-0.7100708034678658,0.33306675336515024,0.8055786901393968,1.043137556833016,0.015833333333333335,0.9999999999755032,0.0523590500512945,14,84.0,0.6784188034188035,0.022253019422136887,0.6305555555555555,0.7027777777777777,0.03280130102113088,0.022962216236365268,0.08333333333333333,3.708378431256236,0.21538975607801322,2.8125,1.0865885757277876,0.45898117262477145,0.45199257407174925,0.003724724384744656,3.0579437759668076,0.5740120289551615,0.36266468130300217,0.060881786865309366,0.0023091360087972553,0.00013103410887371634,1.332758855910933e-06,LBBBB,109m (21).mat
4.934324553889585e-18,0.9999999999883245,0.999999999976649,1.7659002885473996,4.345243416166711,0.9999999999883245,-1.8543739599230287,4.493766622304316,6.3481405822273445,0.6613628535409685,-0.9158330402993112,-0.7023016779412133,0.2922850145519965,0.7578521838133156,0.9945866924932099,0.01611111111111111,0.999999999976649,0.05080815314523345,14,84.0,0.70491452991453,0.01973692861325724,0.6777777777777778,0.7555555555555555,0.027999037823282325,0.020879578303295693,0.0,3.7281525178799355,0.39432375129997166,2.8125,0.9066285534452612,0.4066198895607531,0.35304244132671425,0.0029341878840124544,3.1091030929198227,0.5948043546143119,0.3420347743523842,0.05995835916280218,0.0030891169499776697,0.00011220950857542636,1.185411948473518e-06,LBBBB,109m (22).mat
-1.973729821555834e-18,0.9999999999896805,0.999999999979361,1.959197423399268,4.942925503008425,0.9999999999896805,-1.6724835366735813,4.0837583379588525,5.756241874632433,0.6307707413037856,-0.8689889120748128,-0.6922846563790228,0.24773412872162276,0.4567570510035365,0.9400187851006456,0.015277777777777777,0.999999999979361,0.05120459770024778,14,84.0,0.7269230769230769,0.027463707714631833,0.6916666666666667,0.7833333333333333,0.03778076188349883,0.029473692671105563,0.08333333333333333,3.888858377732295,0.11963270253723053,2.8125,1.0202990680588875,0.4277464289256372,0.4238689091302939,0.003639806148760031,3.114684509589383,0.4980755344834237,0.42817332572009514,0.07164202556263552,0.002010657657473364,9.751461475400135e-05,9.419616180244678e-07,LBBBB,109m (23).mat
2.3684757858670008e-17,0.9999999999884656,0.9999999999769311,1.8557331878787204,4.5794662212190484,0.9999999999884656,-1.7457185603971692,4.168229915812849,5.9139484762100185,0.6441743106983885,-0.9002799176047722,-0.6937625509975297,0.25579549919353045,0.7243019741581175,0.9495580501910601,0.016944444444444446,0.9999999999769311,0.05134254985518401,14,84.0,0.7194444444444444,0.024265076182185267,0.675,0.7583333333333333,0.033727518970829304,0.021901622541694196,0.0,3.831191272977539,0.15704991307555907,2.8125,0.7941241261822062,0.37712731057925564,0.30428248950385356,0.00284257570761824,3.09950617085279,0.5271761411264716,0.4047986162792652,0.06539131589404867,0.002535073024476028,9.784047377100436e-05,1.013201967228022e-06,LBBBB,109m (24).mat
-1.1842378929335004e-17,0.9999999999894583,0.9999999999789168,1.880508341589453,5.091921711375605,0.9999999999894583,-1.8462483472234819,4.240749328508959,6.086997675732441,0.6443949165947536,-0.9114663607005711,-0.6848551278521698,0.27895353402254736,0.7752376265481313,0.9638086618747173,0.017222222222222222,0.9999999999789168,0.050091863993787566,12,72.0,0.7252525252525253,0.020599003544982945,0.675,0.7444444444444445,0.028402525740131777,0.026888544534066805,0.1,4.011255186618228,0.3573119386450928,2.8125,1.1591692748140088,0.47296761682366195,0.4936004358215803,0.004644619503298519,3.050140002985114,0.5925123251800697,0.3456163135370291,0.0590025754443417,0.00274417855624449,0.0001233752481527485,1.232034162047e-06,LBBBB,109m (25).mat
4.934324553889585e-18,0.9999999999892127,0.9999999999784255,1.9471397693683745,4.978305345476378,0.9999999999892127,-1.7087371133970175,4.214759332321405,5.923496445718422,0.6364058783398693,-0.8732391345520489,-0.677746735454978,0.270989234802121,0.5531200043140222,0.948735970257099,0.017777777777777778,0.9999999999784255,0.051514083613443944,14,84.0,0.7175213675213675,0.02291610632271728,0.6805555555555556,0.7638888888888888,0.031937872972259564,0.028542708595922863,0.08333333333333333,3.916871975613066,0.16141091415395936,2.8125,0.9161342984906173,0.40592873197642393,0.37985907220075144,0.003947876099665685,3.087590027226541,0.5803753396442939,0.35656294478351336,0.05980515360269338,0.0031485505444715967,0.00010695921273214585,1.0522122953615504e-06,LBBBB,109m (26).mat
1.0855514018557087e-17,0.999999999985629,0.9999999999712582,1.428487180487917,2.6509032108302595,0.999999999985629,-1.8452166283322478,3.94106033087599,5.786276959208237,0.7120799817837017,-0.9803440296529089,-0.6793910241469422,0.3998696110756499,1.0580676840315628,1.079260635222592,0.018055555555555554,0.9999999999712582,0.05499503563737182,16,96.0,0.645925925925926,0.019214692023937295,0.6166666666666667,0.7027777777777777,0.029747516275408486,0.024306972747799277,0.0,3.256667047552988,0.4386194286103844,2.8125,0.9677100871238624,0.45831306170828234,0.34758532683619675,0.00457001269730042,2.9991897201032094,0.637667036382865,0.3144349801408614,0.043862294480619055,0.0037884857941989825,0.0002446014782378764,2.601723217484461e-06,LBBBB,109m (27).mat
1.1842378929335004e-17,0.9999999999843313,0.9999999999686627,0.36124577850722805,2.3143665897102137,0.9999999999843313,-4.177388731781513,4.20092821186464,8.378316943646153,0.7223425790876022,-1.0144490581147694,-0.6104647341145778,0.5390760326851572,0.8940472549807841,1.149540766799735,0.027777777777777776,0.9999999999686627,0.06894461711202225,15,90.0,0.6722222222222223,0.029825329244624693,0.625,0.7194444444444444,0.04436825831443106,0.030999111588531903,0.23076923076923078,2.724567792462257,0.9414109608564156,2.8125,0.8243590619685213,0.4174659899491963,0.27865811579491556,0.013787006582635455,3.100709305702312,0.7162638216403112,0.2320082670849385,0.03958059148989037,0.011137117843743358,0.0009977887174354477,1.241322368084007e-05,LBBBB,109m (28).mat
-7.894919286223335e-18,0.999999999988298,0.9999999999765962,1.8140524693550046,4.456789406451817,0.999999999988298,-1.7337554453312218,4.127865918163331,5.861621363494553,0.6624578546540241,-0.8884448477108604,-0.6998922808293034,0.3022470617080174,0.8018750949648781,1.0021393425373208,0.01638888888888889,0.9999999999765962,0.05181361098973574,14,84.0,0.6916666666666669,0.02566772114606025,0.65,0.7388888888888889,0.037109958229807644,0.026144088710176847,0.0,3.8241492988453496,0.23088577338154473,2.8125,1.0357848026842151,0.44283198743451113,0.4293510241132136,0.003633541434660551,3.068673600526454,0.5489885316762705,0.36614682537798454,0.0821471670494558,0.002609092025775638,0.00010730580965456566,1.0780608588746134e-06,LBBBB,109m (29).mat
-6.908054375445418e-18,0.9999999999902317,0.9999999999804635,1.577267054065683,3.978045536349276,0.9999999999902317,-1.9681729258263982,5.1720231507663295,7.140196076592728,0.6668478682625919,-1.028908371569863,-0.6460840925902291,0.27992895829610603,0.9981063284149237,0.9260130508863351,0.015277777777777777,0.9999999999804635,0.04743186733238375,14,84.0,0.6955128205128206,0.023508158187136866,0.6611111111111111,0.7416666666666667,0.03379974812830037,0.02292017369349365,0.0,3.2858342434788916,0.26261549724442174,2.8125,0.7716987118868555,0.3520401120349086,0.30056695788276144,0.002237082459494838,3.084201292796226,0.6711375632012302,0.27895442731586323,0.04772801304692789,0.0020887951806140615,9.028165851728951e-05,9.195968469257334e-07,LBBBB,109m (3).mat
4.934324553889585e-18,0.9999999999870318,0.9999999999740636,1.633372654113743,3.632296296988838,0.9999999999870318,-1.8161925287006095,4.145901577321543,5.962094106022152,0.686236130227921,-0.9258565653395288,-0.6694109754696111,0.3538442611689522,0.7579299034035214,1.0232552366385632,0.017222222222222222,0.9999999999740636,0.053157423983324154,15,90.0,0.6694444444444445,0.025306759942067512,0.6305555555555555,0.7083333333333334,0.03780262890263634,0.024423553621657355,0.0,3.6096026970279587,0.28925008357848553,2.8125,1.0571264501758508,0.44426580450662595,0.4343685471636486,0.0031280974256684066,3.0437820504465574,0.5660668665210336,0.39040026117127125,0.041078609692721334,0.0023308561859491732,0.00012213352066301494,1.2729083613320912e-06,LBBBB,109m (30).mat
0.0,0.9999999999893289,0.9999999999786577,1.7272035264015624,4.159529705570474,0.9999999999893289,-2.2917262581745868,4.099260823451176,6.390987081625763,0.6582972613042024,-0.8922616161859473,-0.6678284213824125,0.2829463343019747,0.8420049992599655,0.9507747556843872,0.015833333333333335,0.9999999999786577,0.050518664047766546,14,84.0,0.7158119658119657,0.025186498463909683,0.6722222222222223,0.7527777777777778,0.035185914222814106,0.02848633344984287,0.0,3.7213875616071808,0.2794925721245094,2.8125,0.8970761799272714,0.3963450906942827,0.3528460142754267,0.002633063657639587,3.072561002682848,0.642035245917557,0.2937664669180398,0.060913128311118475,0.003127869158366706,0.00015614950706897786,1.1401878488275508e-06,LBBBB,109m (31).mat
-5.427757009278543e-18,0.9999999999884241,0.9999999999768483,1.9519519941827062,5.016858625775855,0.9999999999884241,-1.736087260827021,4.134347075787335,5.870434336614355,0.6422333144234053,-0.8700259947899974,-0.6884873680654233,0.28108321207038167,0.44881146655641885,0.969570580135805,0.015555555555555555,0.9999999999768483,0.05242068391763053,14,84.0,0.7079059829059831,0.02374199904832624,0.6694444444444444,0.7472222222222222,0.033538350555148595,0.02289210243532614,0.0,3.9178835254804825,0.1576630861201895,2.8125,0.8344357327022451,0.38226485243337255,0.3277221630965054,0.0035878490263180807,3.1379508308974007,0.5852996847806368,0.3105607425200609,0.10098557363067044,0.003031730164120353,0.00012106599086200899,1.2029136492047279e-06,LBBBB,109m (32).mat
-7.894919286223335e-18,0.9999999999879505,0.9999999999759012,1.8909904794358932,4.7229803439484455,0.9999999999879505,-1.7777588896441545,4.510283469944053,6.288042359588207,0.657705429908123,-0.8687523019510351,-0.6768184080255947,0.3087444102602218,0.5348130856156975,0.9855628182858165,0.015,0.9999999999759012,0.05195164499180171,14,84.0,0.6997863247863247,0.020133149446267914,0.6694444444444444,0.725,0.02877042420576741,0.020956426477326442,0.08333333333333333,3.844928685586603,0.2402156451481525,2.8125,0.8448762680611303,0.3941455275597333,0.32737360699517704,0.0031477855661150656,3.1137032762207175,0.670599035268628,0.2595888376692179,0.06695516107012549,0.0027474858241721693,0.00010834299877677002,1.1371690794609433e-06,LBBBB,109m (33).mat
-7.894919286223335e-18,0.9999999999892789,0.9999999999785578,1.0845075895259444,4.236173053589238,0.9999999999892789,-3.8813492098291182,4.2039154875558005,8.085264697384918,0.6403063318650255,-0.7968065310240391,-0.5880816896433427,0.31412855782391447,0.7355647221516914,0.9022102474672572,0.016666666666666666,0.9999999999785578,0.04886449829225582,15,90.0,0.7041666666666666,0.019094065395649337,0.6694444444444444,0.7361111111111112,0.027115832476023914,0.019027894752900166,0.0,3.3668486482349658,0.7048054449544132,2.8125,0.9531478001089984,0.39943093861326107,0.40150239471409654,0.0029555553372855765,3.0377057658667708,0.5728212449787661,0.3639686194670039,0.060035265843634826,0.002977870683647484,0.00019570479054556317,1.2942364019483608e-06,LBBBB,109m (34).mat
-6.41462192005646e-18,0.9999999999899942,0.9999999999799886,1.7500656188625174,4.688293597904614,0.9999999999899942,-2.0740855725790652,5.554356135858154,7.62844170843722,0.6624651557757408,-0.9363913332472299,-0.6435807366626678,0.2920471975401503,0.8665377330934372,0.9356279342028181,0.015555555555555555,0.9999999999799886,0.04830883804606857,14,84.0,0.6873931623931624,0.022291968129478586,0.6583333333333333,0.7333333333333333,0.032429720452032545,0.025344843876242577,0.0,3.3171760943295605,0.304385243064687,2.8125,0.7817293206839193,0.3607739457356405,0.3043612584542576,0.0023824580197599273,3.088153596445122,0.604621290688857,0.3330021317596033,0.06043527796655075,0.001852456963927486,8.794683996484806e-05,8.957810964701028e-07,LBBBB,109m (35).mat
-5.921189464667502e-18,0.9999999999886469,0.9999999999772937,1.9793872722714578,5.08747310423866,0.9999999999886469,-1.697807006135713,4.33231450198661,6.030121508122322,0.641355065805116,-0.8652622120785212,-0.6802686787703256,0.2844294882688415,0.5226808356763485,0.9646981670391671,0.015277777777777777,0.9999999999772937,0.051744828166386966,14,84.0,0.7132478632478633,0.02441513992664222,0.675,0.7527777777777778,0.03423093310260181,0.0249613899383492,0.08333333333333333,3.9393539102294413,0.1450548712523357,2.8125,0.9723713822486985,0.41138113293072154,0.4020662764823825,0.004663363237900264,3.1566604255486777,0.5536940008640628,0.3781983082972167,0.06445552737386412,0.0035430369053770466,0.00010806178877772489,1.0647707012266436e-06,LBBBB,109m (36).mat
-6.41462192005646e-18,0.9999999999899942,0.9999999999799886,1.7500656188625174,4.688293597904614,0.9999999999899942,-2.0740855725790652,5.554356135858154,7.62844170843722,0.6624651557757408,-0.9363913332472299,-0.6435807366626678,0.2920471975401503,0.8665377330934372,0.9356279342028181,0.015555555555555555,0.9999999999799886,0.04830883804606857,14,84.0,0.6873931623931624,0.022291968129478586,0.6583333333333333,0.7333333333333333,0.032429720452032545,0.025344843876242577,0.0,3.3171760943295605,0.304385243064687,2.8125,0.7817293206839193,0.3607739457356405,0.3043612584542576,0.0023824580197599273,3.088153596445122,0.604621290688857,0.3330021317596033,0.06043527796655075,0.001852456963927486,8.794683996484806e-05,8.957810964701028e-07,LBBBB,109m (37).mat
5.921189464667502e-18,0.9999999999885842,0.9999999999771686,1.8510260267291985,4.6547200536153,0.9999999999885842,-1.77609611570175,4.142036932070161,5.918133047771911,0.6472731122797508,-0.8900376936984864,-0.6893025266320761,0.2772494463390524,0.6320121915090015,0.9665519729711285,0.015555555555555555,0.9999999999771686,0.05202967449436161,14,84.0,0.7132478632478633,0.02354890866734367,0.6722222222222223,0.7527777777777778,0.033016444700015406,0.022863996712714343,0.0,3.855633747594371,0.1596253601079662,2.8125,0.8668329184073857,0.4009593915239451,0.35057698107991475,0.003584685728184225,3.0641911645912185,0.5573556678132863,0.3966728828288355,0.04326196852804005,0.0026016605728670507,0.0001067559574345065,1.0642995364649988e-06,LBBBB,109m (38).mat
-5.921189464667502e-18,0.9999999999891155,0.999999999978231,1.543752202654522,3.5599481993127577,0.9999999999891155,-1.927923321173623,4.202563531653573,6.130486852827197,0.6805883505647439,-0.9998018405801928,-0.6953300071785311,0.32427431493099845,0.8989441020734286,1.0196043221095294,0.015277777777777777,0.999999999978231,0.05010740732943027,14,84.0,0.7102564102564102,0.022205779584216375,0.6694444444444444,0.7472222222222222,0.03126445496625,0.025243159037436277,0.0,3.651496892340296,0.2938346479084559,2.8125,1.0288653133481076,0.4325545008139886,0.4336353210845134,0.0032726226639713993,3.0359744397733155,0.6180961121088063,0.2975117262859376,0.0816673757778,0.0026145646357029367,0.00010914894347560429,1.072248277337482e-06,LBBBB,109m (39).mat
5.427757009278543e-18,0.9999999999882412,0.9999999999764824,1.758596296841986,4.262900409096277,0.9999999999882412,-1.7356007000341673,4.053862449433776,5.789463149467943,0.66633043815435,-0.9039294901914399,-0.7125646892302303,0.3123361264938699,0.5518724933145576,1.0249008157241002,0.01611111111111111,0.9999999999764824,0.05196722307561647,14,84.0,0.698931623931624,0.02476236684755237,0.6638888888888889,0.7472222222222222,0.035428883118538035,0.024585033421021776,0.08333333333333333,3.779201460564295,0.23364521114505443,2.8125,1.1108754079938048,0.47003450747169606,0.45864706838188185,0.003772951272550281,3.049413345232354,0.5795006461294633,0.35330986237594836,0.06461957227608026,0.002443327998664387,0.00012533268880609089,1.2585310375074356e-06,LBBBB,109m (4).mat
-3.947459643111668e-18,0.9999999999888487,0.9999999999776974,1.9188421574455112,4.863176175836409,0.9999999999888487,-1.885672020619416,4.1236995368422065,6.009371557461622,0.6441924867294933,-0.8782380372868507,-0.6661692333079202,0.2693818177112478,0.679414274080425,0.935551051019168,0.016666666666666666,0.9999999999776974,0.051070813043822404,14,84.0,0.724145299145299,0.016537412453751572,0.6833333333333333,0.75,0.02283714670306271,0.019278391494126842,0.0,3.852878018933676,0.2998243986957851,2.8125,1.1078759346094715,0.4634461469973159,0.4706342818368928,0.003619056454306432,3.0250964124799515,0.5853516118262508,0.3375960487658639,0.07417508356318572,0.0027164064402954813,0.00015969280824205208,1.1565961616081273e-06,LBBBB,109m (40).mat
-1.2335811384723961e-17,0.9999999999882824,0.9999999999765647,1.989198870250939,5.11731784255649,0.9999999999882824,-1.6868770876381496,4.191529055611546,5.878406143249695,0.6381026979006594,-0.85552759803575,-0.6591131328346311,0.26692013865362757,0.5359277766032283,0.9260332714882586,0.015555555555555555,0.9999999999765647,0.05221665454785678,14,84.0,0.7113247863247862,0.01980620551496832,0.6833333333333333,0.75,0.027844109846723135,0.02436170762393123,0.0,3.9289744903628354,0.15912245434402641,2.8125,0.8641780932642804,0.3948099380757717,0.3525616594396292,0.003309724334851195,3.0591625121818797,0.5623074134502437,0.3658207382588226,0.06914982564060473,0.00261570081708528,0.00010528476595208719,1.0370672913752053e-06,LBBBB,109m (41).mat
-4.934324553889585e-19,0.9999999999878336,0.9999999999756672,1.7120167584093482,4.142119377512889,0.9999999999878336,-1.7514912399110596,4.3434457674337335,6.094937007344793,0.6717273866157218,-0.9042402322514914,-0.6987410819302157,0.3412702154591275,0.746021581715233,1.0400112973893432,0.01638888888888889,0.9999999999756672,0.05174842702292905,14,84.0,0.6950854700854701,0.022385984365314172,0.6666666666666666,0.7555555555555555,0.03220608874237499,0.026033177628721378,0.08333333333333333,3.7152344183868773,0.3526376601158284,2.8125,1.0070144537552086,0.4353592860562172,0.40701762434697464,0.003387411092895933,3.0828935008375735,0.574449094230721,0.3411912038412661,0.08197323887996485,0.0022733127352129456,0.00011198407686968332,1.1662359653168984e-06,LBBBB,109m (42).mat
9.86864910777917e-19,0.9999999999882785,0.999999999976557,1.886313811776025,4.796875311258292,0.9999999999882785,-1.8090606029547367,4.142954098157193,5.9520147011119295,0.6421203622022662,-0.8881392757733706,-0.6856547195686042,0.2822570898172452,0.4253363952449997,0.9679118093858494,0.015277777777777777,0.999999999976557,0.05230964454803944,14,84.0,0.7188034188034187,0.02301352481681412,0.6805555555555556,0.75,0.03201643757219179,0.023364727557306557,0.0,3.8545857552554468,0.22462205697149573,2.8125,0.9276104481233868,0.4047969639267984,0.3785881514286959,0.00330405283009892,3.110153303120337,0.5227670827422983,0.4046146071937169,0.0703498705300066,0.002154610310479255,0.00011268290287220768,1.146320626429979e-06,LBBBB,109m (43).mat
-7.401486830834377e-18,0.9999999999880087,0.9999999999760174,1.8328318220277422,4.507272536935217,0.9999999999880087,-1.910094627873395,4.047884803995285,5.95797943186868,0.6549329728601391,-0.8716082348634879,-0.6919425701677695,0.30764380882680975,0.4396503491413439,0.9995863789945792,0.015833333333333335,0.9999999999760174,0.0518284005851162,14,84.0,0.7145299145299144,0.02763110520801577,0.6611111111111111,0.7583333333333333,0.03867032661260069,0.029364409044258293,0.08333333333333333,3.8195698306456234,0.1540647016717852,2.8125,0.9443342715568009,0.4332812109326941,0.37932101245371114,0.00323882966417802,3.048596471720197,0.5405492738519272,0.38199460104130734,0.07489257769247132,0.0024578216115929497,0.00010466781206228689,1.0579906388158958e-06,LBBBB,109m (44).mat
4.934324553889585e-18,0.9999999999887005,0.9999999999774011,1.8671526968444219,4.729646695795877,0.9999999999887005,-1.8193829775380919,4.098003640333229,5.917386617871321,0.6482344761333583,-0.8860222479723676,-0.6874664659141454,0.30446848191351855,0.478273902167668,0.991934947827664,0.015833333333333335,0.9999999999774011,0.051564328196453665,14,84.0,0.7181623931623929,0.028941753582767134,0.6694444444444444,0.7666666666666667,0.04029973417993082,0.025697572382181344,0.08333333333333333,3.849542843133915,0.25988378757306335,2.8125,0.8189827421679182,0.38458632381018176,0.31845727534875645,0.0033434994649112603,3.139842074618715,0.5696626592431028,0.36986175977520686,0.0578110680254535,0.0025535602924381777,0.00010987885115609743,1.0738126424079483e-06,LBBBB,109m (45).mat
-1.0855514018557087e-17,0.9999999999885144,0.9999999999770289,1.7750488535233522,4.4029076660286375,0.9999999999885144,-1.7810662398829573,4.308575215236931,6.089641455119888,0.66707820351487,-0.8957221834083036,-0.7102042602104688,0.3123106764438959,0.6245675365154585,1.0225149366543647,0.014722222222222222,0.9999999999770289,0.05188916777624112,14,84.0,0.7108974358974359,0.022367620978977345,0.6694444444444444,0.7416666666666667,0.031463921260704186,0.023800979507457354,0.0,3.796369834804092,0.2986891978651252,2.8125,0.9519226716501115,0.4032117488009574,0.3921171074885006,0.003944644452709608,3.138765007526643,0.5482607063647823,0.37985124858492164,0.06909569901417441,0.002669152851429744,0.00012197738112284346,1.215803568794126e-06,LBBBB,109m (46).mat
-1.578983857244667e-17,0.9999999999888091,0.9999999999776181,1.833985862159493,4.896408179029813,0.9999999999888091,-2.564565684227496,4.059080391395272,6.623646075622768,0.6276507045277446,-0.8381920828702693,-0.6423121728715823,0.2749377367438472,0.4812177962545561,0.9172499096154294,0.018055555555555554,0.9999999999776181,0.05101282137565855,14,84.0,0.7316239316239316,0.02343229070727392,0.7055555555555556,0.7861111111111111,0.03202778047901634,0.025192162704468106,0.0,3.846466022721024,0.32294730772234115,2.8125,0.9118034825637588,0.40517581343810866,0.3748544982442223,0.0035799254445708097,3.0944286912913364,0.6612887161294295,0.22957516014938256,0.10494595378308887,0.004074722820040308,0.0001144846077362304,9.625103221191208e-07,LBBBB,109m (47).mat
-5.921189464667502e-18,0.9999999999879979,0.9999999999759959,1.91006383445796,5.138992079039548,0.9999999999879979,-1.8378389447401575,4.332055857306385,6.169894802046543,0.6424765312414946,-0.9105687428903164,-0.6586040103448003,0.2794425969334415,0.6414947360652237,0.9380466072782419,0.01611111111111111,0.9999999999759959,0.05120810831168295,13,78.0,0.7340277777777776,0.020759901450403212,0.7,0.775,0.028282174122851753,0.02192029741661306,0.0,4.00740001205967,0.15296319230410418,2.8125,1.0175873948199743,0.43093530939569963,0.43574786504908575,0.004169164214875865,3.091497871513645,0.5157062983779466,0.4017320442041747,0.07903612740562672,0.003348281545530779,0.00017587845050806783,1.3700162129330129e-06,LBBBB,109m (48).mat
1.3816108750890837e-17,0.9999999999839297,0.9999999999678596,-2.443515633073091,5.958691878694598,0.9999999999839297,-4.369414171867199,0.9995993675443262,5.369013539411525,0.5960519266435542,-1.100442242587086,0.059496085129020534,0.5934208163493826,0.8333994826509609,0.5339247312203621,0.008888888888888889,0.9999999999678596,0.04306134365965779,14,84.0,0.7222222222222222,0.04124429800298199,0.6055555555555555,0.7888888888888889,0.05710748946351854,0.03997330642237953,0.08333333333333333,0.3609979357169862,0.2544354939657801,2.8125,0.8913360797558654,0.5636250287420218,0.20080425430685298,0.010687200611105478,2.8896600611383776,0.778850522586374,0.14370433173241562,0.07204758551389359,0.0052663991173270185,0.00013009519907501753,1.0658509144843382e-06,LBBBB,109m (49).mat
7.894919286223335e-18,0.9999999999883824,0.9999999999767648,1.8746849126760798,4.693759683808762,0.9999999999883824,-1.7334617189342454,4.37133867776437,6.104800396698615,0.651788363338314,-0.8968322421879263,-0.6942699835890054,0.2833177255709141,0.5393674293574943,0.9775877091599194,0.014722222222222222,0.9999999999767648,0.051810935916381945,14,84.0,0.7128205128205128,0.022894179890562166,0.6777777777777778,0.7555555555555555,0.03211773433378895,0.02370623539720761,0.0,3.859251027511302,0.1907866820816034,2.8125,0.8977249329892203,0.39454443776109005,0.3588107394874038,0.0035648673097668474,3.138454346014558,0.6406278658846873,0.27512575507749787,0.08146877955228915,0.0026646034393847068,0.00011181037445154837,1.1856716892532902e-06,LBBBB,109m (5).mat
3.947459643111668e-18,0.9999999999835039,0.9999999999670078,-2.451805522495947,6.036837403904517,0.9999999999835039,-4.176488623112827,1.041877334183589,5.218365957296416,0.5918187236598883,-1.0762516715837,0.055044753029381215,0.6042260535493449,0.8355539937967525,0.5491813005199637,0.009166666666666667,0.9999999999670078,0.044012327758037754,14,84.0,0.7098290598290597,0.023786188119787593,0.6777777777777778,0.7555555555555555,0.03350974119319096,0.023868423619722644,0.0,0.43427325348525186,0.026129587967696197,2.8125,1.1767957887420444,0.6979117686007676,0.2888203099031684,0.01617616299043474,2.9865162990494514,0.7739494697327122,0.1710230275184522,0.050599232440121725,0.0043104575423820405,0.00011671240172240496,1.1003646091882934e-06,LBBBB,109m (50).mat
1.3816108750890837e-17,0.9999999999886781,0.9999999999773561,1.9496853397326703,4.951853021228301,0.9999999999886781,-1.7145104423403645,4.113972726813376,5.82848316915374,0.637280014568956,-0.8553447389348543,-0.6812853513491993,0.278391499919703,0.4293240051791075,0.9596768512689023,0.016666666666666666,0.9999999999773561,0.051711371175246955,14,84.0,0.710042735042735,0.023126332038288778,0.6777777777777778,0.75,0.03257033818440033,0.023679096023230387,0.0,3.9008601004898558,0.12010996802305314,2.8125,1.2135082812244211,0.48156454578153746,0.5364424954370416,0.004483494884594358,3.051021257738735,0.6012269167275732,0.3277663260674613,0.06820346896267919,0.0026974555390109683,0.00010479858162453747,1.0341216504414009e-06,LBBBB,109m (51).mat
-9.86864910777917e-19,0.999999999988537,0.9999999999770739,1.8973142130590577,4.662647076475061,0.999999999988537,-1.7497940086329298,4.423919654568549,6.173713663201479,0.6536937471098809,-0.8709908338453152,-0.6631693137264109,0.29303987799634407,0.5977315932155166,0.9562091917227549,0.015555555555555555,0.9999999999770739,0.050566927847453355,14,84.0,0.7256410256410256,0.023824546777378386,0.675,0.7555555555555555,0.03283241424160046,0.026119482503586176,0.16666666666666666,3.800397989510536,0.30739689700057726,2.8125,1.1490348600438984,0.47224363319792323,0.48293805449526744,0.0031671858606836197,3.028414136914618,0.6180877570117299,0.31751231775985156,0.06163594966897035,0.00266208811718552,0.00010085863633220278,1.0288059303171674e-06,LBBBB,109m (52).mat
1.1842378929335004e-17,0.9999999999886028,0.9999999999772056,1.4681198194988376,3.929689064527123,0.9999999999886028,-3.104735763760679,4.112679189936288,7.2174149536969665,0.6663186423584808,-0.9024352052095166,-0.6771826520331967,0.29597140567659014,0.9213694961198565,0.9731540577097868,0.016666666666666666,0.9999999999772056,0.05145500393420598,14,84.0,0.6946581196581197,0.06134823399974824,0.5611111111111111,0.8555555555555555,0.08831428320686277,0.11086488922355645,0.25,3.5969491143865633,0.552845009811039,2.8125,0.9105550586869364,0.4358857460477965,0.3432137996595034,0.005032107893773721,3.07356001132809,0.666473865759789,0.25928974702233054,0.07118261064114297,0.0029165597391143817,0.00013586556560767052,1.351272015242175e-06,LBBBB,109m (6).mat
-1.973729821555834e-17,0.9999999999881596,0.9999999999763193,1.8736105623418005,4.70389252116285,0.9999999999881596,-1.758902342316416,4.1707679242592475,5.9296702665756635,0.6466497157285708,-0.8782025569998727,-0.6923495103089121,0.2812888848045185,0.4171645528723173,0.9736383951134306,0.016666666666666666,0.9999999999763193,0.05222251303149861,14,84.0,0.7083333333333333,0.020412414523193152,0.6694444444444444,0.7388888888888889,0.02881752634500089,0.02304607123084009,0.0,3.858505275917146,0.19855918103587933,2.8125,1.211312881476795,0.4857105660307985,0.5256083284489276,0.003962637371834516,3.01796916727736,0.5970582741122415,0.3511802694649184,0.048991146298371174,0.0026487750649573025,0.00012030122033302716,1.2338391782708737e-06,LBBBB,109m (7).mat
1.8750433304780422e-17,0.9999999999879402,0.9999999999758804,1.7971327107611144,4.468570971366326,0.9999999999879402,-1.7468752599541044,4.15193556630058,5.898810826254684,0.6596651216598565,-0.8950977602320827,-0.7194680205140316,0.3068211932982475,0.5813929265333531,1.026289213812279,0.015555555555555555,0.9999999999758804,0.051698356153238575,14,84.0,0.6997863247863247,0.02150171536426374,0.6611111111111111,0.7416666666666667,0.03072611534685682,0.02400274332743654,0.0,3.830114649775752,0.23665138683418738,2.8125,1.1241065032447137,0.46301943627948644,0.4765674049917594,0.0046396193831249495,3.0771005280571844,0.5833493598885029,0.36606600429354846,0.047469463762820435,0.0029874779096485705,0.00012642058987221542,1.2735556073246902e-06,LBBBB,109m (8).mat
1.973729821555834e-17,0.9999999999895294,0.9999999999790588,1.8154706351000103,4.488669382665983,0.9999999999895294,-1.7559005792067115,4.1368113015657375,5.892711880772449,0.6581255869839686,-0.8965956316630402,-0.6916941737871759,0.30574984210083245,0.5861427626241812,0.9974440158880084,0.01638888888888889,0.9999999999790588,0.051496579571256265,14,84.0,0.7098290598290599,0.02034295766737076,0.6722222222222223,0.7444444444444445,0.028658952964831806,0.02276535343174861,0.0,3.7975001362474408,0.25587501124734746,2.8125,1.0114555583063476,0.45062201436144794,0.41669112624395965,0.0031462422524771516,3.032194708530018,0.5732531927966952,0.37655324522183065,0.04749635365210044,0.0025930587821250974,0.00010308500102605228,1.064546222448882e-06,LBBBB,109m (9).mat
-8.388351741612294e-18,0.9999999999759117,0.9999999999518234,1.9030569884290107,5.528020067767667,0.9999999999759117,-1.8968062079540937,5.342406664137359,7.239212872091453,0.6725987318690967,-0.8049544715393349,-0.5086360922056832,0.2362814047714494,1.2236548336716784,0.7449174969771326,0.016666666666666666,0.9999999999518234,0.06394053957579542,12,72.0,0.854040404040404,0.027507871446760052,0.8111111111111111,0.9,0.03220909840379118,0.040205874517028145,0.3,4.356815542659127,0.4956316159085235,4.21875,0.8192227380006445,0.3421814300910395,0.24017833075401018,0.0729801961050372,3.459351754738172,0.6602386336465788,0.20969024461416413,0.10705966277854499,0.022001619164518618,0.0010016415621821346,8.198234011137872e-06,LBBBB,111m (0).mat
1.973729821555834e-17,0.9999999999743577,0.9999999999487156,2.209227466499678,6.387097557123255,0.9999999999743577,-2.099232707108697,5.224195960561868,7.323428667670566,0.6701896295128741,-0.7493945663588222,-0.4728030009962647,0.0848279091231275,1.3019786318855626,0.5576309101193923,0.017777777777777778,0.9999999999487156,0.06872618422886563,12,72.0,0.8606060606060606,0.01648972496698434,0.8388888888888889,0.8888888888888888,0.019160595890076886,0.0246268447325572,0.0,4.593576946209072,0.29944819100420206,4.21875,0.9940300894921512,0.38475572448793294,0.3178094658469498,0.08705851218818154,3.4371685169985615,0.5701625255084894,0.2683545017813319,0.12321546916948341,0.037054914122333964,0.0012025340220781883,1.0055396282769326e-05,LBBBB,111m (1).mat
3.947459643111668e-18,0.9999999999758397,0.9999999999516794,2.338905816666365,7.568779523709047,0.9999999999758397,-1.8990049594659437,5.80515743652457,7.7041623959905134,0.6730641541298382,-0.764582959563177,-0.5573180319000773,0.1862622138004451,1.2449124769493205,0.7435802457005225,0.01972222222222222,0.9999999999516794,0.06539813412169977,10,60.0,0.8808641975308642,0.028552302153032675,0.8416666666666667,0.925,0.0324139659673457,0.03209505557858707,0.25,4.495976601701339,1.0216319331139738,4.21875,0.9030625682629602,0.3885522946534588,0.26363834589079904,0.07534032914433901,3.399312267263904,0.6010871455564671,0.25752980977775763,0.1155807719464097,0.024781624762768167,0.00101234011597317,8.307840624050053e-06,LBBBB,111m (10).mat
-9.86864910777917e-18,0.9999999999731028,0.9999999999462057,1.9794608284963682,5.1864452393783225,0.9999999999731028,-2.441725443113584,5.17456613141145,7.616291574525034,0.6904613069621979,-0.8286957014331015,-0.5392804557639262,0.1279242122775192,1.378867737138697,0.6672046680414454,0.018055555555555554,0.9999999999462057,0.06567375526992673,11,66.0,0.8855555555555557,0.025694069066327065,0.8472222222222222,0.925,0.029014632538997727,0.029946225238511558,0.1111111111111111,4.4395002683041955,0.4502218727332037,4.21875,0.9769127308670876,0.4179605950460594,0.2859813090770014,0.08152581605913593,3.3880808482555946,0.6553761389577786,0.21054396892004928,0.10982878042274133,0.023336890123837908,0.0009065348735500471,7.686702042634991e-06,LBBBB,111m (11).mat
-3.947459643111668e-18,0.999999999972954,0.9999999999459079,2.1700220950871416,5.880661034277875,0.999999999972954,-1.973379824269948,5.259492005191841,7.232871829461788,0.690210250130152,-0.7810528536181599,-0.5377609962666836,0.1164084460120036,1.3873062129195999,0.6541694422786872,0.015555555555555555,0.9999999999459079,0.06436798568251809,11,66.0,0.9652777777777779,0.26531558776504466,0.8305555555555556,1.7583333333333333,0.27485931365889704,0.4225358240832898,0.3333333333333333,4.4635737509761375,0.6288667374115192,4.21875,0.9170049664485856,0.40944529525897133,0.25770578177183723,0.06603869907884319,3.3208753225952083,0.6001217279054093,0.27155258881937705,0.09304957259463738,0.03439848524617281,0.0008704143456076592,7.211088795679472e-06,LBBBB,111m (12).mat
5.921189464667502e-18,0.9999999999741437,0.9999999999482874,1.9455007255644736,5.1713315439490675,0.9999999999741437,-2.4499842210468814,5.2261106020304595,7.6760948230773405,0.6878610721822939,-0.8099905693033916,-0.545584147939628,0.1253203050950051,1.4337037092034615,0.6709044530346331,0.018333333333333333,0.9999999999482874,0.06778941353444717,10,60.0,0.963888888888889,0.26070035987816276,0.825,1.6972222222222222,0.27046723186965527,0.28678453649102204,0.25,4.369980270811026,0.7412707077383247,4.21875,0.9679131134111029,0.4286184300272659,0.2569873896047556,0.09037840770796814,3.3977917406661513,0.6644402831641605,0.21756482022216028,0.0882143407803132,0.028525253937558195,0.001244942782425421,1.0359113382245453e-05,LBBBB,111m (13).mat
-4.934324553889585e-18,0.9999999999737195,0.999999999947439,1.820950384963501,4.361898773480685,0.9999999999737195,-2.166866948343995,5.022922567361952,7.1897895157059475,0.6913819056820412,-0.8781956029103974,-0.5521783094698813,0.14523311225988808,1.4047264578951588,0.6974114217297694,0.023055555555555555,0.999999999947439,0.07257072272970733,11,66.0,0.8672222222222222,0.03159348268469539,0.8305555555555556,0.9166666666666666,0.03643066544963261,0.03784987673327719,0.2222222222222222,4.093615206338086,0.425186966700887,4.21875,0.8905826251449555,0.38775426178907935,0.24300028154876877,0.0847620510482057,3.456798162017297,0.6184653718509686,0.22022365495721336,0.12295584156720132,0.03702124300806234,0.0013224670380733467,1.142157848074939e-05,LBBBB,111m (14).mat
6.908054375445418e-18,0.9999999999732975,0.9999999999465949,1.7877874044231519,4.522070333904467,0.9999999999732975,-2.444088915770534,5.353644805455859,7.797733721226393,0.7077608980697456,-0.8205880338556515,-0.5921944234633075,0.22268986996045434,1.4642007036003555,0.8148842934237619,0.0225,0.9999999999465949,0.07162455130662386,10,60.0,0.8561728395061727,0.022709842147095243,0.8305555555555556,0.9,0.02652483362316083,0.028327886186626586,0.125,4.390844212905088,0.5791194475629755,4.21875,0.9829912551975161,0.41681736785941614,0.2743039528732796,0.09601262612383617,3.4584135972249115,0.6240408582294514,0.22898009163100172,0.11019798318864679,0.03537315389120615,0.0013952916888524724,1.2621370841170653e-05,LBBBB,111m (15).mat
1.0855514018557087e-17,0.9999999999756539,0.9999999999513078,2.1189885712375114,5.402020629313263,0.9999999999756539,-2.10925532945551,4.951564861053531,7.060820190509041,0.6884548187266832,-0.7629690698350495,-0.545406500283435,0.08384769832663833,1.4044945808186937,0.6292541986100733,0.016666666666666666,0.9999999999513078,0.06408442198433918,12,72.0,0.8707070707070707,0.02987919082373542,0.8,0.9138888888888889,0.03431600798320791,0.03168371860579747,0.1,4.358267734401556,0.5010606754780302,4.21875,0.9586390720210942,0.4284903129306601,0.26878365114944813,0.06963140567531749,3.3207405024277237,0.6003769999596563,0.29763117202320627,0.08040756612723841,0.020490149117228584,0.0010845444994137105,9.568273256459664e-06,LBBBB,111m (16).mat
-3.947459643111668e-18,0.9999999999723471,0.9999999999446944,1.516772960826003,3.517406861471061,0.9999999999723471,-2.5668459979492315,5.217089779621775,7.783935777571006,0.7021191728110847,-0.7331422217765521,-0.5067412619341569,0.1456180366216303,1.5319468603815685,0.6523592985557872,0.025,0.9999999999446944,0.07374127148419266,11,66.0,0.8794444444444445,0.025373749437042764,0.8416666666666667,0.9222222222222223,0.028852020805270585,0.03038673903967028,0.1111111111111111,3.957026587338572,0.7218179923394362,4.21875,0.9696240208231457,0.4472085644450452,0.23884293981097218,0.11465512560891142,3.5355843883218454,0.5824657406663065,0.20503559999838122,0.1731444878469333,0.03806868252650337,0.0012751148350411423,1.03741268341001e-05,LBBBB,111m (17).mat
1.973729821555834e-17,0.999999999972295,0.9999999999445902,1.5526904961859367,3.7563368425731847,0.999999999972295,-2.584268975159498,5.247413784802653,7.831682759962151,0.7060537973326697,-0.882289750685243,-0.5763428832881147,0.20989381204176466,1.5022505150641825,0.7862366953298794,0.03166666666666667,0.9999999999445902,0.09014592860966489,8,48.0,0.8476190476190476,0.02657841595181008,0.8111111111111111,0.875,0.031356558108400226,0.03284754032419771,0.16666666666666666,4.422243005713977,0.5661294846696886,4.21875,0.908418693770366,0.4075313842328817,0.21302598216412824,0.12458951153997731,3.6128285256720534,0.6451164247278882,0.16509333186464603,0.1345674545625614,0.05250403727052815,0.002692104481955686,2.6647092420342207e-05,LBBBB,111m (18).mat
-1.1842378929335004e-17,0.9999999999722162,0.9999999999444324,1.2445945940437304,2.6889307435837004,0.9999999999722162,-2.7774215293480444,5.393660690588521,8.171082219936565,0.7175488066354002,-0.920332097730209,-0.5639871103286783,0.2415107003656002,1.537525606975265,0.8054978106942785,0.023333333333333334,0.9999999999444324,0.07443090430108018,10,60.0,1.0425925925925925,0.37176127714963625,0.8111111111111111,1.7694444444444444,0.3565738711691895,0.4445030343325726,0.5,3.5936616516135897,0.9234387868731577,2.8125,0.7971281560854669,0.38710554404614317,0.1732953595038401,0.10721359089054802,3.5695144733275557,0.6363485576567128,0.18969491953189146,0.13930907299552356,0.033227897446581924,0.0014081034128774553,1.144895641259272e-05,LBBBB,111m (19).mat
0.0,0.9999999999720476,0.9999999999440952,2.111210986228911,6.3422183011555635,0.9999999999720476,-2.2509820513472865,5.106848214101785,7.357830265449071,0.6692582604196985,-0.7700587682828416,-0.5106372789002145,0.12160536108857015,1.337662128236634,0.6322426399887846,0.01972222222222222,0.9999999999440952,0.07030951845160456,11,66.0,0.8463888888888889,0.026029719481705824,0.8111111111111111,0.8861111111111111,0.03075385297782314,0.033907098932593596,0.2222222222222222,4.721809401655406,0.26882409913661964,4.21875,1.0086530192683933,0.3713719181051961,0.3214582312681086,0.10526367903837625,3.47033169180204,0.5444972739174038,0.27988323406117055,0.1382713185958962,0.03609650102799326,0.0012415444404011463,1.012795713484716e-05,LBBBB,111m (2).mat
0.0,0.9999999999720698,0.9999999999441397,1.0934913998775846,2.3216632223203577,0.9999999999720698,-2.7047075701919874,5.613906872310183,8.31861444250217,0.7230465955460825,-0.9462102182485929,-0.5635472949289094,0.32375970175490837,1.5041322641722685,0.8873069966838179,0.028055555555555556,0.9999999999441397,0.0861059691124377,4,24.0,3.1879629629629633,3.2926735710576955,0.8388888888888889,7.844444444444444,1.0328456159241468,6.984753291948308,1.0,4.179457839165596,0.970824313282778,2.8125,0.867456794976406,0.4399566993068768,0.17514168653354464,0.11907252599752398,3.5851234826696357,0.6594684387058899,0.14053550792972033,0.14507392119611887,0.05266693648460847,0.0022318808971843493,2.33147864777423e-05,LBBBB,111m (20).mat
-3.947459643111668e-18,0.9999999999725071,0.9999999999450142,1.6915960411431843,4.242870473488538,0.9999999999725071,-2.8643645659759893,5.328364014380388,8.192728580356377,0.7033041613011672,-0.7842020475915416,-0.5266941697135344,0.16618709473667603,1.4899170194837512,0.6928812644502105,0.019166666666666665,0.9999999999450142,0.07378220922176036,10,60.0,1.0549382716049385,0.33860992813620155,0.8277777777777777,1.7444444444444445,0.32097605796411066,0.5820422219634483,0.625,4.336850585470097,0.5291311408438785,4.21875,0.9232255937371971,0.36166066603604086,0.2657354914290014,0.11021124600015879,3.5244571401049116,0.596126258275718,0.24898563686956637,0.11036374973297497,0.043081440397367,0.001431268884217552,1.1645840155945822e-05,LBBBB,111m (21).mat
-2.7632217501781673e-17,0.9999999999720609,0.9999999999441218,1.715923434727301,4.241456182852666,0.9999999999720609,-2.5825786683793015,5.235228622957841,7.817807291337143,0.7067773391460451,-0.859709356639729,-0.5435089744122397,0.23451108569315046,1.427379906849808,0.7780200601053902,0.019166666666666665,0.9999999999441218,0.07001970571119084,10,60.0,0.9432098765432099,0.27587033715187026,0.8055555555555556,1.7194444444444446,0.29248033096348935,0.31218502645184754,0.25,4.296869759839997,0.6612383366789925,4.21875,0.9448598831782566,0.39529847256515765,0.2579609361849328,0.09770129725097096,3.422985850227414,0.6644913747811755,0.17382330549983727,0.10964450889918591,0.05059250670948712,0.0014364212082700186,1.1882902043993316e-05,LBBBB,111m (22).mat
3.947459643111668e-18,0.9999999999754051,0.9999999999508102,1.5922439814263702,3.849452148167468,0.9999999999754051,-2.40925375580443,5.2600908854700235,7.669344641274453,0.7107509925066583,-0.9060285834788446,-0.5446000144518208,0.2582198073827591,1.4125669834167767,0.8028198218345799,0.017777777777777778,0.9999999999508102,0.06746550923959777,11,66.0,0.8591666666666666,0.025940637360455637,0.8194444444444444,0.8944444444444445,0.03019278835724095,0.0287484716597408,0.1111111111111111,4.060543512970295,0.7326905118744829,4.21875,0.9253961113523808,0.41764995452102116,0.24347173828416105,0.08806558484112101,3.458995207127833,0.6951221090226808,0.17514865731621052,0.09953923128296291,0.0289915916560931,0.0011880027480270384,1.040797402542595e-05,LBBBB,111m (23).mat
0.0,0.999999999974839,0.999999999949678,2.084955989666641,5.736864763367947,0.999999999974839,-2.0122730928483565,5.36605319118123,7.378326284029587,0.6861517244662182,-0.8342650365646226,-0.5495052411056496,0.15015967722914692,1.3855832132582635,0.6996649183347965,0.015833333333333335,0.999999999949678,0.06733626283672654,8,48.0,1.1019841269841268,0.38538018713594535,0.8111111111111111,1.7222222222222223,0.34971482560363737,0.5876964254420527,0.5,4.440072533809261,0.6491787711622428,4.21875,0.8778547174852591,0.4003631037387828,0.22842736214615192,0.07871674896602462,3.3881283276107808,0.6234539834101048,0.2303581227026572,0.11289153852064354,0.03216052629669609,0.0011262309567364953,9.598113161569457e-06,LBBBB,111m (24).mat
7.894919286223335e-18,0.9999999999794942,0.9999999999589884,2.267464829590094,6.91904222299223,0.9999999999794942,-1.9238484972349594,6.212129824464146,8.135978321699106,0.6654951717240389,-0.797192758542952,-0.4811414020439395,0.1031317499102174,1.1841013504572384,0.5842731519541569,0.014722222222222222,0.9999999999589884,0.06052403339170337,12,72.0,0.861111111111111,0.027216552697590875,0.8138888888888889,0.9027777777777778,0.03160631922501433,0.031093745153234945,0.1,4.392157095904687,0.7047539876784914,4.21875,0.8613312939504794,0.36186245804346023,0.26604914377870853,0.06390009189872181,3.3593504219489243,0.6928966405502401,0.23272388581552875,0.05284528109935768,0.02071874916040439,0.0008086437600540585,6.799614414814779e-06,LBBBB,111m (25).mat
2.960594732333751e-18,0.999999999978484,0.999999999956968,2.485164879982469,7.558646646393592,0.999999999978484,-1.6585930396667945,5.3496771877514915,7.008270227418286,0.6486162538569566,-0.8264488111308541,-0.5025361646082863,0.07282629561784806,1.205421599056849,0.5753624602261344,0.016944444444444446,0.999999999956968,0.05804074297686761,10,60.0,0.8595679012345678,0.025123532623418175,0.8222222222222222,0.9111111111111111,0.029228095369901567,0.034694433324435545,0.25,4.75459403453631,0.5294883236196071,4.21875,0.9763910552007206,0.4216444436543202,0.2942452823804696,0.06224902375123086,3.2553702648721696,0.5695472084959634,0.29072224856474443,0.12095265486811901,0.0179268967627955,0.0008438658617926421,7.1254465847014144e-06,LBBBB,111m (26).mat
8.881784197001253e-18,0.9999999999775481,0.9999999999550961,2.1428845768616727,6.684958277876444,0.9999999999775481,-2.6106708439921458,5.57397452276836,8.184645366760506,0.671015152755007,-0.7729178731238762,-0.48538964988014144,0.14160235470804444,1.242479794899191,0.6269920045881858,0.015555555555555555,0.9999999999550961,0.062270293862427814,11,66.0,0.8644444444444446,0.027267535981795626,0.8194444444444444,0.9055555555555556,0.03154342205042029,0.029557203147245137,0.0,4.610317503148285,0.5236575790742632,4.21875,0.9639586566802221,0.40303298026895906,0.292541205179885,0.07736373283836666,3.392406180611706,0.5528406929958657,0.2988264206599681,0.12738420432233372,0.02002895987615465,0.0009122986768241951,7.423468853538254e-06,LBBBB,111m (27).mat
1.578983857244667e-17,0.9999999999773563,0.9999999999547127,2.3288205167374465,6.718144121798929,0.9999999999773563,-1.9693596853023263,5.244755519267307,7.214115204569634,0.6639631786042515,-0.783033829438526,-0.5010871633043907,0.043778064710817494,1.2828877810370254,0.5448652280152082,0.018055555555555554,0.9999999999547127,0.064722681489656,12,72.0,0.844191919191919,0.031168204859828998,0.7916666666666666,0.8972222222222223,0.03692075713392661,0.04192512432161314,0.2,4.610110450470482,0.42420434394859735,4.21875,1.014649150022786,0.4041039701800383,0.3213288545710307,0.08345523415196662,3.386702078812488,0.6220279579240768,0.21560539134042014,0.13412824033577933,0.027132031972402038,0.0010969354513170174,9.442976004575338e-06,LBBBB,111m (28).mat
-9.86864910777917e-18,0.9999999999751817,0.9999999999503636,1.732307537712363,4.511718847949439,0.9999999999751817,-2.5634073449497063,5.95298275365693,8.516390098606637,0.7096444018664447,-0.9312132933864906,-0.5374343894135434,0.31932499415343524,1.3686522186556949,0.8567593835669787,0.01861111111111111,0.9999999999503636,0.06482256035710728,10,60.0,0.9290123456790125,0.23987776633759192,0.8111111111111111,1.6055555555555556,0.2582072963778093,0.38534346151626,0.25,4.146726964796612,0.8695702187117617,4.21875,0.8605527243305657,0.41205709842226645,0.2189687616320968,0.06479172794207481,3.3066990387203776,0.6512061670859991,0.22869731382593952,0.09677230063038389,0.022041910331492658,0.0012712225801814023,1.1085546003328484e-05,LBBBB,111m (29).mat
1.1842378929335004e-17,0.999999999974602,0.9999999999492041,2.0736922402902027,5.977109808908155,0.999999999974602,-2.5064269328778708,5.132585671612483,7.639012604490354,0.670817009894739,-0.8137926984873473,-0.5341166960425897,0.12876957890368185,1.2957680446020081,0.6628862749462716,0.019166666666666665,0.9999999999492041,0.06812902294604169,11,66.0,0.8572222222222223,0.027363578568943878,0.8138888888888889,0.9083333333333333,0.03192121929140686,0.03374234658942332,0.1111111111111111,4.573457692578504,0.4516640478398749,4.21875,0.9177567647368685,0.37115740735803404,0.2779194214462541,0.08809222327478136,3.4419742542346676,0.5936233959749776,0.26457004285764146,0.11749748707559736,0.02302622389102794,0.0012720344423240001,1.081575843135932e-05,LBBBB,111m (3).mat
-1.7763568394002505e-17,0.999999999973124,0.9999999999462482,1.1774029750024249,2.3153487074021113,0.999999999973124,-2.6636860913966305,4.663040899914171,7.326726991310801,0.7326478645287885,-0.8681661095172102,-0.5857510373257536,0.3769294006107357,1.502946775573305,0.9626804379364893,0.0175,0.9999999999462482,0.06913301962765878,10,60.0,0.9367283950617283,0.2702237609154084,0.8027777777777778,1.6972222222222222,0.2884761068966263,0.2910509373772023,0.125,3.8496121418711047,0.5036429528355427,4.21875,0.8995883674708928,0.38696326505751616,0.24900920765043102,0.0926420117272862,3.495893990636546,0.611431058466364,0.22533693754971748,0.12535714803670317,0.036087947138441996,0.00177441227419089,1.2496534582384177e-05,LBBBB,111m (30).mat
0.0,0.9999999999741181,0.9999999999482364,1.391874167343586,2.9158595279061146,0.9999999999741181,-2.6533897350191173,4.903781167161553,7.557170902180671,0.7227629585195106,-0.8847652064402265,-0.5727902411064663,0.2737313423388126,1.4485132430871737,0.8465215834452788,0.018333333333333333,0.9999999999482364,0.06916567590598785,11,66.0,0.9049999999999999,0.2327698221923469,0.7861111111111111,1.6,0.2572042231327544,0.27326582524766124,0.2222222222222222,3.8362686494879172,0.6465589058960137,4.21875,0.8591502229597514,0.36673210652198984,0.24348413082763817,0.0790801792208125,3.406582262778781,0.6028860912995805,0.24203390308834907,0.11600980589480404,0.03785403981591004,0.001205893642921668,1.0266258434591826e-05,LBBBB,111m (31).mat
-1.3816108750890837e-17,0.9999999999736031,0.9999999999472063,1.4778979873265496,3.2307493932186846,0.9999999999736031,-2.3841046304450146,4.610471738181654,6.994576368626669,0.7100390418290817,-0.9492566338105334,-0.5908209733349761,0.28017533265315236,1.4523227742608256,0.8709963059881285,0.021666666666666667,0.9999999999472063,0.0705386607584159,10,60.0,1.0493827160493825,0.3604761220918584,0.8194444444444444,1.7305555555555556,0.34351253954842376,0.6028873748291592,0.625,4.146067179111159,0.4553756023534217,4.21875,0.9392342839488406,0.43895261970124577,0.243919413294848,0.0832704537637342,3.3870724590667067,0.6325549641533997,0.2495444786585744,0.0859235066822517,0.03067694204152961,0.0012892192715699181,1.0889192674383186e-05,LBBBB,111m (32).mat
5.131697536045168e-17,0.999999999975868,0.9999999999517359,0.6057386348902619,3.307279383655918,0.999999999975868,-4.825983789019524,4.477723354535336,9.30370714355486,0.6856347782146166,-0.9768984892174597,-0.5066525669453199,0.2954295149983985,1.3723933965869353,0.8020820819437184,0.020555555555555556,0.9999999999517359,0.06308523647128364,12,72.0,0.8714646464646464,0.02867468442342446,0.8305555555555556,0.9222222222222223,0.03290401338350072,0.038630091258205476,0.2,3.209012924077539,1.1769524188989395,4.21875,0.7628491967608977,0.3543900451620523,0.19622119244756425,0.07351992919086106,3.4585247578006872,0.6734149056762962,0.2037814632852179,0.09361841069546079,0.027880698667200648,0.0012947374427943453,9.784233029907734e-06,LBBBB,111m (33).mat
1.578983857244667e-17,0.999999999971077,0.9999999999421542,0.978940610348198,1.7995155380904864,0.999999999971077,-2.9997142258166294,4.16770245789235,7.167416683708979,0.704672619983623,-0.741732447445917,-0.5093112519313785,0.17327673010180697,1.5860938634282693,0.6825879820331855,0.021666666666666667,0.9999999999421542,0.07189418439763932,8,48.0,1.2341269841269842,0.5878673272576408,0.85,2.4833333333333334,0.4763426570703766,1.0507590828566562,0.8333333333333334,3.3508968328914097,0.4928807771427551,2.8125,0.9426240820532372,0.4869675441617108,0.19865234406683424,0.11526847194482277,3.4856045314152015,0.6524432514969412,0.17122234867185762,0.13417221035150909,0.04080897042258327,0.0013423895923957672,1.0829464712766064e-05,LBBBB,111m (34).mat
6.41462192005646e-18,0.9999999999725786,0.9999999999451572,2.3099378190743285,7.0769256795919535,0.9999999999725786,-2.028869965761778,5.11633577902529,7.145205744787068,0.662704975383546,-0.6955974946213219,-0.5046413811317361,0.0608754461921057,1.3246445284522053,0.5655168273238418,0.01861111111111111,0.9999999999451572,0.06764034556064444,11,66.0,0.8880555555555556,0.024439709137304613,0.8472222222222222,0.9222222222222223,0.027520473192124775,0.032341202215875914,0.1111111111111111,4.831404650651073,0.1967132643374886,4.21875,1.0175997573498001,0.40358350558911005,0.31599897003376765,0.09657008068145186,3.4313009490763458,0.5441135168890253,0.3091369539946485,0.11300512022155931,0.032597114724462486,0.0011379241203406884,9.370049963545417e-06,LBBBB,111m (4).mat
-1.578983857244667e-17,0.9999999999732718,0.9999999999465436,2.2569821874673566,6.768761265793149,0.9999999999732718,-2.2247320740879615,5.557376888443644,7.782108962531606,0.6639356472174326,-0.7530026352189055,-0.5009533737401701,0.10558450049598134,1.3024244505773652,0.6065378742361515,0.01888888888888889,0.9999999999465436,0.06758632134819298,12,72.0,0.8797979797979799,0.029039306083767782,0.8333333333333334,0.9222222222222223,0.03300678873737472,0.038709905581432995,0.2,4.441158784459665,0.7303861527846517,4.21875,0.9001325158436437,0.3810533124127703,0.2543733089386182,0.08596741814293893,3.4302763891638866,0.6208077518856071,0.20884594280504512,0.13353749283770713,0.03558414366175394,0.001214910085103614,9.758724782868163e-06,LBBBB,111m (5).mat
1.578983857244667e-17,0.9999999999705971,0.9999999999411943,1.810515732715368,4.874645573319402,0.9999999999705971,-2.413649548555489,5.391669445924336,7.8053189944798245,0.6909635308735715,-0.8276092994425526,-0.5419522660736478,0.17120660717649816,1.443865138767126,0.7131588732501459,0.020833333333333332,0.9999999999411943,0.07157353856108685,10,60.0,0.8737654320987654,0.02439638622885125,0.8333333333333334,0.9027777777777778,0.0279209789088711,0.03377885140837587,0.125,4.4525772342599454,0.6451225838818168,4.21875,0.9446264641534494,0.3858211966479538,0.26062316287817744,0.11376485157763423,3.5610155426510937,0.6431589277112929,0.18033763033072814,0.13849994309771071,0.03650848443474886,0.0014827201686839799,1.2294256835051126e-05,LBBBB,111m (6).mat
1.0855514018557087e-17,0.999999999971975,0.99999999994395,1.8171638660582234,4.780794697327435,0.999999999971975,-2.4399906615331695,5.034852459244583,7.474843120777752,0.6901168537157258,-0.8229218454264309,-0.5373811720609647,0.1737334168915231,1.436841498356755,0.7111145889524878,0.020277777777777777,0.99999999994395,0.0716222428174576,11,66.0,0.8819444444444444,0.02618341054282884,0.8472222222222222,0.9388888888888889,0.029688276487340483,0.036016019145882816,0.2222222222222222,4.369176776193021,0.5575932618422326,4.21875,0.9953301271250737,0.414441076684413,0.26988092933991514,0.12353794200980668,3.5670445941090256,0.5962406464890366,0.20499580821275398,0.14856194015032204,0.04875531147633241,0.001434812559356888,1.1481112197922628e-05,LBBBB,111m (7).mat
-1.4802973661668755e-18,0.9999999999728395,0.9999999999456791,1.8867732886580528,4.93453354245609,0.9999999999728395,-2.475196102254665,4.980715595024705,7.455911697279371,0.6942784640837603,-0.7796094148346928,-0.5628158000826005,0.14780117969071835,1.4122294919954634,0.7106169797733188,0.01972222222222222,0.9999999999456791,0.06990732700112111,11,66.0,0.8797222222222223,0.02822008959571396,0.8305555555555556,0.9333333333333333,0.032078409355569305,0.029788348041010018,0.1111111111111111,4.468215432874782,0.41793385944999795,4.21875,0.9558185216698796,0.3805481641357169,0.2809828665195991,0.10746062684916799,3.5398787471139364,0.5940063590146045,0.2449572778116374,0.1241039517338855,0.03565595893282108,0.0012661128203859905,1.03396866651807e-05,LBBBB,111m (8).mat
5.921189464667502e-18,0.9999999999709153,0.9999999999418305,1.9129616562174208,5.201777244579752,0.9999999999709153,-2.1637255299808222,5.378204422577415,7.541929952558237,0.683331249789883,-0.8364008900914355,-0.5684418676869278,0.1808334587534126,1.3218293928300964,0.7492753264403405,0.02,0.9999999999418305,0.06512915732130045,11,66.0,0.8594444444444445,0.02984528004125174,0.8305555555555556,0.9138888888888889,0.034726246937133734,0.03242063222224369,0.2222222222222222,4.300932841709074,0.6899395885448302,4.21875,1.0145326976232623,0.44357020781721257,0.28386538365084957,0.07596409068971072,3.268661146914915,0.6526098434993339,0.20260915616768094,0.11563311173327534,0.028152197584530903,0.0009874975533545006,8.193461824035686e-06,LBBBB,111m (9).mat
3.157967714489334e-17,0.9999999999889929,0.9999999999779859,2.876483816802176,9.59059233197788,0.9999999999889929,-1.226461963516483,5.059253300187709,6.285715263704192,0.5474464912728826,-0.8632672965805887,-0.5143220702272504,0.014348328490648661,0.8166372180610301,0.5286703987178991,0.015277777777777777,0.9999999999779859,0.04573831713868547,13,78.0,0.7729166666666666,0.05534828232174039,0.7194444444444444,0.8944444444444445,0.0716096374125681,0.06066180096667725,0.2727272727272727,4.772621195154544,0.15695373669121196,2.8125,0.996728655600656,0.5717070021184565,0.2546730304161745,0.036127172319268964,3.1624840316120935,0.689193079960939,0.22268452466413594,0.07609743692700321,0.011463261149603226,0.0005568310816547426,4.866216663452017e-06,LBBBB,214m (0).mat
-1.578983857244667e-17,0.9999999999886462,0.9999999999772925,2.840014676554481,9.451023198435418,0.9999999999886462,-1.4186295203664034,5.061752644451598,6.4803821648180016,0.5572819451353881,-0.8347561619033506,-0.5404341667844065,0.03776460459261386,0.7912128538975292,0.5781987713770204,0.015277777777777777,0.9999999999772925,0.045510233093933226,13,78.0,0.7928240740740741,0.040547600902611676,0.7138888888888889,0.8611111111111112,0.051143251292947035,0.041708732973863794,0.2727272727272727,4.785915038245796,0.15840922980001132,1.40625,0.9366509017510529,0.5298180836795671,0.24380529461028347,0.034387154386086916,3.2066497318238585,0.7032763680958758,0.19937297415513702,0.08723868521559647,0.009573756597274736,0.0005336008152724125,4.6151208434219e-06,LBBBB,214m (1).mat
-9.86864910777917e-18,0.999999999988945,0.9999999999778899,3.1093250816608813,10.77815486535936,0.999999999988945,-1.1677276909640442,5.211209144282076,6.378936835246121,0.5387162520048583,-0.7846957970156514,-0.48024655355324075,-0.024735061084838077,0.7367300318622854,0.45551149246840267,0.013888888888888888,0.9999999999778899,0.046316688299177296,13,78.0,0.8037037037037037,0.03887786439855004,0.7333333333333333,0.8638888888888889,0.04837337960621059,0.038753371382248304,0.18181818181818182,4.909603759810315,0.19489916183898812,2.8125,0.9648298160922704,0.5123829336691372,0.2739986506086163,0.03938032318934607,3.2760678613928804,0.6142827147873545,0.3042983864278315,0.06808224586724729,0.012740394734803817,0.0005910304448542186,5.227737908335351e-06,LBBBB,214m (10).mat
-1.1842378929335004e-17,0.9999999999897704,0.9999999999795409,2.6218089274990795,9.77743516739589,0.9999999999897704,-3.0761149150481355,5.353874406474118,8.429989321522253,0.5566073563995027,-0.7748040281554001,-0.5141184140291516,0.05282109733059478,0.8910129055966118,0.5669395113597464,0.014166666666666666,0.9999999999795409,0.04165116155015993,11,66.0,0.8294444444444444,0.039639579920784936,0.7805555555555556,0.8777777777777778,0.04779051826616876,0.047258519093240164,0.3333333333333333,4.951300506247446,0.20479595863842917,1.40625,0.8473091765021921,0.47011444737256913,0.2304238754999046,0.03153362232383299,3.2465044820957085,0.7164413346003962,0.19178823976078524,0.08108724998859451,0.010082945114376353,0.0005953036450672661,4.926890780127206e-06,LBBBB,214m (11).mat
-1.1842378929335004e-17,0.9999999999892275,0.9999999999784551,3.182377167315944,11.684798286081884,0.9999999999892275,-1.1939157082253862,5.409616287834285,6.6035319960596714,0.5300873617963541,-0.8063494712328956,-0.4588512481185521,-0.015866598115861382,0.5843990143558405,0.4429846500026907,0.014166666666666666,0.9999999999784551,0.04547041835242936,12,72.0,0.8093434343434343,0.03154443731237817,0.7666666666666667,0.8611111111111112,0.03897534215372081,0.03159836689013305,0.1,5.129578601795052,0.14728966680210454,2.8125,0.9707838861799699,0.5304635446053203,0.2668402272099867,0.04081913851263769,3.2484080085372393,0.6455573660360646,0.22298992584209773,0.11779957394755475,0.012919351066621582,0.0007271753923468719,6.60771531420382e-06,LBBBB,214m (12).mat
1.0362081563168128e-17,0.9999999999886929,0.9999999999773859,3.141545503769933,11.210059525604024,0.9999999999886929,-1.272501051518463,5.1754425312723376,6.447943582790801,0.5296823868257626,-0.801831894269044,-0.42148766463203774,-0.037350862917569935,0.7188926116252188,0.3841368017144678,0.011666666666666667,0.9999999999773859,0.044234295322321454,12,72.0,0.8444444444444446,0.04332556262882661,0.7805555555555556,0.9166666666666666,0.05130658726285265,0.04440970864824741,0.2,5.021056714860184,0.12320106753622832,2.8125,0.976455972911564,0.5493523181624725,0.25591917566267763,0.03471893200114927,3.1987900668872027,0.7126580719351666,0.2014391442629142,0.07134019352680429,0.014004089988478689,0.000553721641788667,4.778644847343088e-06,LBBBB,214m (13).mat
1.973729821555834e-18,0.9999999999891175,0.9999999999782351,3.014685892685786,10.658205741950383,0.9999999999891175,-1.2730788520712844,5.156807581340363,6.429886433411648,0.5266556906915236,-0.8655029297640748,-0.40651726759427587,-0.03671826769548028,0.7648226674750388,0.3697989998987956,0.014444444444444444,0.9999999999782351,0.04445642681847089,12,72.0,0.8434343434343433,0.04471622594961729,0.7833333333333333,0.9416666666666667,0.05301684267980174,0.03618582015440459,0.2,4.9865729660908995,0.15627623421847683,2.8125,1.0203810556126867,0.5762120298643709,0.2633571646783138,0.03829698206610801,3.1909095447387874,0.6981046464822963,0.2015688116982768,0.08495989568594474,0.014786715917883561,0.0005748076095105657,5.122606087925073e-06,LBBBB,214m (14).mat
7.894919286223335e-18,0.9999999999895212,0.9999999999790424,2.8314317433650524,9.36140369498158,0.9999999999895212,-1.3157840929032751,6.0224555987703665,7.338239691673642,0.5598595190921974,-0.8613921250238592,-0.43831170950233234,-0.027893040250075895,0.8831256356939028,0.41041866925225645,0.014722222222222222,0.9999999999790424,0.04436611716848547,13,78.0,0.7833333333333333,0.04218809536997968,0.7277777777777777,0.8583333333333333,0.05385714295675218,0.0368323468338421,0.18181818181818182,4.678076648778961,0.4373896552521119,1.40625,0.8045895128841197,0.4792112885331835,0.19538157787969038,0.02948568570418571,3.1215551742807186,0.761610586614767,0.14792837859516886,0.07583595130710324,0.014138168028992553,0.0004826679481862224,4.247505781927222e-06,LBBBB,214m (2).mat
-5.921189464667502e-18,0.9999999999889057,0.9999999999778114,2.8414872416947454,9.384337428641583,0.9999999999889057,-1.2697476063998459,5.060991932787574,6.3307395391874195,0.5546561245625549,-0.8480183177752445,-0.49574975821466943,0.004936501549222804,0.8652690533484938,0.5006862597638922,0.013888888888888888,0.9999999999778114,0.04537561503719347,13,78.0,0.8016203703703703,0.0384976739806503,0.7222222222222222,0.8527777777777777,0.048024819921727434,0.03683234683384212,0.09090909090909091,4.747591842599609,0.2436980065863746,1.40625,0.9502000535573615,0.5567798009288648,0.2343267778358385,0.03198150114965149,3.1283019493910857,0.6760466135590608,0.24088024857864063,0.07212533470179115,0.010441279012459182,0.0005021800395464671,4.3441085015978594e-06,LBBBB,214m (3).mat
9.86864910777917e-19,0.9999999999888474,0.9999999999776947,2.9770384475359997,10.46569066641186,0.9999999999888474,-1.2808992007470008,5.443587713255968,6.724486914002969,0.5385603537691113,-0.8609191585907283,-0.5132802422552682,0.03894134201249547,0.7154788546965107,0.5522215842677637,0.019166666666666665,0.9999999999776947,0.04493492455195085,12,72.0,0.7797979797979798,0.04963518578787755,0.7,0.85,0.06365133920593777,0.0455081053694942,0.2,4.925775275308441,0.2886096767653623,2.8125,1.0393590847247929,0.5878121701643093,0.2687853489768867,0.03567701274939465,3.1923278145882303,0.7106695121150394,0.1877026722250172,0.08911418727590005,0.01201665533418361,0.0004927447462025095,4.228303656928895e-06,LBBBB,214m (4).mat
1.1842378929335004e-17,0.9999999999874606,0.9999999999749212,3.1804511969723017,11.449159505051034,0.9999999999874606,-1.1294394607113714,5.508502971678371,6.6379424323897425,0.5292604307071319,-0.8065580321417796,-0.4985630155665781,-0.0018824790269189504,0.6513385507494631,0.49668053653965916,0.01638888888888889,0.9999999999749212,0.047947221765608235,13,78.0,0.743287037037037,0.037033419962265286,0.6916666666666667,0.8055555555555556,0.04982384740633666,0.03361622383686939,0.18181818181818182,5.000191528573726,0.33349681223797323,1.40625,0.8783806360748627,0.4854832848060102,0.23879391725321855,0.03776247353832359,3.229940384273876,0.6621100047017896,0.2204493120915817,0.10060181452868816,0.016185116943932442,0.0006482972462925274,5.454487715274928e-06,LBBBB,214m (5).mat
-1.3816108750890837e-17,0.9999999999881045,0.9999999999762091,3.182238975557688,11.395220642781377,0.9999999999881045,-1.2326320851210226,5.443026672559505,6.6756587576805275,0.535937354478984,-0.772137618883764,-0.4680085319258653,-0.036561599628154175,0.7173386915193406,0.4314469322977111,0.015,0.9999999999762091,0.04721884326773352,13,78.0,0.804398148148148,0.043941868125381534,0.7138888888888889,0.8666666666666667,0.05462701296853513,0.04542788219099748,0.36363636363636365,5.024100526351442,0.2870612993462607,2.8125,0.91579952058399,0.4927838845993366,0.24973838786058664,0.04488631392336639,3.3054433771662195,0.6731414969398939,0.1945005297922209,0.11243130734002589,0.019181887880675125,0.0007384639134647756,6.314133719068464e-06,LBBBB,214m (6).mat
-7.894919286223335e-18,0.9999999999883213,0.9999999999766427,2.753974302315051,8.902211296277947,0.9999999999883213,-1.4264990176132566,5.011724709118831,6.438223726732088,0.5607644606106572,-0.829928123587673,-0.5208906241454083,0.021985606735173514,0.8403620640694597,0.5428762308805818,0.017222222222222222,0.9999999999766427,0.04647824759359491,13,78.0,0.7828703703703703,0.04805680437969142,0.6916666666666667,0.8583333333333333,0.061385391678025446,0.04339835836085862,0.2727272727272727,4.695951073330976,0.19136566871586,1.40625,0.8573298304411521,0.5174126088339013,0.20432958723946637,0.026410721460842015,3.074300327442361,0.6927474252125023,0.20492761749232843,0.0888283871884354,0.012973290057050599,0.0005187615936652665,4.51845601769403e-06,LBBBB,214m (7).mat
1.973729821555834e-18,0.9999999999878111,0.9999999999756223,3.0767636140926506,11.176722059091723,0.9999999999878111,-1.2970787611372705,5.631299744536465,6.928378505673735,0.5563390977225471,-0.83076792825305,-0.4592562461291034,0.02126860266888124,0.7419593597148266,0.4805248487979846,0.01611111111111111,0.9999999999756223,0.048704729524788444,13,78.0,0.7937500000000001,0.053912330239490235,0.6916666666666667,0.8666666666666667,0.0679210458854415,0.04545875401392252,0.18181818181818182,5.001748804871388,0.4189840019476786,2.8125,0.9869094757060222,0.5267560609797014,0.2621153495291534,0.05459980630813397,3.3490888683706146,0.6437031954655845,0.22142475645119497,0.11493741272089643,0.01873976848205223,0.001186778370063407,8.088510208216072e-06,LBBBB,214m (8).mat
2.4671622769447922e-17,0.9999999999855639,0.9999999999711279,3.1327932957131437,11.308080271300671,0.9999999999855639,-1.0387472024042081,5.739370651588134,6.778117853992342,0.5414181964741963,-0.8260902920648788,-0.5235640303308755,0.013658841270803995,0.7470203713133555,0.5372228716016795,0.018055555555555554,0.9999999999711279,0.049603669914723786,13,78.0,0.7511574074074073,0.050453936501573406,0.6888888888888889,0.8388888888888889,0.06716826052284446,0.04103904412308449,0.36363636363636365,5.06637306312771,0.25520823814150023,2.8125,1.1036001190106939,0.5486089501085536,0.3236343089920755,0.05711186891599042,3.3922988697392795,0.6746639302003159,0.21848142379321167,0.09451044477898271,0.011480989150274908,0.0008556516157304703,7.560461483996415e-06,LBBBB,214m (9).mat
1.4802973661668754e-17,0.9999999999851915,0.999999999970383,-0.3800525787479787,4.386737902727586,0.9999999999851915,-3.474911498338387,4.1013342330576945,7.576245731396082,0.6054045308875283,-0.7676128114884194,-0.26275838591177075,0.32822659007159505,0.6713071969109878,0.5909849759833659,0.025833333333333333,0.999999999970383,0.072964605875293,12,72.0,0.8323232323232322,0.018849957178304566,0.7972222222222223,0.8611111111111112,0.022647399980704606,0.0247362631787702,0.1,3.733913893700254,0.20045961263981257,5.625,0.9643657611032362,0.20487526716287902,0.5556920992733811,0.05948478824136884,3.620814029184105,0.35676629808735766,0.39771954768066925,0.20983782843053161,0.03320137192867448,0.002449983064650942,2.497080811580633e-05,RBBBB,118m (0).mat
3.947459643111668e-18,0.9999999999876007,0.9999999999752014,0.3574731311517955,5.3615478522659785,0.9999999999876007,-3.202156493400495,6.365742701054703,9.567899194455197,0.617848436454931,-0.8679998563526976,-0.3687586083736826,0.29388022878330455,0.7153692701786234,0.6626388371569871,0.0175,0.9999999999752014,0.06209372633713762,13,78.0,0.8275462962962963,0.021560111122913374,0.7972222222222223,0.8611111111111112,0.026053057325436803,0.020837541662501246,0.0,3.7008814175003923,0.8089738755763746,5.625,0.7429914573274172,0.17566902901767356,0.4157381220310203,0.0413249540249526,3.5888760775688175,0.4671132346480585,0.33972587637935064,0.16001747374553402,0.03127393063616483,0.001851751330691027,1.7733260200730013e-05,RBBBB,118m (1).mat
-1.973729821555834e-18,0.9999999999865816,0.9999999999731634,-0.8669166931986839,4.271871152839092,0.9999999999865816,-3.652877041816791,3.7000894434606884,7.352966485277479,0.595467400265028,-0.6780405227149207,-0.21660841780456508,0.30297971920684597,0.7665444532829503,0.519588137011411,0.02388888888888889,0.9999999999731634,0.06433871417428744,12,72.0,0.8136363636363636,0.01075532294901355,0.8,0.8388888888888889,0.013218832658518647,0.017829785039867988,0.0,3.363554244196614,0.13646902824813056,5.625,0.9427662670915069,0.20550889517529192,0.5366209395786457,0.0614886710129682,3.6478919024929097,0.39892914656004325,0.37274726969509747,0.1944336241505469,0.03137170322689773,0.0024939714960993497,2.4284871315019663e-05,RBBBB,118m (10).mat
2.3684757858670008e-17,0.9999999999887742,0.9999999999775485,-0.7846835702482495,4.444254232226094,0.9999999999887742,-3.424323153576167,3.644914812279989,7.069237965856156,0.5885082948969562,-0.6917364277393243,-0.18374683081640608,0.2904666175244068,0.6937367880331909,0.47421344834081286,0.02,0.9999999999775485,0.06254737419656022,12,72.0,0.8439393939393939,0.011774286087752285,0.8194444444444444,0.8611111111111112,0.0139515777535161,0.01829963232444511,0.0,3.4525920379331634,0.10814805585049045,5.625,1.0120074460285844,0.22106600966619688,0.578492014683127,0.05937114732479672,3.6035015333858937,0.40055509793948235,0.4444430710894313,0.12427238982813929,0.02858352139474315,0.002124415737966548,2.1504010237004057e-05,RBBBB,118m (11).mat
1.1842378929335004e-17,0.9999999999886624,0.9999999999773248,-0.7815031308773565,4.534894356629942,0.9999999999886624,-3.378236863217862,3.740338875347388,7.11857573856525,0.5842747032972865,-0.6524446562598102,-0.2030340086503512,0.29091411964637814,0.683449842362146,0.49394812829672935,0.019444444444444445,0.9999999999773248,0.06238072232231905,12,72.0,0.841919191919192,0.007151415282073882,0.8277777777777777,0.8527777777777777,0.008494182508510981,0.011111111111111105,0.0,3.483823838291169,0.19155625618823233,5.625,0.9852601610594063,0.21516096261192919,0.5594860110275692,0.05986717468963238,3.610222875766678,0.3861560780920207,0.40230159315403996,0.178166869774859,0.0311239849600831,0.0022289842800531584,2.2489738943795297e-05,RBBBB,118m (12).mat
1.8750433304780422e-17,0.9999999999871828,0.9999999999743656,-0.8858730165890929,4.731397876270933,0.9999999999871828,-3.449596339489115,3.6519385855591917,7.101534925048307,0.576056221175476,-0.6486619270808679,-0.1526326043799775,0.29066878987787137,0.6662108411060286,0.44330139425784887,0.019444444444444445,0.9999999999743656,0.06331916126766801,12,72.0,0.822979797979798,0.025044598521651397,0.7972222222222223,0.8944444444444445,0.030431607862912047,0.025215123817578254,0.1,3.499775218500203,0.07051621583590705,5.625,0.9957657642435433,0.21679768509249298,0.5664403522123568,0.061943466607952406,3.6278622447753617,0.3990348718617397,0.4176519704216371,0.14730954757693945,0.03358994784039912,0.002389215402033683,2.44468972507833e-05,RBBBB,118m (13).mat
-1.3816108750890837e-17,0.999999999986845,0.99999999997369,-0.4818674545248507,4.553942216495812,0.999999999986845,-3.4273867423228195,3.8209760341813164,7.248362776504136,0.5899884807255062,-0.7004216072468605,-0.22806374159667842,0.2889963084248698,0.7018298626325072,0.5170600500215482,0.020277777777777777,0.99999999997369,0.06485958036561836,12,72.0,0.8376262626262626,0.008892331748312611,0.8277777777777777,0.8555555555555555,0.010616109038672944,0.01009216784699164,0.0,3.711234296961806,0.09378198737941074,5.625,0.9994021518292643,0.21597131798966418,0.5729580224499583,0.06038347430678946,3.6168911154345995,0.3753892746234405,0.42371600962165457,0.16312469365407375,0.035442000978614975,0.0023047171720270744,2.33039501887702e-05,RBBBB,118m (14).mat
-8.881784197001253e-18,0.9999999999842611,0.9999999999685224,-0.1486404086597787,5.072886975157294,0.9999999999842611,-3.804296027633928,4.4286815952651475,8.232977622899075,0.6038431985180068,-0.8340857604521252,-0.2773697408523641,0.32197139818294856,0.7511005243548757,0.5993411390353127,0.02861111111111111,0.9999999999685224,0.07712511248789305,11,66.0,0.8855555555555557,0.23828347056747143,0.7888888888888889,1.6,0.269077946384635,0.3778787537527387,0.2222222222222222,4.00319974227318,0.3763688011578634,5.625,0.9699668171271358,0.21708801037202458,0.5470703116326858,0.06596980650040121,3.6641622511080216,0.3692784258923237,0.39854321883287763,0.18834849188578168,0.04084922853127887,0.0029503242517506696,3.0310605987101745e-05,RBBBB,118m (15).mat
-1.3816108750890837e-17,0.9999999999883935,0.999999999976787,-0.47015780468354074,3.3622524559892684,0.9999999999883935,-3.377954445330628,4.332303450857852,7.71025789618848,0.6367262560660661,-0.9194833877369012,-0.3218933069891007,0.34306784128900675,0.7849965864782521,0.6649611482781075,0.01972222222222222,0.999999999976787,0.06436679908569262,12,72.0,0.8199494949494951,0.02074706657216538,0.7833333333333333,0.85,0.025302859108585023,0.027777777777777766,0.0,3.46147290435832,0.3988326559574351,5.625,0.8509089033685304,0.2084300232375469,0.46727920997903855,0.050073323664918956,3.6246567760738357,0.4894375721793469,0.37242215943586104,0.10577969543679241,0.030176100461533878,0.002163266067936269,2.120641852926276e-05,RBBBB,118m (16).mat
9.86864910777917e-18,0.9999999999864587,0.9999999999729174,0.05585726457913043,5.34116466398374,0.9999999999864587,-3.9679033997437476,4.367908597614251,8.335811997357998,0.5829839154107662,-0.8289358383494657,-0.24555804302270778,0.26295760122169964,0.6879274387396805,0.5085156442444074,0.027777777777777776,0.9999999999729174,0.07221858171995807,12,72.0,0.8333333333333333,0.026905496165388298,0.7944444444444444,0.8833333333333333,0.032286595359722045,0.026498311150470723,0.0,4.11010498326208,0.17563523652745877,5.625,1.0312548692182206,0.203239008557399,0.6123438054427037,0.06591517219795195,3.6420009845450108,0.32310718948194717,0.46988825518213045,0.16549664817728812,0.03907817380705473,0.0024049925810700344,2.4740770509204044e-05,RBBBB,118m (17).mat
-1.578983857244667e-17,0.9999999999905079,0.9999999999810159,-1.4074206888230298,6.9142239774267065,0.9999999999905079,-5.880919814238254,3.732436474849654,9.613356289087909,0.6003769810815078,-0.8980151980210866,-0.14833920324377822,0.3318227509699413,0.6566539065462457,0.48016195421371954,0.014166666666666666,0.9999999999810159,0.05344619440679369,12,72.0,0.8633838383838385,0.01872096261904105,0.8333333333333334,0.9,0.02168324418997862,0.018941919023591464,0.0,2.9499528238290362,1.0518662312653464,5.625,0.6588458986454211,0.1647168677495858,0.36065437143551615,0.037758732291159315,3.5951828875538103,0.6130337938724209,0.27469615298036987,0.09007939398971548,0.020810843183312635,0.001365732133613886,1.4083840567097625e-05,RBBBB,118m (18).mat
-3.947459643111668e-18,0.9999999999858324,0.999999999971665,0.05163935080449058,4.900470740397005,0.9999999999858324,-3.505995972167705,4.36761669077266,7.873612662940365,0.5998746876238626,-0.8439052333952529,-0.26632689250467123,0.2982297333586289,0.7003104274582155,0.5645566258633001,0.019166666666666665,0.999999999971665,0.07020796328003912,12,72.0,0.8252525252525252,0.02604317794818936,0.7722222222222223,0.875,0.03155782880962695,0.0453552506930796,0.2,4.087777964377756,0.18181612510463604,5.625,1.016210702092266,0.21046287272934694,0.5937762310544157,0.06446648324884462,3.6399078496112556,0.3650884532151348,0.42998157049805213,0.16987634406849236,0.03260945116004336,0.002419382454084349,2.4798604192768637e-05,RBBBB,118m (19).mat
9.86864910777917e-18,0.9999999999850266,0.9999999999700534,-0.3417474213344085,4.309531568146845,0.9999999999850266,-3.458569369673642,4.047933269320188,7.50650263899383,0.6059253554163537,-0.7971969502998834,-0.2676427054863585,0.33943830694176824,0.7006978366525851,0.6070810124281267,0.028055555555555556,0.9999999999700534,0.07111084192710458,12,72.0,0.8217171717171716,0.01686823322440882,0.7916666666666666,0.8444444444444444,0.020528028115355854,0.01930505594877116,0.0,3.739854802754634,0.1928954386179334,5.625,0.9972993598986643,0.21980012717471262,0.571095007358416,0.060110326881989334,3.6181603145277097,0.35304552344077816,0.4525756927869157,0.14740073922144808,0.04448493396278045,0.002467736660761071,2.5373927316231187e-05,RBBBB,118m (2).mat
-6.908054375445418e-18,0.9999999999884291,0.9999999999768583,-0.5890649616948163,4.550210493122439,0.9999999999884291,-3.3787418653623464,3.8796954763315012,7.258437341693847,0.5909582259968651,-0.7198903801853344,-0.20565007378706987,0.30177065334579634,0.727239902810839,0.5074207271328662,0.019166666666666665,0.9999999999768583,0.06444603528671593,12,72.0,0.832070707070707,0.02755882486011776,0.7722222222222223,0.8611111111111112,0.03312077278145921,0.017480147469502508,0.0,3.6791774951863374,0.18620034556866888,5.625,0.9307572780149624,0.20815345441601216,0.5270162668556241,0.05687945338620195,3.6251605216628535,0.3345556582474795,0.5210888683340105,0.11336019824711235,0.028975872384453382,0.0019995874643060157,1.9815322637971e-05,RBBBB,118m (3).mat
-1.1842378929335004e-17,0.9999999999884779,0.9999999999769559,-0.8729963550615859,4.592317331669784,0.9999999999884779,-3.926414511014475,3.7251509197714876,7.651565430785963,0.5886882797495558,-0.6915513269122431,-0.16640381440929125,0.2949445327801202,0.6972929323996853,0.4613483471894115,0.01888888888888889,0.9999999999769559,0.06252134091505421,12,72.0,0.8391414141414141,0.012220761245012982,0.8166666666666667,0.8583333333333333,0.014563410915612491,0.019700692473885704,0.0,3.5064757300722413,0.168494326090822,5.625,0.8994238886181058,0.19842732226154486,0.5099510349330859,0.056958357666537916,3.6330179643696563,0.3958524715168698,0.400406160866562,0.1731760578390728,0.028516183289548556,0.0020286508895372125,2.047559840936025e-05,RBBBB,118m (4).mat
-6.908054375445418e-18,0.9999999999884291,0.9999999999768583,-0.5890649616948163,4.550210493122439,0.9999999999884291,-3.3787418653623464,3.8796954763315012,7.258437341693847,0.5909582259968651,-0.7198903801853344,-0.20565007378706987,0.30177065334579634,0.727239902810839,0.5074207271328662,0.019166666666666665,0.9999999999768583,0.06444603528671593,12,72.0,0.832070707070707,0.02755882486011776,0.7722222222222223,0.8611111111111112,0.03312077278145921,0.017480147469502508,0.0,3.6791774951863374,0.18620034556866888,5.625,0.9307572780149624,0.20815345441601216,0.5270162668556241,0.05687945338620195,3.6251605216628535,0.3345556582474795,0.5210888683340105,0.11336019824711235,0.028975872384453382,0.0019995874643060157,1.9815322637971e-05,RBBBB,118m (5).mat
3.947459643111668e-18,0.99999999998713,0.99999999997426,-0.8325641845709554,4.561948478309383,0.99999999998713,-3.847132561266998,3.769915832268789,7.6170483935357876,0.5896708957236704,-0.7184636208532559,-0.1781635843008766,0.3039974385142,0.6852421850167218,0.4821610228150766,0.017777777777777778,0.99999999997426,0.063097023337316,12,72.0,0.8318181818181817,0.009648976350779204,0.8138888888888889,0.8444444444444444,0.011599862265680086,0.01588442050610645,0.0,3.4980895879840648,0.195034760828178,5.625,0.8812230981824256,0.1949840845646907,0.4971584967123348,0.05546517266107836,3.6247119998925195,0.39597320368316624,0.3770459390316656,0.1931010522206356,0.031762889870074695,0.002095569073377044,2.1346121080516468e-05,RBBBB,118m (6).mat
-7.894919286223335e-18,0.9999999999873991,0.9999999999747982,-0.7074163666858697,4.371152410854968,0.9999999999873991,-3.3843613270665576,3.731188964445485,7.115550291512043,0.5997517797042496,-0.7072070978917636,-0.24239465215534892,0.3260749756799619,0.699583936092274,0.5684696278353109,0.018333333333333333,0.9999999999747982,0.0632267427199177,12,72.0,0.8335858585858585,0.012504463033474696,0.8166666666666667,0.8527777777777777,0.015000809922192243,0.018130187635645254,0.0,3.555039157093356,0.14725970218020432,5.625,0.9093394014227073,0.20363291457408877,0.5115399849081655,0.054652078803112285,3.601022851437918,0.381708207187083,0.4089689282861912,0.17422910319691368,0.033019938861412655,0.002053600392585195,2.0222075814079777e-05,RBBBB,118m (7).mat
1.3816108750890837e-17,0.9999999999872586,0.9999999999745174,-0.9561972987841848,4.657793229649885,0.9999999999872586,-3.535163409068512,3.893470328296431,7.428633737364943,0.5792748689604099,-0.6138537039529451,-0.1678357542449723,0.3009464101246908,0.6731221376716493,0.46878216436966313,0.021388888888888888,0.9999999999745174,0.06267789710060492,12,72.0,0.8045454545454546,0.013826766486872548,0.7805555555555556,0.825,0.017185811431249053,0.019622203347165964,0.0,3.3804707867972703,0.19387259839876134,5.625,0.98606313126322,0.22135278230274363,0.557208936862009,0.05933116839474858,3.6061973234436713,0.3418368106824765,0.4368426967304794,0.1827446794975945,0.036325177327900464,0.002228285231704157,2.235052984472418e-05,RBBBB,118m (8).mat
-1.973729821555834e-17,0.9999999999801471,0.9999999999602942,-0.3693451403013648,6.3515542486301335,0.9999999999801471,-4.49863791361315,4.875628441525532,9.374266355138683,0.6587823390599286,-1.0783528582630912,-0.45589692380613056,0.4182507854799487,0.6506425363479984,0.8741477092860792,0.02388888888888889,0.9999999999602942,0.0959899834749872,12,72.0,0.811111111111111,0.013348055844851022,0.7861111111111111,0.8305555555555556,0.01645650718569187,0.012999287729775101,0.0,4.276587871845277,0.31776628036787563,11.25,1.0150117547360598,0.1910258479337575,0.4528016009150619,0.24916592140754365,4.102909143629442,0.2868205411911158,0.29913707759315444,0.3172390943091662,0.09397740036461856,0.0027998195876907696,2.6066954253962623e-05,RBBBB,118m (9).mat
2.565848768022584e-17,0.999999999985384,0.999999999970768,4.362519249054818,20.919112044499823,0.999999999985384,-1.0390575927074206,6.490226794801521,7.529284387508942,0.4372401310113399,-0.6595259369886933,-0.37303879398724815,0.010837567442170216,0.1783247074139332,0.3838763614294184,0.03916666666666667,0.999999999970768,0.05016175138952094,8,48.0,1.2158730158730158,0.030527197725264913,1.1722222222222223,1.2638888888888888,0.02510722526253178,0.04431404481539948,0.5,6.049839809274392,0.4039183947141886,1.40625,1.0062680614884727,0.40977041604958986,0.38929454349410214,0.05455214334025992,3.5369737312825436,0.5958674333744308,0.22963212763305102,0.15439354345378262,0.019533931731359096,0.0005682891834680499,4.674623908273579e-06,RBBBB,124m (0).mat
1.2335811384723961e-17,0.9999999999877432,0.9999999999754865,2.0918584026175346,10.984236835105794,0.9999999999877432,-5.244881803585287,5.5811030284713965,10.825984832056683,0.5250257362432674,-0.7041892809648006,-0.36363826412169264,0.04729675202736065,0.6905028273444225,0.4109350161490533,0.022222222222222223,0.9999999999754865,0.04451400342880465,8,48.0,1.1956349206349206,0.03255903412185083,1.1444444444444444,1.2444444444444445,0.02723158510402937,0.058685006953669704,0.8333333333333334,5.017726010110631,0.45122836012082135,1.40625,0.7253825755629733,0.32150260899968275,0.2600938483552254,0.04116751431753809,3.531235591030402,0.6702757143575848,0.20263239682233014,0.10855793338469884,0.018111990116168788,0.00041864252452329583,3.3227946939686502e-06,RBBBB,124m (1).mat
6.908054375445418e-18,0.9999999999853214,0.9999999999706428,4.436985975647063,21.53291674593548,0.9999999999853214,-1.065517245278623,6.411671155033049,7.477188400311672,0.4292944961549418,-0.6537779817347618,-0.3743369777853489,0.005503223272638151,0.15954553356171486,0.37984020105798705,0.03805555555555556,0.9999999999706428,0.05051744497589545,8,48.0,1.249206349206349,0.018939840577431304,1.211111111111111,1.2722222222222221,0.015161498798259185,0.034601642483434794,0.3333333333333333,6.170583320969156,0.19814509411904577,1.40625,0.9726621999031342,0.38890308155313247,0.3742599257342496,0.06277795166207062,3.5890488488283805,0.5847976606538969,0.2838138837439753,0.11409353914578656,0.016685443566088854,0.0006045320017294294,4.940888522707417e-06,RBBBB,124m (10).mat
-1.578983857244667e-17,0.9999999999843263,0.9999999999686527,4.297103988115432,20.3293440622343,0.9999999999843263,-1.1157313228801051,6.511356929700446,7.627088252580551,0.4399010270955491,-0.6655550485474574,-0.35175711764369005,0.015399869708423738,0.17810298977335845,0.3671569873521138,0.03638888888888889,0.9999999999686527,0.05174162270675601,8,48.0,1.2325396825396826,0.039860711123325974,1.1666666666666667,1.288888888888889,0.032340306487213095,0.05155753109241832,0.5,6.013856002879289,0.2952190651911677,1.40625,1.0026793072141293,0.4086571922317207,0.3854055609699885,0.05586013787588342,3.5480220760139436,0.5369629327150944,0.3235767003664702,0.11748148784188316,0.021372651935161868,0.0006013278711149182,4.89927027536485e-06,RBBBB,124m (11).mat
-1.1842378929335004e-17,0.9999999999852768,0.9999999999705537,4.325462208918769,20.38095608267258,0.9999999999852768,-1.1426161771384302,6.596122639560446,7.738738816698876,0.4497305531467835,-0.6166155744359139,-0.3615342292844797,0.0036597107853481303,0.19204224917471455,0.36519394006982786,0.03361111111111111,0.9999999999705537,0.05333666837467049,9,54.0,1.2145833333333331,0.025825491641370907,1.163888888888889,1.2444444444444445,0.021262840441941464,0.047035110155091445,0.2857142857142857,5.9497732286092235,0.48502694833513227,1.40625,0.8582266808538941,0.3372382607619675,0.32972008018346,0.06335840414888594,3.625991427489207,0.545949601209219,0.2530798229543396,0.17654710601913837,0.023823663186425377,0.0005950869299838728,4.719700893537012e-06,RBBBB,124m (12).mat
-3.947459643111668e-18,0.9999999999852297,0.9999999999704594,4.624096669981047,23.04878263761436,0.9999999999852297,-0.9868354144488616,6.580397013291973,7.567232427740835,0.4266289954661136,-0.5891055462370701,-0.351237168081449,-0.012319252895624353,0.16641685142355314,0.33891791518582465,0.034166666666666665,0.9999999999704594,0.05059528375923072,8,48.0,1.206746031746032,0.02737232438250877,1.1611111111111112,1.2472222222222222,0.022682754813140922,0.043538214612995334,0.3333333333333333,6.272854483106848,0.3574996379265708,1.40625,0.9749265791258452,0.3827439867997924,0.3796719927628048,0.06499077400899975,3.598716056681911,0.5933471608951056,0.21862387107644576,0.173699521566451,0.01378013777294987,0.0005449321277051219,4.376561342275648e-06,RBBBB,124m (13).mat
-2.960594732333751e-17,0.9999999999855521,0.9999999999711043,4.627074550442438,23.161906871014278,0.9999999999855521,-0.9572018301732289,6.8392809719295915,7.796482802102821,0.4219309074266112,-0.6064675388233559,-0.34828834085775806,-0.0060714662833260494,0.13816947992139528,0.342216874574432,0.0325,0.9999999999711043,0.04917016334303277,8,48.0,1.198809523809524,0.02605182152725373,1.163888888888889,1.2361111111111112,0.021731410193285745,0.039900854493361594,0.16666666666666666,6.299098808478397,0.3835084046494736,1.40625,0.9936598267189896,0.38897172312186346,0.39027742562787765,0.06386469443218419,3.599094230831135,0.49599733820017033,0.28802975095300115,0.19337429737913428,0.02206134462942186,0.0005329878910205357,4.2809472515799435e-06,RBBBB,124m (14).mat
0.0,0.9999999999892561,0.9999999999785123,0.8780918392413632,11.365988932127658,0.9999999999892561,-4.848026170666353,5.145920407809614,9.993946578475967,0.45737079563170563,-0.4943578969863047,-0.21713043233977825,0.1154299441755209,0.4905756633291948,0.3325603765152991,0.026944444444444444,0.9999999999785123,0.040904049162185804,8,48.0,1.2015873015873015,0.020619652471058052,1.163888888888889,1.2222222222222223,0.01716034484274182,0.038322596456620076,0.0,4.8267720407659365,0.26460483692088466,1.40625,0.5960760263236611,0.2504631964205613,0.22164473580851923,0.03852022926633586,3.560974654348248,0.7439319044941467,0.1499336583214183,0.0933038086389689,0.012420995453761886,0.00040650824175461115,3.1248499494177405e-06,RBBBB,124m (2).mat
5.921189464667502e-18,0.9999999999852202,0.9999999999704404,4.515265654772905,22.586547722866325,0.9999999999852202,-1.0309039768058341,6.821877271625384,7.852781248431218,0.43330925930138486,-0.6534606634660585,-0.37606776440444223,0.023228576512441347,0.1887140693073735,0.3992963409168836,0.041944444444444444,0.9999999999704404,0.052150041902152035,8,48.0,1.196031746031746,0.010896452553766612,1.1777777777777778,1.2083333333333333,0.009110504450077436,0.016934575146455386,0.0,6.248624800541038,0.42345260526008927,1.40625,0.9529698610638467,0.36420100402812494,0.3721153019141698,0.07256107090876573,3.6420862520895443,0.5055087023231863,0.2712455339629471,0.19528942117003273,0.02725494103759527,0.0006958314345108073,5.570071727547896e-06,RBBBB,124m (3).mat
-1.1842378929335004e-17,0.9999999999852723,0.9999999999705448,4.43193966221625,21.695237781749608,0.9999999999852723,-1.0654273815618642,6.48341955383946,7.548846935401325,0.43057305874158924,-0.6698927547675432,-0.37298320482138825,0.01839963830176162,0.15951039337909084,0.39138284312314986,0.043055555555555555,0.9999999999705448,0.050711337574559506,8,48.0,1.2392857142857143,0.0209680076406713,1.2,1.261111111111111,0.016919429782854534,0.03704282362203248,0.3333333333333333,6.186209950496174,0.2245750526826925,1.40625,0.9876146410101413,0.3931027358775063,0.38031827539079555,0.06438240466375762,3.5858241949485357,0.5019158535973406,0.29797947873947983,0.18169593716404403,0.017798446139298242,0.0006054508584416804,4.8335013953496125e-06,RBBBB,124m (4).mat
-9.86864910777917e-18,0.9999999999848658,0.9999999999697315,4.334714862171993,20.76967157021511,0.9999999999848658,-1.064026463746139,6.610418047035816,7.674444510781955,0.4332325424798326,-0.6759183570872314,-0.3699461441457651,0.01890634839091121,0.17154360739455052,0.3888524925366763,0.04638888888888889,0.9999999999697315,0.051543360349173874,8,48.0,1.2428571428571427,0.01917943805332472,1.2,1.2638888888888888,0.015431731754626544,0.03061862178478974,0.16666666666666666,6.069184443755795,0.3068679986080434,1.40625,0.9951138716760488,0.4005891003511751,0.3848315163724561,0.058846533778236954,3.573950597644,0.5723849827129559,0.3030020950459092,0.10201424143183048,0.02195579859404604,0.0006375861588190575,5.296056439181866e-06,RBBBB,124m (5).mat
-6.908054375445418e-18,0.999999999985112,0.9999999999702242,4.4225254376255965,21.634712323397736,0.999999999985112,-1.116652391068015,6.5408742872083945,7.65752667827641,0.42965568295860007,-0.6555658713104908,-0.3696935329389379,0.016469887048469373,0.16581728932294873,0.3861634199874073,0.04083333333333333,0.9999999999702242,0.050276523092558284,8,48.0,1.2555555555555558,0.03706017795590648,1.2083333333333333,1.3194444444444444,0.02951695587057572,0.05716421007571299,0.3333333333333333,6.110973607639451,0.4820847757563575,1.40625,0.9444934170248463,0.37761019865859563,0.3655157042677794,0.05982969215873471,3.5978531230672988,0.57135337859946,0.25533209877250745,0.15121211552761696,0.02144703743733524,0.0006499897686803011,5.379894399706611e-06,RBBBB,124m (6).mat
3.947459643111668e-18,0.9999999999856675,0.999999999971335,4.212992270892285,19.094834680541602,0.9999999999856675,-1.082682367421154,6.461126053620642,7.543808421041796,0.4508450872425082,-0.6304228587793971,-0.368610606157477,-0.010754806728435169,0.18608674649509746,0.35785579942904183,0.028333333333333332,0.999999999971335,0.05253323943954774,9,54.0,1.2059027777777778,0.03850097952497723,1.1472222222222221,1.2694444444444444,0.031927100760145224,0.060767431869498206,0.5714285714285714,5.7942816298028,0.39382402324375765,1.40625,0.8764898008557616,0.35221183027736885,0.3381641663471191,0.05454222138221105,3.583855799356129,0.5183077128545802,0.34422607432596264,0.11611816969336315,0.02071760364136027,0.0006253385553905587,5.10092934280184e-06,RBBBB,124m (7).mat
4.440892098500626e-18,0.9999999999851249,0.9999999999702499,4.419740853798768,21.400663332340297,0.9999999999851249,-1.084100833064316,6.579966889243971,7.664067722308287,0.4375022259717225,-0.6296919087742737,-0.3764374630868529,0.007219076834344512,0.20837591250768794,0.3836565399211974,0.03777777777777778,0.9999999999702499,0.05083292069313136,8,48.0,1.2134920634920634,0.015813380035850245,1.1916666666666667,1.2416666666666667,0.013031300738228823,0.02791632116978028,0.16666666666666666,6.142106863541581,0.3027588595631082,1.40625,0.9608640285161567,0.3867452535465865,0.3741705992855854,0.05618805410175296,3.5624019747057667,0.5745302673873187,0.27725371000114907,0.12713949459580182,0.020400616990241153,0.0006702738989313696,5.6371265576266175e-06,RBBBB,124m (8).mat
1.282924384011292e-17,0.9999999999854333,0.9999999999708666,4.421339436575589,21.409037703987625,0.9999999999854333,-1.0364000683611352,6.368518448413434,7.404918516774569,0.42956873915086513,-0.6549691303124159,-0.3834234202130512,0.0023959757109907817,0.1643860690238652,0.38581939592404196,0.03805555555555556,0.9999999999708666,0.0502185672601523,8,48.0,1.2095238095238094,0.0242096016550312,1.175,1.238888888888889,0.020015812375406422,0.032394177193585026,0.16666666666666666,6.151355098006148,0.2200571278480996,1.40625,0.9640311892007656,0.3867246121268718,0.3742223078545958,0.05831852944926571,3.5737518805189232,0.6003680861234798,0.22828938632768822,0.1532784272066311,0.017420450563462624,0.0006383176451168496,5.33213362108296e-06,RBBBB,124m (9).mat
3.848773152033876e-17,0.9999999999838074,0.9999999999676149,0.9075390512356724,3.529324042051347,0.9999999999838074,-2.4022945399694193,4.863238697217736,7.265533237187155,0.6896616756630813,-1.1343864961691885,-0.47843316324936436,0.44076661430512576,1.0778295482807103,0.9191997775544901,0.026111111111111113,0.9999999999676149,0.07788237485811768,15,90.0,0.6617063492063492,0.055487841386182624,0.5722222222222222,0.7555555555555555,0.08385568820501582,0.05216695566216156,0.3076923076923077,4.177115490967986,0.2767778518240141,2.8125,0.8862258420194697,0.24920668937777263,0.3938612578326407,0.13777457869238616,3.929760608796962,0.404300021066759,0.34367461166067537,0.18206425410970567,0.06662817406586292,0.00330102776137237,3.1911335624458706e-05,RBBBB,212m (0).mat
1.1842378929335004e-17,0.9999999999834489,0.9999999999668979,1.3374407474747572,5.051217614160377,0.9999999999834489,-2.2170896511836933,4.80466878071897,7.021758431902663,0.6730423995779152,-1.0451099533043893,-0.43468473878613895,0.40268293963996876,1.0695279925511674,0.8373676784261077,0.026111111111111113,0.9999999999668979,0.08172765264962711,15,90.0,0.6712301587301589,0.026112950434565695,0.6305555555555555,0.7305555555555555,0.03890312444402581,0.030555555555555555,0.07692307692307693,4.5491134137190095,0.17915025687007677,7.03125,1.0073242140801841,0.2316262222854285,0.4665615398531018,0.18692135651846206,4.003059062942813,0.33597777074265706,0.3706981363538207,0.1993891025107006,0.0894269112878415,0.004464269561604454,4.380954337549541e-05,RBBBB,212m (1).mat
9.86864910777917e-19,0.9999999999833448,0.9999999999666895,1.3525076099889337,4.412118472855517,0.9999999999833448,-2.0288968400112934,4.6846073906361845,6.713504230647478,0.7002781638957593,-1.0426439694059957,-0.4634279282481757,0.4232757500399563,1.2065011095015226,0.886703678288132,0.024722222222222222,0.9999999999666895,0.08151254207561397,15,90.0,0.675,0.031497039417435604,0.625,0.7472222222222222,0.04666228054929381,0.02881606534612748,0.07692307692307693,4.466784705719254,0.16889909827531238,2.8125,0.9491834000010853,0.2871140958524958,0.3892261626552557,0.160804045222357,3.988207397384861,0.3785193626357571,0.3323189960163885,0.21242735388993858,0.07236097502627842,0.004330799336778298,4.251309485892734e-05,RBBBB,212m (10).mat
-1.8750433304780422e-17,0.9999999999835162,0.9999999999670324,1.327971479757808,4.225695347668029,0.9999999999835162,-2.0693345078213294,4.774422574928138,6.843757082749468,0.7067118363852921,-1.037791854799765,-0.47324130335137127,0.42222863566817903,1.202596116835745,0.8954699390195503,0.024722222222222222,0.9999999999670324,0.08337397258910777,15,90.0,0.6644841269841271,0.032003543871855396,0.6,0.7055555555555556,0.04816299219809188,0.021252897685233266,0.0,4.426352447538348,0.21492625237139232,2.8125,0.9817947708901511,0.2853707473736754,0.4070555259654807,0.1667651311289732,3.9921439209158134,0.37299252688655526,0.35490913799137896,0.18478924051437529,0.0829478255515975,0.004318427434110459,4.284162198227982e-05,RBBBB,212m (11).mat
-1.973729821555834e-17,0.9999999999846215,0.9999999999692432,0.9270324377297948,4.1657589986719685,0.9999999999846215,-3.8190163643827564,4.6180710885751965,8.437087452957954,0.6895488647224278,-1.1126458679213402,-0.5063496742369444,0.41771826283860997,1.1724992567893453,0.9240679370755545,0.03222222222222222,0.9999999999692432,0.08603604779400582,14,84.0,0.6820512820512821,0.020313759921196804,0.6472222222222223,0.7138888888888889,0.029783332171621255,0.02235205130476539,0.08333333333333333,4.300188665405849,0.21394128541755875,7.03125,0.9184986232346799,0.23708419603575076,0.39574161399889873,0.1671316776696642,4.052145148653187,0.48140446637632867,0.25670866630255484,0.19350050320741938,0.06297865621147478,0.00535996581805069,4.774208417152401e-05,RBBBB,212m (12).mat
1.973729821555834e-18,0.9999999999829086,0.9999999999658171,1.8483605242687609,6.661064447226883,0.9999999999829086,-2.276018670370626,5.571159206353596,7.847177876724222,0.6740455083877358,-0.7014693845951915,-0.49149095575083057,0.34730176390250667,1.1744462838212992,0.8387927196533372,0.023333333333333334,0.9999999999658171,0.07834840035345171,14,84.0,0.7047008547008546,0.03173490577083428,0.65,0.7555555555555555,0.04503315912575781,0.02684786049518142,0.08333333333333333,4.836349724136819,0.39144821250936557,2.8125,0.9615771083906832,0.2736641151064353,0.39822636959109714,0.1691179399412755,4.024649344596213,0.4014934665845944,0.2986339479405106,0.2226311899863214,0.07314128758570035,0.0040601148833189415,3.9993019553882054e-05,RBBBB,212m (13).mat
1.973729821555834e-18,0.9999999999837127,0.9999999999674254,1.3278620846140232,4.055326193461971,0.9999999999837127,-2.202470462908198,4.788858531280217,6.991328994188415,0.710428866394736,-1.0222463039687133,-0.5180636748578875,0.4241899667449923,1.2357159352107159,0.9422536416028798,0.024166666666666666,0.9999999999674254,0.07986199052116226,15,90.0,0.69265873015873,0.023231237874945833,0.6527777777777778,0.7333333333333333,0.03353922621618142,0.023882925115252904,0.0,4.39897081624273,0.1486426160815276,2.8125,0.9978907930757813,0.27548262047010763,0.4298327678023304,0.17281932374908884,4.003856103639974,0.38609908259749387,0.36554275406386016,0.1783699081567126,0.06609674501366358,0.0038540793965994254,3.743077167010431e-05,RBBBB,212m (14).mat
7.894919286223335e-18,0.9999999999837051,0.9999999999674103,1.3367744884680386,4.291632931209844,0.9999999999837051,-1.9923589041222711,4.747884936068376,6.740243840190647,0.7060571256927684,-0.9137952967320929,-0.46513424652172325,0.40569330456265085,1.2421582339728268,0.8708275510843742,0.02388888888888889,0.9999999999674103,0.07939145339268565,14,84.0,0.6807692307692309,0.02454383297317519,0.6416666666666667,0.7138888888888889,0.03605308793023585,0.024295632895188768,0.08333333333333333,4.5222437442705745,0.1524524550965434,2.8125,1.0611328531984787,0.27884390216383753,0.46038085381238036,0.1918825089472571,4.033437051388169,0.4393889990164065,0.24510457020910478,0.2404242449110246,0.07088186936707426,0.004160282570207633,4.003392618218342e-05,RBBBB,212m (15).mat
-1.578983857244667e-17,0.9999999999845001,0.9999999999690002,1.2559484190066141,3.7510709570741705,0.9999999999845001,-2.160612749131928,4.579855131130427,6.740467880262354,0.7073510786910876,-1.072457894023281,-0.46522943875101874,0.4225591121287265,1.222883955748384,0.8877885508797452,0.025555555555555557,0.9999999999690002,0.08276894997766059,16,96.0,0.6425925925925926,0.03448126267981661,0.5944444444444444,0.7055555555555556,0.05365960178133944,0.027216552697590882,0.07142857142857142,4.278475833771316,0.1588956870858362,2.8125,0.9666719574274629,0.26856890393855215,0.40607904607012824,0.16628268280441663,4.002447024014886,0.40225129798893094,0.3072125117598632,0.19559328973699017,0.08928472791760789,0.005612967981531766,4.5204615075856515e-05,RBBBB,212m (16).mat
1.4802973661668754e-17,0.9999999999839531,0.9999999999679061,1.3613594261844315,4.270767635791973,0.9999999999839531,-1.961440089699702,4.730149308271364,6.691589397971066,0.7029797895780567,-1.0004320957366244,-0.4690560876263163,0.38163902849799886,1.2463644626579857,0.8506951161243151,0.025,0.9999999999679061,0.0813359330326565,15,90.0,0.6595238095238096,0.032795164303800604,0.6111111111111112,0.7194444444444444,0.04972551980762287,0.020412414523193152,0.07692307692307693,4.452500600915011,0.18733867710151542,2.8125,1.0081825410302059,0.2938517796949719,0.4167773291182634,0.17633534316265545,4.016091167112325,0.3846714493537859,0.3584311799982957,0.16585941737136406,0.08657736981397553,0.00441759840942767,4.298505315074644e-05,RBBBB,212m (17).mat
2.960594732333751e-18,0.9999999999842475,0.9999999999684951,1.3245704967656464,4.20977620427294,0.9999999999842475,-2.2871737654809556,4.796196412517816,7.083370177998772,0.7025166146463528,-1.141544380192463,-0.439279107055561,0.4069240032605621,1.2269503962288573,0.8462031103161232,0.024166666666666666,0.9999999999684951,0.08031619751395334,15,90.0,0.6797619047619048,0.024452302385720465,0.6444444444444445,0.7222222222222222,0.03597186335164418,0.0286508105621629,0.15384615384615385,4.4122395345727075,0.24236248800579566,2.8125,0.9609291361163487,0.27777382431303815,0.4029441878670219,0.16588341932727396,4.0060948469184465,0.39150128256676675,0.3379773070355101,0.20434410017377447,0.062086276673442985,0.004051961457491768,3.9072093013745775e-05,RBBBB,212m (18).mat
6.908054375445418e-18,0.9999999999857792,0.9999999999715584,0.8251250828614249,3.587948493012301,0.9999999999857792,-4.111828894291687,4.8110918928129625,8.92292078710465,0.696466211703792,-1.1747305437019389,-0.4414257709360784,0.4044704567093084,1.1410747474711203,0.8458962276453867,0.02277777777777778,0.9999999999715584,0.07397841744486769,15,90.0,0.6652777777777779,0.010590481067525805,0.6444444444444445,0.6861111111111111,0.015918885923083468,0.013760086518864898,0.0,3.981064652039643,0.3434452573484912,2.8125,0.794203175920604,0.2697331347294032,0.30502481144190824,0.12650185033737055,3.966588013780614,0.5040567510491032,0.24753295502426648,0.16977031933823813,0.07505306590350581,0.003553201069464461,3.370761542160918e-05,RBBBB,212m (19).mat
1.578983857244667e-17,0.9999999999837882,0.9999999999675765,1.0943547360998116,4.233133945945006,0.9999999999837882,-2.439294733070557,4.730856252766414,7.170150985836971,0.682880825883343,-1.1336647786008203,-0.420008951933481,0.4521903223215373,1.1107685286622182,0.8721992742550182,0.02722222222222222,0.9999999999675765,0.08156556893870105,15,90.0,0.65515873015873,0.02078319742091031,0.6166666666666667,0.6916666666666667,0.03172238487023233,0.02430173962719299,0.0,4.405011151648692,0.1987540433722211,2.8125,0.9589413166275171,0.23657151835056406,0.4368546012206497,0.17273949170408856,4.015582538977638,0.3656162609214323,0.30502074865947093,0.271955742630142,0.05304395067483796,0.004321484472320758,4.1812641795878567e-05,RBBBB,212m (2).mat
-2.7632217501781673e-17,0.9999999999837997,0.9999999999675995,1.4737339687548496,4.711253909571444,0.9999999999837997,-1.9366255824610688,4.807517964691009,6.744143547152078,0.7016072290858799,-0.9818899345084647,-0.4712232092949393,0.3920882795826763,1.1949192339258756,0.8633114888776157,0.025833333333333333,0.9999999999675995,0.08197046898781489,15,90.0,0.6575396825396825,0.02551127485784989,0.6166666666666667,0.7111111111111111,0.038798076369348566,0.025633011568118216,0.0,4.54385343912121,0.16699319884828132,2.8125,1.0215822257261995,0.2766278835549395,0.4305164397536473,0.18225238457893586,4.024557182414431,0.3742735269336804,0.32281341941427594,0.2051717986312267,0.09321103211212,0.004486647668453636,4.357524024304873e-05,RBBBB,212m (20).mat
-7.894919286223335e-18,0.9999999999841397,0.9999999999682794,1.217865962342497,3.8279003245762313,0.9999999999841397,-2.513049541728843,4.6661402495390565,7.1791897912679,0.7095641757406173,-1.152591705474308,-0.46187306510236115,0.43258744049566633,1.2243619363340785,0.8944605055980275,0.025555555555555557,0.9999999999682794,0.08076628532589857,15,90.0,0.6523809523809524,0.018391476549613435,0.6166666666666667,0.6722222222222223,0.028191314375902523,0.020016019225635878,0.0,4.349844702791826,0.22281971126294733,2.8125,0.9458856423894325,0.2693096459771486,0.39635651617946743,0.16293520929243557,4.020599944654877,0.39046495623780286,0.3623029297234694,0.18377259268975976,0.059286745470429704,0.004132484756377803,4.029112216027171e-05,RBBBB,212m (21).mat
-7.894919286223335e-18,0.9999999999858358,0.9999999999716717,0.5395631647629798,4.023665964855514,0.9999999999858358,-4.254972325547923,4.214587235491925,8.469559561039848,0.6931479908291269,-1.213114623007278,-0.4155570106259733,0.44047290504114345,1.1208661556433346,0.8560299156671167,0.023333333333333334,0.9999999999716717,0.07366147230536171,16,96.0,0.6575925925925927,0.021383877880219927,0.6222222222222222,0.6916666666666667,0.03251842871799157,0.01940188085211449,0.0,3.7508880917519662,1.1030336852802256,2.8125,0.787841082720519,0.20943291130392427,0.3382502057653356,0.1392715110189611,4.025636001331241,0.6194829798359521,0.19806530766014083,0.12839582854052936,0.05044570864331653,0.0035812918192150794,2.888350084586972e-05,RBBBB,212m (22).mat
-8.881784197001253e-18,0.9999999999840545,0.9999999999681091,1.4080077311373123,4.639955730750292,0.9999999999840545,-2.0461125168222414,4.720231574356217,6.766344091178459,0.6982549389630786,-0.9495675735283697,-0.4759105119506464,0.39993958161256093,1.1845686852300792,0.8758500935632073,0.025833333333333333,0.9999999999681091,0.08167329906755957,15,90.0,0.6567460317460317,0.029838525709694374,0.625,0.7222222222222222,0.045433888020505395,0.021640352199186662,0.0,4.515674634602099,0.1351238725490815,2.8125,1.0464233046148341,0.2675134781538637,0.456700874930544,0.18772169003990902,4.01827297400058,0.38553187286329016,0.2995632497068653,0.24577151887706902,0.06479530494092454,0.004296050688678865,4.200292317184438e-05,RBBBB,212m (23).mat
-2.3684757858670008e-17,0.9999999999836113,0.9999999999672227,1.2156691616439945,3.819313042146244,0.9999999999836113,-2.045303535215989,4.610906261783252,6.65620979699924,0.7082241464897551,-1.0288811198527537,-0.4798118789333544,0.43012010571010184,1.233544324444599,0.9099319846434563,0.025,0.9999999999672227,0.08158340725056556,15,90.0,0.658531746031746,0.020746227577074557,0.625,0.6833333333333333,0.0315037622264769,0.015845137300395225,0.0,4.3510932859664955,0.15143628997872005,2.8125,1.0509697062657035,0.28798567165212346,0.4471199040667965,0.18580369231246854,4.0236028252044225,0.39093611391221195,0.3384002706036956,0.17465156443146787,0.09155834142565546,0.004411293957647907,4.241566932095784e-05,RBBBB,212m (24).mat
-1.1348946473946045e-17,0.9999999999839394,0.9999999999678789,1.368907999190316,4.342928082228059,0.9999999999839394,-1.9206450986894632,4.614952340974843,6.535597439664306,0.6971278481798423,-1.0379846210760484,-0.4615320925078549,0.3892736616009956,1.233798167555539,0.8508057541088505,0.024444444444444446,0.9999999999678789,0.08020407569510518,15,90.0,0.681547619047619,0.019742811264453562,0.6361111111111111,0.7222222222222222,0.02896761823197938,0.020614952299474076,0.0,4.455874752525157,0.10507723264208052,2.8125,0.9480674341903255,0.2832922998450741,0.389959831114039,0.15801068610465513,3.9496720005535124,0.3853938381433146,0.3237577383644924,0.20353531653693166,0.08316185112490665,0.004111792082477131,3.946374787730671e-05,RBBBB,212m (25).mat
-1.7763568394002505e-17,0.9999999999840905,0.9999999999681811,1.3562132709227612,4.478708153053277,0.9999999999840905,-2.29210712484382,4.67569017172072,6.967797296564539,0.6950824972102448,-1.095317436220292,-0.44676632093800284,0.3998621367701373,1.2038414181012038,0.8466284577081402,0.024444444444444446,0.9999999999681811,0.08141745990088234,15,90.0,0.6742063492063491,0.01968189963117022,0.6416666666666667,0.7083333333333334,0.02919269393583483,0.01922958210960812,0.0,4.488715902086971,0.1656059943374629,2.8125,0.9596082873873842,0.27799227968276774,0.4027765599813906,0.16568768723147476,4.0068544427239585,0.3817546564800431,0.30058951302984166,0.2401897558880021,0.07303177413158508,0.004391511345073471,4.278912545424601e-05,RBBBB,212m (26).mat
2.516505522483688e-17,0.9999999999831148,0.9999999999662297,1.2500248910762746,4.762260452025886,0.9999999999831148,-2.2449055975847068,4.781671671305673,7.02657726889038,0.6771708382052116,-0.9883610637211486,-0.3997883863547358,0.422151888709299,1.1202881454753368,0.8219402750640348,0.024722222222222222,0.9999999999662297,0.08179315586919175,15,90.0,0.6809523809523811,0.02234236231787182,0.65,0.7222222222222222,0.03281046209694325,0.02466537688165641,0.0,4.498249689069841,0.2165073984587519,2.8125,0.9319765098066957,0.25018898297181835,0.4162695198623922,0.15526065878202058,3.9417460104042976,0.3279714896933686,0.3609780771593723,0.232144187250877,0.07453847883355742,0.004325723114716748,4.2043948107540486e-05,RBBBB,212m (3).mat
-9.86864910777917e-18,0.99999999998329,0.9999999999665801,1.235536634694969,4.4780932406829494,0.99999999998329,-2.213507954256158,4.7638003801373054,6.977308334393463,0.6820281365615551,-1.2987171305397733,-0.42993537640404217,0.43093939210637533,1.1222189147192387,0.8608747685104174,0.025555555555555557,0.9999999999665801,0.08229210506643717,15,90.0,0.65,0.016467058667655902,0.6222222222222222,0.6861111111111111,0.025333936372803026,0.01645160389309416,0.0,4.466136257586385,0.1589394843662026,8.4375,1.0119757027478995,0.2315258169781417,0.4713636025642951,0.18408963145586552,4.011872572002588,0.3692336603447373,0.33011127368240056,0.20101014742632115,0.09523779999468882,0.0043643555729615344,4.276297889050033e-05,RBBBB,212m (4).mat
-3.157967714489334e-17,0.9999999999839971,0.9999999999679943,1.4621473114635817,10.628965551870525,0.9999999999839971,-4.693129582110911,5.997584407252207,10.690713989363118,0.5693101874676276,-0.6015423045293,-0.3480355958874496,0.2484387324488035,0.6837765437236898,0.596474328336253,0.026944444444444444,0.9999999999679943,0.07446357027552457,14,84.0,0.6702991452991452,0.03900143384062517,0.6,0.7333333333333333,0.05818511638566129,0.033640559489972126,0.25,5.004662017982158,0.46052674789508863,8.4375,0.8666332415594353,0.16923928700475205,0.37818872048486574,0.20406312277338864,4.226705227843571,0.4359921798199055,0.2680337285779739,0.22200375680454706,0.06843960168354803,0.0054827514077609345,4.7981706264438677e-05,RBBBB,212m (5).mat
-1.0855514018557087e-17,0.9999999999841788,0.9999999999683576,1.010185470429133,3.7181863307388934,0.9999999999841788,-2.662223000452692,5.006485190462981,7.668708190915673,0.6931935346964052,-1.126372021066836,-0.44745078970253616,0.43471443743249993,1.1132877957332095,0.8821652271350361,0.025555555555555557,0.9999999999683576,0.0796812705072788,15,90.0,0.6440476190476191,0.04025186827930855,0.5722222222222222,0.6944444444444444,0.06249827967120264,0.03136079599063443,0.23076923076923078,4.227411604520566,0.3593397383077766,2.8125,0.9035691862244216,0.2640994179749559,0.38364889466926366,0.1464873569619972,3.9542599151731923,0.4192358396788468,0.304114384495976,0.21176136281702904,0.06081702125027589,0.00403355034259013,3.7841415281827066e-05,RBBBB,212m (6).mat
-5.921189464667502e-18,0.9999999999833526,0.9999999999667053,1.31451662822155,4.1100684328659645,0.9999999999833526,-2.07790289341126,4.720240743846306,6.798143637257565,0.7110227159225955,-0.8359189446127278,-0.4698353871431874,0.405228021461536,1.2657880879695123,0.8750634086047234,0.02361111111111111,0.9999999999667053,0.0781484830251026,14,84.0,0.6989316239316239,0.02255463087917844,0.6666666666666666,0.7416666666666667,0.0322701535810244,0.019194826334840653,0.0,4.4638738098394,0.16233706186378707,7.03125,1.0648085505581444,0.2813217081421513,0.4660212810450608,0.18631524966128263,4.014861357676541,0.4084770319236904,0.3562069856713957,0.156978115016331,0.07455715391999708,0.0037448718629799174,3.584160560566658e-05,RBBBB,212m (7).mat
-1.973729821555834e-17,0.9999999999835077,0.9999999999670156,1.284767832476439,3.9415324350445857,0.9999999999835077,-2.147893289494075,4.581527070903115,6.7294203603971905,0.7106143131333236,-1.0204581492098341,-0.5153455067631343,0.3995908386150182,1.2390179784938755,0.9149363453781525,0.024722222222222222,0.9999999999670156,0.08049858670411339,15,90.0,0.6628968253968255,0.020829553700984868,0.6277777777777778,0.7055555555555556,0.031422014514994545,0.02128080695226127,0.0,4.386761518262601,0.10905480488302544,2.8125,0.9435498889849393,0.282264364323492,0.3886642864180428,0.1599132576702818,3.990547220353394,0.3888746856467723,0.3472555938955491,0.18760796664232218,0.0720541248000205,0.004166522999984596,4.110601535112292e-05,RBBBB,212m (8).mat
9.86864910777917e-18,0.9999999999831831,0.9999999999663662,1.3029345703937771,4.14308710357961,0.9999999999831831,-2.1548915090603926,4.725563494017475,6.880455003077868,0.7030488896467826,-1.0502572617189196,-0.4549434763094145,0.42317679012205545,1.216049024235649,0.87812026643147,0.02388888888888889,0.9999999999663662,0.0777534676101315,14,84.0,0.6871794871794872,0.02405721016245739,0.6555555555555556,0.7416666666666667,0.0350086266780038,0.023460850850592466,0.0,4.4592191161257535,0.20544783855111148,2.8125,0.9889858711923427,0.2793368424785486,0.42138960254067326,0.1680945070883159,3.9914110131407883,0.4012065770658678,0.3346055119294653,0.19878628698945328,0.0613745618649015,0.00398918605553207,3.787609477974807e-05,RBBBB,212m (9).mat
-2.960594732333751e-17,0.9999999999746212,0.9999999999492425,5.018476277024961,34.82073847776334,0.9999999999746212,-1.8101814005191008,9.076651997867483,10.886833398386583,0.5372014158195816,-0.6216570446065878,-0.45045618866489023,0.051194757653215656,0.7999052459074429,0.5016509463181059,0.0225,0.9999999999492425,0.06425224085598673,6,36.0,1.6505555555555556,0.022525705480792562,1.6277777777777778,1.6888888888888889,0.013647347640815006,0.017677669529663678,0.0,8.756865935106651,0.17469312712406682,2.8125,1.007416230427428,0.2982095438122243,0.31545627248480024,0.27488461962447863,4.287693248664808,0.42745901545108195,0.16155980128160513,0.27731830679393793,0.12722121827997462,0.006384600987416408,5.705720598350089e-05,SDHB,231m (0).mat
0.0,0.9999999999752323,0.9999999999504646,4.9201104366061355,33.57231775477305,0.9999999999752323,-1.7102947679285028,9.102103683707686,10.812398451636188,0.5428724624362236,-0.6429189131673112,-0.45797482736165007,0.06612031800954661,0.8166108876214971,0.5240951453711967,0.02,0.9999999999504646,0.06409027840052146,6,36.0,1.6649999999999998,0.01992269008560125,1.6416666666666666,1.6944444444444444,0.01196557962380521,0.03283775115982475,0.0,8.684793390104355,0.27541820428027297,2.8125,0.9882863836831376,0.30771299820107634,0.3027774760726504,0.26460814320995113,4.252830604423499,0.4375161701360183,0.2418138878435414,0.1927483893593522,0.12183655138807237,0.006031148389675259,5.385288334032611e-05,SDHB,231m (1).mat
-1.0855514018557087e-17,0.9999999999752726,0.9999999999505452,5.000433479614437,34.75734164985872,0.9999999999752726,-1.8352051388925563,9.126353473614229,10.961558612506785,0.5313507129253725,-0.6809590115213167,-0.433468357402056,0.08459973068737237,0.7583206693497366,0.5180680880894284,0.019444444444444445,0.9999999999505452,0.06359736822879866,6,36.0,1.7072222222222222,0.03585808791801089,1.663888888888889,1.7694444444444444,0.021003761215298677,0.06533685270188366,0.5,8.751582497560975,0.23556421937705355,1.40625,1.0064176688012785,0.3099325946367261,0.3142181688314515,0.2644642850257326,4.248426549281515,0.35663644017264395,0.23495316616628098,0.2728769428195954,0.12957525576434112,0.005905293271140579,5.2901805997560964e-05,SDHB,231m (2).mat
-5.921189464667502e-18,0.9999999999754638,0.9999999999509277,4.789492052252839,32.780019720350325,0.9999999999754638,-1.7563212141712858,9.022142053997905,10.77846326816919,0.5444184821801851,-0.6906220677411297,-0.4762172383622687,0.11756877118913328,0.7959171231310864,0.593786009551402,0.021944444444444444,0.9999999999509277,0.06395781923801024,6,36.0,1.6822222222222223,0.020831481399169644,1.6611111111111112,1.7194444444444446,0.012383311260308916,0.03565416014720401,0.25,8.658505282539245,0.2112347706137231,1.40625,0.9877757648115557,0.30220811480388104,0.3051702796968659,0.2678047468077912,4.267524870682642,0.4340505451551993,0.2267420292135705,0.1999466257976018,0.1328088619672389,0.006394515552942767,5.7422313446412983e-05,SDHB,231m (3).mat
-2.565848768022584e-17,0.999999999975716,0.999999999951432,4.7572941684993895,32.239401706519985,0.999999999975716,-1.7597004479313991,9.00509752057014,10.764797968501538,0.5371618417127708,-0.7251010141784637,-0.44826984378620716,0.06785925426248021,0.7876609350790602,0.5161290980486873,0.02666666666666667,0.999999999951432,0.06349081742298981,6,36.0,1.7122222222222223,0.007777777777777791,1.6972222222222222,1.7194444444444446,0.0045425048643165196,0.010206207261596585,0.0,8.605047158673509,0.20619861958821342,1.40625,0.9776531060840459,0.31389130971615103,0.2949873877566055,0.26043419031899706,4.243396319867283,0.4087181482952204,0.23302364375402768,0.2212500131449497,0.13091711962430555,0.006037763737930625,5.33114435658269e-05,SDHB,231m (4).mat
-1.8750433304780422e-17,0.9999999999754564,0.9999999999509128,4.8155048848083,32.82851989607109,0.9999999999754564,-1.8834154020111236,9.205230433096757,11.088645835107881,0.5554241705138584,-0.6524662036195223,-0.47446473562050256,0.11863798158853717,0.8091241364168047,0.5931027172090397,0.01611111111111111,0.9999999999509128,0.06470612457880376,6,36.0,1.636111111111111,0.034560735588879496,1.6083333333333334,1.7027777777777777,0.02112370934531763,0.04289845892077911,0.25,8.656548279216667,0.2966265175347421,1.40625,0.9841811853457211,0.32509480680121017,0.28527106455799467,0.26282153655026325,4.255500657764476,0.4246803090709918,0.237437116690531,0.2322438454631765,0.09905860040421835,0.006521569014623511,5.855935645849926e-05,SDHB,231m (5).mat
-1.973729821555834e-18,0.9999999999752892,0.9999999999505785,4.899394986080915,33.48939454931307,0.9999999999752892,-1.6317528358905893,9.175642725732269,10.807395561622858,0.542725501872886,-0.6679182406660301,-0.4827885913675514,0.10934775604195401,0.7941249218087617,0.5921363474095054,0.020833333333333332,0.9999999999505785,0.06229502047543234,6,36.0,1.726111111111111,0.030307070437746324,1.6694444444444445,1.7583333333333333,0.0175580066805082,0.046314811112591794,0.25,8.647991277946298,0.3472583772238453,1.40625,0.9200685715231633,0.3157440449609158,0.2719370954298782,0.23082826441965767,4.204839027934784,0.435965996004967,0.23132056615725133,0.2131140955328091,0.11362470098090818,0.005921743331257099,5.289799280712449e-05,SDHB,231m (6).mat
-1.1842378929335004e-17,0.9999999999753257,0.9999999999506516,4.788971847118532,32.88761235086767,0.9999999999753257,-1.867657666239525,9.31524182513394,11.182899491373465,0.5541311096706132,-0.6918239323598422,-0.46045110112838383,0.13563270513796752,0.8203504485236836,0.5960838062663514,0.020277777777777777,0.9999999999506516,0.06339079896404103,6,36.0,1.6655555555555555,0.035468643776694175,1.613888888888889,1.7194444444444446,0.02129538317535618,0.03339115355603149,0.0,8.67359533869729,0.33761189991736673,1.40625,1.0193977191484043,0.31943611219557566,0.3089876619930584,0.27604396555985533,4.275066478054456,0.42761889144479287,0.21878327933750988,0.19848598803302717,0.14816131633342905,0.00688766134949548,6.286350174519964e-05,SDHB,231m (7).mat
1.973729821555834e-17,0.9999999999818007,0.9999999999636013,2.4659338266780164,14.31648576110533,0.9999999999818007,-2.5510500165888534,8.144539848027762,10.695589864616615,0.6022082672923859,-0.596553569799436,-0.4492984158504749,0.23224594558466552,1.106612729963117,0.6815443614351404,0.016666666666666666,0.9999999999636013,0.04773762455185967,6,36.0,1.7266666666666666,0.01634882107729131,1.711111111111111,1.7555555555555555,0.009468429189858813,0.02165063509461091,0.0,6.841717849974494,0.6116723169586832,1.40625,0.5246714337441892,0.2124342631727233,0.14013254268016817,0.12148055791120045,4.056869392515162,0.7046365982346036,0.1295614178113342,0.12086501189954266,0.04202410682319385,0.002886761805466664,2.6103425858938415e-05,SDHB,231m (8).mat
3.947459643111668e-18,0.9999999999763052,0.9999999999526104,4.467647240248365,28.79251861428554,0.9999999999763052,-1.68246063555225,8.83583626314873,10.51829689870098,0.5878427916104434,-0.6600026390234748,-0.5088924955089268,0.17494460776737528,0.9188450139848313,0.6838371032763021,0.014722222222222222,0.9999999999526104,0.061188374184695145,6,36.0,1.6544444444444444,0.021702249982916245,1.6388888888888888,1.6972222222222222,0.01311754531418323,0.024335299261021175,0.0,8.371423359837346,0.2219007371943833,1.40625,0.9347835667232561,0.30273176515555733,0.2796980684160587,0.24672649410970265,4.243772242616225,0.48317900477625786,0.08753436120647662,0.3466083436556181,0.07701470489665711,0.005613693433151779,4.9892031838273814e-05,SDHB,231m (9).mat
-3.947459643111668e-18,0.9999999999942777,0.9999999999885554,-0.5096710565348347,0.9313853113265202,0.9999999999942777,-3.156812926275293,2.3258353887709586,5.4826483150462515,0.7345171401614343,-1.0609112194825256,-0.36946411561076037,0.6763133143034412,1.3127534015735776,1.0457774299142015,0.015,0.9999999999885554,0.04522551981146464,11,66.0,0.8541666666666666,0.023708947625967404,0.825,0.8916666666666667,0.027756816700344106,0.02547558609666225,0.1111111111111111,1.9933140091414112,0.0838936007391625,2.8125,0.9586014595664568,0.6639559116896894,0.14996394182332637,0.011904782519988093,2.6319645872947106,0.8222610257409279,0.15016574678032052,0.021329916001978675,0.005935246290696709,0.00030484633836902746,3.2188477069251087e-06,PR,107m (0).mat
-2.4671622769447922e-17,0.9999999999941532,0.9999999999883065,-0.5243112879488037,0.7731152807044301,0.9999999999941532,-3.1056819259503623,2.452303817167991,5.557985743118353,0.7340673665396423,-1.1761338950009221,-0.3638803798594422,0.665455237480469,1.3532412838170016,1.0293356173399113,0.015555555555555555,0.9999999999883065,0.04803091494363688,12,72.0,0.8467171717171716,0.022654203527278607,0.8111111111111111,0.8916666666666667,0.026755337268736103,0.023975939585600126,0.0,2.179653756508728,0.12521811704654792,2.8125,1.0223996029771463,0.7064228380308544,0.1581551052409289,0.013545925462105203,2.6382300113077544,0.8034174225653428,0.16535684332748488,0.02422222429017298,0.006629083489350688,0.0003706822655453535,3.744062103150206e-06,PR,107m (1).mat
8.881784197001253e-18,0.9999999999944917,0.9999999999889835,-0.3090336073120601,0.4349359351761768,0.9999999999944917,-3.033963668573558,2.794032456405328,5.827996124978886,0.7490865216937608,-1.1637286749144151,-0.3750402843789715,0.6927476673353246,1.3780771370395004,1.067787951714296,0.014722222222222222,0.9999999999889835,0.04710312659177391,12,72.0,0.8449494949494949,0.025809513886164107,0.8138888888888889,0.8972222222222223,0.030545629070008722,0.026087459737497563,0.1,2.229862156242746,0.24738818703923424,2.8125,0.9827884932085518,0.6655747207192637,0.1583670880757556,0.013882483114612813,2.660051876361926,0.8440190707291851,0.1225206114303783,0.02692784391977497,0.0061809526410910335,0.0003479618109450702,3.559468625261844e-06,PR,107m (10).mat
1.7763568394002505e-17,0.999999999993421,0.9999999999868422,0.09749475089218408,0.6471532924588139,0.999999999993421,-3.09791835597853,3.4113101739891607,6.509228529967691,0.7575946882092801,-1.18211234358868,-0.4354714211197779,0.6418827771385456,1.3513644446431143,1.0773541982583235,0.014722222222222222,0.9999999999868422,0.0502386048869951,12,72.0,0.8449494949494949,0.023113993780805878,0.8194444444444444,0.9055555555555556,0.02735547377873987,0.026220221204253793,0.1,2.80791990451878,0.23727671974372164,2.8125,0.9989842421307068,0.6664455887816676,0.16002486956119655,0.018034258879523927,2.7271590319691073,0.8065688819775956,0.14767939476893954,0.03312637305278386,0.012080652990458102,0.000539051487387567,5.6457228350011316e-06,PR,107m (11).mat
-1.973729821555834e-18,0.9999999999941368,0.9999999999882737,-0.21904752332458813,0.526406042626133,0.9999999999941368,-3.0470755289958977,2.803601856866477,5.850677385862374,0.7512505016479453,-1.1671346558413234,-0.3780374490051375,0.6784388898024751,1.3771137618533051,1.0564763388076126,0.014722222222222222,0.9999999999882737,0.046032395859105575,11,66.0,0.8533333333333333,0.02161675162038193,0.8194444444444444,0.8833333333333333,0.025332130775448984,0.024216105241892657,0.0,2.446353756939107,0.17693361674842628,2.8125,1.021618336274034,0.6950839132005384,0.16008049272717642,0.014774229431227475,2.681836612847696,0.8154101197133204,0.1486737835741571,0.026691880990325687,0.008856360975216445,0.0003641707526451894,3.6839943349432116e-06,PR,107m (12).mat
2.3684757858670008e-17,0.999999999993033,0.999999999986066,0.0819584582785069,0.7467541117592393,0.999999999993033,-3.2167486880562772,3.239906809083921,6.456655497140199,0.7516361296797496,-1.0709147291728092,-0.464291795178457,0.5849500170739048,1.3952265820490182,1.0492418122523617,0.013888888888888888,0.999999999986066,0.050231612583911796,12,72.0,0.8547979797979799,0.024592381462504753,0.8138888888888889,0.8944444444444445,0.028769816980085773,0.024024164789377404,0.1,2.827221325491026,0.22465345708611006,2.8125,0.9683533435108278,0.6359454135574637,0.16485849978012984,0.021356933400811736,2.76783945851301,0.7784981320520162,0.17337232046280107,0.03700229762703471,0.010475269169998965,0.0006456364557931291,6.344232355623144e-06,PR,107m (13).mat
0.0,0.9999999999933383,0.9999999999866768,-0.20756756995122305,0.802173897022604,0.9999999999933383,-3.4074207210596024,3.0749197410917137,6.482340462151316,0.7474633955127968,-1.141505588515594,-0.4317187830842369,0.6698425046433949,1.3345810716315447,1.1015612877276317,0.015833333333333335,0.9999999999866768,0.04950012792784837,12,72.0,0.8522727272727271,0.028199281363926545,0.8138888888888889,0.8916666666666667,0.03308715676151822,0.028625940062196136,0.1,2.5350951022571198,0.27709843487942765,2.8125,0.9913962437062587,0.6599434907410442,0.1616594689323082,0.01780888120001984,2.7086824367968148,0.7699713526145119,0.19134134283921922,0.0311068319289751,0.007114049852100368,0.0004617239802809314,4.698784912174297e-06,PR,107m (14).mat
-1.4802973661668754e-17,0.9999999999929182,0.9999999999858366,-0.2483167178506788,0.7545271542550718,0.9999999999929182,-3.37863782717896,2.80607036126365,6.18470818844261,0.7503749116671611,-1.1222077802049895,-0.4155045107736906,0.6683935154983216,1.3307453391211785,1.0838980262720121,0.015,0.9999999999858366,0.049386968340595264,11,66.0,0.8527777777777776,0.018880717186629353,0.8305555555555556,0.8777777777777778,0.02214025465542696,0.021053364816485304,0.0,2.591998428148094,0.09591775056123335,2.8125,0.9704080773900985,0.6554749841786021,0.1567853266281054,0.018959764589717737,2.6881740663094766,0.8545109111355256,0.10646484649104557,0.02867507413261632,0.009843362319584836,0.000500734825868317,5.071095359016097e-06,PR,107m (15).mat
-2.1711028037114173e-17,0.9999999999930234,0.9999999999860468,-0.1119210837301358,0.819068153313042,0.9999999999930234,-3.2856656468625705,3.0531368486665196,6.33880249552909,0.7583798284675966,-1.0432637041022081,-0.45224848279716334,0.6857151306802864,1.3653985341437596,1.1379636134774498,0.015,0.9999999999860468,0.049304656588111236,11,66.0,0.8433333333333332,0.022641870969238698,0.8111111111111111,0.8861111111111111,0.02684806831113514,0.022222222222222233,0.0,2.6110089381817416,0.15883688101866153,2.8125,0.9497249408987937,0.6202219528216717,0.17153723473261354,0.019252368820290595,2.7623178291563186,0.7488114477139518,0.2059672386734699,0.03348656053730579,0.011170652645916691,0.0005584952827932804,5.605146562315311e-06,PR,107m (16).mat
1.7763568394002505e-17,0.9999999999942701,0.9999999999885404,-0.2869975012594841,0.6873662697744951,0.9999999999942701,-3.005774012244362,2.7108166943673604,5.716590706611722,0.7449288082094528,-0.9857401720596511,-0.4208140895377489,0.635869726544843,1.3837232451162387,1.0566838160825918,0.013333333333333334,0.9999999999885404,0.04842539387292637,12,72.0,0.8441919191919193,0.021433429468609048,0.8166666666666667,0.8916666666666667,0.02538928525131626,0.0180020574955774,0.0,2.434702278841067,0.14047627227330223,2.8125,0.9569149291976438,0.5984267162458756,0.1987168971496363,0.014882883682294804,2.7712648139857143,0.7782778375973727,0.17671135237901825,0.03813125592366123,0.006483073086950059,0.00039246636981479614,4.014643182563055e-06,PR,107m (17).mat
1.8750433304780422e-17,0.9999999999940145,0.9999999999880289,-0.33284017640034735,0.8565872858424548,0.9999999999940145,-3.2039248084359917,2.762120115738183,5.966044924174175,0.7369486869080948,-1.0565315672824565,-0.3966793714413037,0.6634587442981554,1.3362129253414656,1.0601381157394592,0.015277777777777777,0.9999999999880289,0.0489409902146153,12,72.0,0.854040404040404,0.023551279997301104,0.8194444444444444,0.8944444444444445,0.02757630652871384,0.02492272006239775,0.1,2.452084819064987,0.19594355164415614,2.8125,0.9983731867768886,0.6389525853501364,0.1882696579445652,0.016538495120489455,2.742115470134969,0.7753382034155821,0.19037316799662424,0.0264964109611367,0.0073440653112209235,0.00044366110119973965,4.491214236063512e-06,PR,107m (18).mat
7.894919286223335e-18,0.9999999999937311,0.9999999999874623,-0.5137570585693513,2.1560276569994095,0.9999999999937311,-4.510906816629425,2.885309421188025,7.39621623781745,0.7088537732282075,-1.029042481735256,-0.35521600945702275,0.5959045767277972,1.2329123564867048,0.95112058618482,0.015555555555555555,0.9999999999874623,0.045484410386271844,11,66.0,0.8544444444444445,0.0270801280154532,0.8166666666666667,0.9083333333333333,0.031693257718314626,0.029309614428415568,0.0,2.576674850036271,0.17692597896308568,2.8125,0.8409627645048177,0.5699177092926966,0.13275061867951832,0.016287145522982487,2.688440254495533,0.8699033067521428,0.09799083837022457,0.02441341405245874,0.007222859397270997,0.00046495437864957416,4.627049252980746e-06,PR,107m (19).mat
-2.4671622769447922e-17,0.999999999993915,0.99999999998783,-0.4827962674111529,0.7545093399683305,0.999999999993915,-3.1473177536792694,2.5946485964509414,5.741966350130211,0.7366061186718349,-1.2274898346286092,-0.3797887632718608,0.6418536848037001,1.3342698130016153,1.0216424480755608,0.015277777777777777,0.99999999998783,0.04738424709768708,12,72.0,0.8525252525252526,0.025110712918497084,0.8138888888888889,0.8888888888888888,0.029454509194493068,0.026220221204253782,0.1,2.2605241021446982,0.1189402592694948,2.8125,0.9921014012701139,0.6801433106669235,0.14802159854417374,0.014876860782863972,2.6455564463705996,0.8253633631288383,0.14805792388470526,0.017436584630828696,0.008784856294662585,0.0003532604699755391,4.01159098942945e-06,PR,107m (2).mat
-2.3684757858670008e-17,0.999999999993689,0.9999999999873782,-0.06291493636471598,0.5709726628836642,0.999999999993689,-3.2479223614861454,2.7593832483058356,6.007305609791981,0.759682156590353,-1.0380363128261951,-0.429113335307203,0.6588769849289464,1.3357362263581305,1.0879903202361494,0.014722222222222222,0.9999999999873782,0.04820545530297609,11,66.0,0.8547222222222223,0.022327873849009527,0.8194444444444444,0.8777777777777778,0.026122959298794813,0.026899701937655455,0.0,2.563133342104094,0.1304673925157811,2.8125,0.9766116751379395,0.6296847124427212,0.17637338898328805,0.016310940847188916,2.7449529927001715,0.772978639934762,0.19200491411762782,0.0253187626575344,0.00919099600855514,0.0005019207791435919,4.7665023766536225e-06,PR,107m (20).mat
1.4309541206279795e-17,0.9999999999928628,0.9999999999857258,-0.05731461710099001,1.142065796184264,0.9999999999928628,-3.411447700478416,3.1021354917343946,6.513583192212811,0.7378373553340891,-0.9787998430040217,-0.46512834578818013,0.5830601384860716,1.3611773894291594,1.0481884842742517,0.015555555555555555,0.9999999999857258,0.049427115720324606,12,72.0,0.8517676767676767,0.025328169531555228,0.8166666666666667,0.8944444444444445,0.029736006886215274,0.027708246310083364,0.1,2.739690163457268,0.25702117058865204,2.8125,0.9356381173449526,0.6212023024284824,0.15679140609304423,0.020404946052182665,2.742091773726737,0.7983289309302052,0.15453459853005128,0.036006791016493636,0.0106071385329348,0.0005171269767375653,5.414013577228538e-06,PR,107m (21).mat
2.960594732333751e-18,0.9999999999926401,0.9999999999852803,0.3753261800925838,1.1995416020136345,0.9999999999926401,-3.154055633546443,3.498925824412378,6.652981457958822,0.7446211502101988,-0.9776548103915118,-0.47864617311968155,0.541106540137284,1.304800643783931,1.0197527132569655,0.01638888888888889,0.9999999999852803,0.0521387935033344,12,72.0,0.8467171717171716,0.025536284505468902,0.8111111111111111,0.8944444444444445,0.03015916687212245,0.027131367660166196,0.0,3.1841253148498985,0.20091518127695646,2.8125,1.0158053023550964,0.6353439044807998,0.18794764621755472,0.026436472033156883,2.8300706045450332,0.7922386467302578,0.1562225645670248,0.03879226847478162,0.012015668047473303,0.0007231443775241599,7.707802938130173e-06,PR,107m (22).mat
2.7632217501781673e-17,0.9999999999933776,0.9999999999867553,0.6312805123016983,1.4746854647052485,0.9999999999933776,-3.015126151938586,3.476920175484005,6.492046327422591,0.7445836617047817,-0.9756916182010783,-0.4926061472974976,0.5597588894828457,1.2248578719869205,1.0523650367803432,0.015833333333333335,0.9999999999867553,0.05185385560161787,11,66.0,0.8547222222222223,0.023208994105893676,0.8222222222222222,0.9027777777777778,0.027153844226019953,0.024056261216234415,0.0,3.2665415483534166,0.13304299821623375,2.8125,1.058910370004277,0.6445819961555121,0.19526422939232094,0.022843296291493977,2.780483387162279,0.7273496002750297,0.22671935672269494,0.03467428463830374,0.010731105786261045,0.0005204733469672082,5.179230743279056e-06,PR,107m (23).mat
-7.894919286223335e-18,0.999999999993726,0.999999999987452,0.7304328093856789,1.4445998328153786,0.999999999993726,-2.8306074079368275,4.359836790796272,7.190444198733099,0.7568260097999766,-1.0146199873664692,-0.5181522581921005,0.6011013089337088,1.2430750906339156,1.1192535671258095,0.016944444444444446,0.999999999987452,0.05116571436470961,12,72.0,0.8449494949494949,0.02514877677681491,0.8166666666666667,0.8944444444444445,0.02976364492478273,0.024216105241892622,0.1,3.1496777024172755,0.37670385025442904,2.8125,0.9225948719771442,0.5619091189392942,0.1740824166082719,0.019676931051498796,2.7439017608679372,0.8203323261199135,0.1320403678366216,0.03736721075404781,0.0098059574652251,0.0004496736786522128,4.464145539708939e-06,PR,107m (24).mat
-1.0855514018557087e-17,0.9999999999935355,0.9999999999870711,0.8175808389780197,1.6544722256402098,0.9999999999935355,-2.712896509794139,3.5697628814907283,6.282659391284867,0.7394931767011869,-1.0182100742054623,-0.5014679343305989,0.5260934596206851,1.1563656120768477,1.027561393951284,0.01638888888888889,0.9999999999870711,0.05226590211339644,12,72.0,0.855050505050505,0.024239793628316075,0.8111111111111111,0.8805555555555555,0.02834896120964849,0.024501196745777713,0.1,3.3157780114120654,0.09098395644140643,2.8125,1.0423895488125516,0.6044613958335416,0.2139103094755624,0.02385384674009334,2.8030071926655,0.7790510070551632,0.1580718247593088,0.05042686440072828,0.011923725532449742,0.000521501994744341,5.0762576054732545e-06,PR,107m (25).mat
1.973729821555834e-18,0.9999999999938354,0.9999999999876708,0.8445146609127415,1.468804759021034,0.9999999999938354,-2.7456634059199034,3.4938356317494037,6.239499037669307,0.7468296394517612,-1.039491125059131,-0.5110617909041065,0.48676396085164386,1.2202921559088606,0.9978257517557504,0.015833333333333335,0.9999999999876708,0.05070803402731866,12,72.0,0.8540404040404038,0.02425557303345581,0.8222222222222222,0.8972222222222223,0.02840096661739125,0.0262936879248872,0.1,3.2672567508781256,0.11272844090572781,2.8125,0.9531840710306464,0.5676870208496395,0.19210177731526323,0.01964786109733402,2.8206124950884,0.7716779277433369,0.1835941375756786,0.03339279562574634,0.010853337702037088,0.0004771881194735798,4.6132337272831125e-06,PR,107m (26).mat
-1.578983857244667e-17,0.999999999994381,0.9999999999887622,0.42355789458596804,0.7186100051931876,0.999999999994381,-2.8569582148631403,3.1400998376670546,5.997058052530194,0.7667452651268155,-0.9977042303222163,-0.4916149231124065,0.6183919943445174,1.3583069203788294,1.110006917456924,0.0125,0.9999999999887622,0.04847586819629016,11,66.0,0.8533333333333333,0.024113927126900792,0.8194444444444444,0.9,0.02825850831872143,0.025743405137884912,0.1111111111111111,2.947159645919376,0.14760576017632737,2.8125,0.9428656657814423,0.5783206744478556,0.17888499276858405,0.016027382749686948,2.78701582093955,0.831834216213738,0.1403323641526286,0.019781015887729667,0.007564273798816561,0.0004840036383793659,4.126308707734689e-06,PR,107m (27).mat
-3.947459643111668e-18,0.999999999993386,0.9999999999867719,1.0480646160897495,2.257806300864832,0.999999999993386,-2.8183554917071922,4.138397929997186,6.956753421704379,0.726820594017096,-0.9482028500835358,-0.5178872845867304,0.4699096751670012,1.1459550043259072,0.9877969597537316,0.015277777777777777,0.9999999999867719,0.051709498649013724,12,72.0,0.8441919191919193,0.02204648139971429,0.8111111111111111,0.8805555555555555,0.026115484965435615,0.02360293976249778,0.0,3.493892425984234,0.35004250460077746,2.8125,0.9705951845909918,0.5760578844187401,0.19523476974387088,0.023602643177217,2.8668794975518996,0.7851137683513162,0.1702362047743005,0.03061657619324038,0.013380530859693611,0.0006477103794867442,5.209441962426895e-06,PR,107m (28).mat
-1.8750433304780422e-17,0.9999999999935614,0.9999999999871227,0.6916197969007388,1.2874083677631951,0.9999999999935614,-2.7656766490101177,3.58028165561331,6.345958304623428,0.7519263347435354,-1.0384587770823799,-0.5024838162381556,0.5667539015287459,1.2767144263987003,1.0692377177669017,0.014166666666666666,0.9999999999871227,0.05173121664876778,12,72.0,0.8424242424242423,0.019321069963018765,0.8111111111111111,0.8722222222222222,0.022935083022401496,0.017808133805360674,0.0,3.222730034085623,0.18932483200435962,2.8125,1.032670684242191,0.6182122557455776,0.1994186262226903,0.022256809558569873,2.779960066222986,0.7615355878340964,0.18665514135551625,0.04156479355238139,0.009713986989420506,0.0005252379232967003,5.252345288683884e-06,PR,107m (29).mat
-1.578983857244667e-17,0.9999999999933208,0.9999999999866416,-0.10681910279244135,0.8444633001687603,0.9999999999933208,-3.377578321432329,3.5477162810982117,6.92529460253054,0.7448280883122076,-1.1383812403171838,-0.38518430083968225,0.632233504561087,1.3530201094889833,1.0174178054007692,0.013888888888888888,0.9999999999866416,0.0474934044029592,10,60.0,0.9379629629629629,0.2866813806157797,0.8138888888888889,1.7472222222222222,0.30564253774427264,0.45131623346894206,0.25,2.5971306042069573,0.37463852814876786,2.8125,0.9612301344316387,0.653783139960785,0.14438613163846267,0.01684786228667622,2.670403439852627,0.8443171028048809,0.11455233659491201,0.03379664916516378,0.006879073438534968,0.0004505914294730486,4.246567035038021e-06,PR,107m (3).mat
-1.578983857244667e-17,0.9999999999934627,0.9999999999869255,0.6091897288489011,1.7220464994398252,0.9999999999934627,-3.261346073918679,3.983302482356418,7.244648556275097,0.7377323945364535,-1.0457890851664504,-0.47583239378519165,0.5287735513678502,1.2860854627766916,1.0046059451530418,0.014444444444444444,0.9999999999869255,0.0502170673254195,12,72.0,0.8558080808080809,0.02768810134380645,0.8138888888888889,0.8944444444444445,0.03235316647782679,0.028355111455944118,0.1,3.1470975884315013,0.6179036701202772,2.8125,0.991306225240887,0.6290646509731401,0.18127814740576922,0.020577329521007187,2.770155036190435,0.7665144877782241,0.17185638337819972,0.05039695448685673,0.010688884232590469,0.0005380571294482272,5.232994680507152e-06,PR,107m (4).mat
-2.269789294789209e-17,0.9999999999937995,0.9999999999875991,-0.30373155846560435,0.8928105333692273,0.9999999999937995,-3.1068588170564992,3.2223811507296505,6.329239967786149,0.7379148877400143,-1.1545825457310235,-0.38058835217782927,0.586204298960337,1.3245980054897422,0.9667926511381663,0.014166666666666666,0.9999999999875991,0.048903788983473126,12,72.0,0.8550505050505052,0.023053218264701435,0.8194444444444444,0.8916666666666667,0.026961235741716237,0.021336515966301695,0.0,2.48173468442493,0.2710448544964671,2.8125,0.9780438811288836,0.6322063482272179,0.1740854617343388,0.016704783612394712,2.7528957909696965,0.7914515021482882,0.16778628763051417,0.03412696273483934,0.006195170385664244,0.00043559752917717275,4.4795715165088956e-06,PR,107m (5).mat
1.973729821555834e-17,0.9999999999933017,0.9999999999866034,-0.38151924271731646,0.99270170554342,0.9999999999933017,-3.3834202268530076,2.5968246880349173,5.980244914887924,0.7356527808845199,-1.1683537587556758,-0.36939250993607575,0.6487638133316304,1.312928911562985,1.0181563232677062,0.016666666666666666,0.9999999999866034,0.04893970087512445,12,72.0,0.8527777777777779,0.024187121263532688,0.8222222222222222,0.8916666666666667,0.028362748028212304,0.024969116726938044,0.1,2.4361335802354542,0.10960129107424203,2.8125,1.005163663344947,0.695559294124653,0.1428093280256813,0.016378594860133072,2.6209488712203237,0.8071372400122937,0.1553478690079209,0.028084555625640387,0.008941204238442323,0.00048447581568949576,4.655300013013167e-06,PR,107m (6).mat
-1.578983857244667e-17,0.9999999999947397,0.9999999999894794,-0.9875807750209451,3.07343092664944,0.9999999999947397,-4.996313679833801,2.43047438044307,7.426788060276871,0.6991440330520559,-1.0911764932413006,-0.31725822514509694,0.6044656193294766,1.2718673914540966,0.9217238444745736,0.014444444444444444,0.9999999999894794,0.04367252233787931,11,66.0,0.856111111111111,0.020517983680688207,0.8305555555555556,0.8916666666666667,0.0239664961597009,0.02155638282744966,0.0,2.173143011390468,0.10557199853209381,2.8125,0.7989243706904288,0.5388403749050807,0.13451432541530428,0.01108432446510128,2.6585808992726725,0.8375159088261569,0.13786211974901652,0.020188715754181463,0.004144847600707179,0.00028550168465696514,2.9063852807305348e-06,PR,107m (7).mat
-1.973729821555834e-18,0.9999999999940354,0.999999999988071,-0.27382442248259214,0.7358673461725922,0.9999999999940354,-3.186901093704174,3.055765783151991,6.242666876856164,0.7426498939367344,-1.101158083533324,-0.38363051962932393,0.6635791406208253,1.337328917452169,1.0472096602501493,0.015277777777777777,0.999999999988071,0.04823626485941354,12,72.0,0.8434343434343433,0.01655148445270095,0.8222222222222222,0.875,0.01962391567514523,0.015664302422079657,0.0,2.419951873593689,0.2093355657472678,2.8125,0.9629951925802523,0.6359426276046004,0.16314529577473022,0.01369997502224692,2.6704549901235257,0.771045545505722,0.19292017148980115,0.029230182948999452,0.006450155330175137,0.0003502065152315643,3.7382100703453666e-06,PR,107m (8).mat
-2.0724163126336256e-17,0.999999999994554,0.9999999999891082,-0.4360839780493196,0.52853143594408,0.999999999994554,-2.901801472300304,2.709273773656345,5.611075245956648,0.745523006662182,-1.2345187754499571,-0.354944581929736,0.6797381705502813,1.363044037514198,1.0346827524800173,0.014166666666666666,0.9999999999891082,0.04559081667502322,12,72.0,0.855050505050505,0.027108559394585136,0.8111111111111111,0.8944444444444445,0.03170404461813619,0.02774998609720484,0.1,2.1729789112283426,0.17225619411768467,2.8125,0.9526537270814293,0.667173439766285,0.14270922235544095,0.01191341172170093,2.611469897398151,0.8220823224621775,0.14468468236771498,0.026810906964577153,0.0061227396277984516,0.0002962536008230316,3.0949769087065615e-06,PR,107m (9).mat
-1.973729821555834e-17,0.9999999999920922,0.9999999999841844,-0.8806888766804718,1.5041452642981108,0.9999999999920922,-3.245914597591681,2.5773072839369,5.823221881528581,0.7151265650330306,-1.1196895032392735,-0.2953047117629495,0.573626985285879,1.2806082123846925,0.8689316970488284,0.0125,0.9999999999841844,0.046785622737146024,12,72.0,0.8318181818181817,0.03451937996405417,0.7861111111111111,0.9111111111111111,0.0414987081036186,0.03735052514215913,0.2,2.0132372944376766,0.21910361985082796,1.40625,0.8863600957124207,0.5577432537635643,0.19634473115431345,0.011943644960309023,2.7713748295487113,0.7208865010567294,0.24705539838282223,0.026958435267254333,0.004696979044910545,0.00039849055894420737,4.1956893390470636e-06,PR,217m (0).mat
7.894919286223335e-18,0.9999999999923171,0.9999999999846343,-0.5715117693689192,1.412179004366961,0.9999999999923171,-3.303799412286721,3.658587903399806,6.962387315686527,0.7098409177247089,-1.2896152438405537,-0.30025516160373755,0.5959722700001429,1.2429021974771852,0.8962274316038804,0.012777777777777779,0.9999999999846343,0.04407309906981895,12,72.0,0.8373737373737374,0.03214121732666125,0.7861111111111111,0.9055555555555556,0.038383359608438014,0.03586454282573201,0.1,1.9862608939738164,0.5119478570230692,1.40625,0.8348814058503626,0.5389487536968646,0.17232776511145384,0.010102774145341883,2.755594830414778,0.8050595604656962,0.16953839762699205,0.0206588958049838,0.004420986027895076,0.0003185739480819961,3.5861263505983766e-06,PR,217m (1).mat
1.282924384011292e-17,0.999999999991626,0.9999999999832522,-1.0627655721444447,1.9328826515776516,0.999999999991626,-3.287919815261342,1.9670688351185972,5.254988650379939,0.6839316613254217,-1.1258794068208762,-0.2484797143032243,0.5947762401970125,1.2932862012247657,0.8432559545002367,0.015277777777777777,0.9999999999832522,0.047034402930901345,12,72.0,0.8277777777777776,0.02754956761267483,0.7805555555555556,0.875,0.033281356807320986,0.028720126723472957,0.0,1.8473149943252836,0.06200028058076247,1.40625,0.9643360610462202,0.6128786061172701,0.20781095835860278,0.01029415202254481,2.753111417489516,0.7754368482350436,0.1956687493411041,0.023200245126371952,0.00532208967288916,0.00036825540926387426,3.8122153269980577e-06,PR,217m (10).mat
4.539578589578418e-17,0.9999999999915516,0.9999999999831034,-1.0395222630632177,1.966859001397065,0.9999999999915516,-3.3720513683526234,2.011002215718838,5.383053584071462,0.6816395263753854,-1.104074019402497,-0.2613580126262289,0.5735021417685777,1.2976786576152695,0.8348601543948067,0.013888888888888888,0.9999999999831034,0.04694179889744175,12,72.0,0.8325757575757575,0.03056911795177873,0.7944444444444444,0.8944444444444445,0.036716319970775596,0.03532258746447074,0.1,1.853908317432775,0.07695181631784893,1.40625,0.96972058060695,0.6100840079499689,0.21258286048300956,0.011759498149033243,2.773601073935393,0.7809252265775245,0.19065202926711217,0.023260872882901514,0.004804365204750783,0.000353632626982085,3.873440728670597e-06,PR,217m (11).mat
3.157967714489334e-17,0.9999999999921413,0.9999999999842827,-0.9666921604490701,1.7809921452187432,0.9999999999921413,-3.8262863791561497,2.0624859706519336,5.888772349808083,0.6920935904168247,-1.1132880182827565,-0.2751773642975955,0.5973625387911343,1.3078779414448845,0.8725399030887298,0.016944444444444446,0.9999999999842827,0.04736863313275923,12,72.0,0.8441919191919193,0.029857840916883746,0.7972222222222223,0.9,0.03536854618330846,0.031463774976986936,0.1,1.8221405792557288,0.20903512244873196,1.40625,0.9768896735967907,0.6282148987042033,0.20204551437684873,0.011362937259984066,2.764919978480589,0.8320011063130768,0.14043735187747292,0.023323748012871712,0.0038773577956879904,0.0003565544623122419,3.881538578180715e-06,PR,217m (12).mat
-2.6645352591003756e-17,0.9999999999904126,0.9999999999808252,-0.23513884674888325,0.9958182072806445,0.9999999999904126,-2.8553992043123815,3.076792664922424,5.9321918692348055,0.7150710848971592,-1.0851218979781092,-0.34743427912851405,0.49269056077735085,1.4415619341747146,0.840124839905865,0.012777777777777779,0.9999999999808252,0.05078953433097302,12,72.0,0.8462121212121212,0.031231565320687486,0.8083333333333333,0.9194444444444444,0.03690748986086804,0.037236730174306024,0.2,2.6703366700492346,0.14807849515312774,2.8125,0.9682967836637014,0.5847202027698198,0.21776346446574496,0.024411367066382306,2.921735728180299,0.7561890920347406,0.20005252859960407,0.03272126323519046,0.010226817314481962,0.0008018903423260185,8.408473656613773e-06,PR,217m (13).mat
-1.7763568394002505e-17,0.9999999999901551,0.9999999999803103,-0.11531852121549041,0.9013984685699263,0.9999999999901551,-2.793625400992116,3.430147388305349,6.223772789297465,0.7226712516009982,-1.0728841469584691,-0.3758952755973689,0.4995768630755559,1.432533231012259,0.8754721386729247,0.012777777777777779,0.9999999999803103,0.051942764466516994,12,72.0,0.8353535353535354,0.036451213284376026,0.7916666666666666,0.9111111111111111,0.0436356724405477,0.04031128874149275,0.2,2.7790943378107884,0.22898304996704008,1.40625,0.9499917144244991,0.5803611452597301,0.21012949604488748,0.02729328144524482,2.9451283910352584,0.7390271193538726,0.21685054535569942,0.03158260040829616,0.01158242061824088,0.0009466732467913323,1.0641017099465571e-05,PR,217m (14).mat
7.894919286223335e-18,0.9999999999914764,0.9999999999829527,-0.7801330391724935,1.4579554926935279,0.9999999999914764,-3.077335306748964,2.653259943074477,5.730595249823441,0.7081622322049888,-1.095151158957653,-0.30559384881987267,0.56106603351244,1.323219986579179,0.8666598823323126,0.012777777777777779,0.9999999999829527,0.04819964720042032,12,72.0,0.8300505050505051,0.03440650773788103,0.7861111111111111,0.8916666666666667,0.04145110145356328,0.04220942788606758,0.3,2.1111270314927055,0.1785786252222057,1.40625,0.9394471660582463,0.5833313915988634,0.20927294869135596,0.014037296789261154,2.8224738532010107,0.7833160060396808,0.18586763713567994,0.023079640679350616,0.007283965942863169,0.00044777838315405804,4.971819271227998e-06,PR,217m (2).mat
0.0,0.9999999999918772,0.9999999999837543,-0.7636313686365821,1.1935918005042643,0.9999999999918772,-3.0927741668957633,2.447020636305136,5.539794803200899,0.7277841416747975,-1.1307347214312953,-0.3059724616838341,0.6301792762826571,1.316972313851627,0.9361517379664912,0.0125,0.9999999999837543,0.046462085480470594,12,72.0,0.8381313131313132,0.028502931433378707,0.7888888888888889,0.8833333333333333,0.034007715679876205,0.026498311150470716,0.0,1.9951329341275992,0.18592001209116976,1.40625,0.8808143537179547,0.5662007967357925,0.18161903476460167,0.012509505528348059,2.753871490560644,0.8166309570854188,0.15369817391710558,0.02274071610524035,0.006523913675497094,0.0004017572084353695,4.482008302597482e-06,PR,217m (3).mat
2.3684757858670008e-17,0.9999999999922593,0.9999999999845186,-0.46377126647239697,1.3041385141592636,0.9999999999922593,-3.050379333917897,3.869279405759701,6.9196587396775975,0.7172365350217923,-1.2586199360188346,-0.3179398496097581,0.5772089534199921,1.3150073958374275,0.8951488030297502,0.012222222222222223,0.9999999999845186,0.04510346309519248,11,66.0,0.8441666666666666,0.023155739495963803,0.8083333333333333,0.8833333333333333,0.027430293546140388,0.022414293401685565,0.0,1.988551988327134,0.14667903078370864,1.40625,0.8321130422395286,0.5223303764625178,0.18212478348948674,0.012260624006680737,2.814187466080032,0.8029961434613582,0.16751619537984205,0.022340489686986084,0.006736854493379203,0.00040594070284519153,4.376275588969004e-06,PR,217m (4).mat
5.921189464667502e-18,0.999999999991424,0.9999999999828479,-0.4551208321160495,1.0338482667054354,0.999999999991424,-3.0594055401599207,2.9947674268987248,6.054172967058646,0.7247251759087621,-1.0964597398478098,-0.3420583936767379,0.5458406136956055,1.3951104844004638,0.8878990073723434,0.0125,0.9999999999828479,0.04962947296356842,12,72.0,0.8297979797979799,0.03301809924986091,0.7861111111111111,0.9,0.03979052734993266,0.038928551203010774,0.1,2.4327402909479825,0.20625428718295827,1.40625,0.9430664950169464,0.5790283179844472,0.211279479748546,0.018524784397335278,2.8807953982622587,0.7984968675808816,0.15687046211574945,0.03403761092662039,0.009938349305124187,0.0006498610048078585,6.849066816289027e-06,PR,217m (5).mat
9.86864910777917e-18,0.9999999999916597,0.9999999999833195,-0.5580304543780714,0.982053264351689,0.9999999999916597,-3.197270000009821,2.315422483692637,5.512692483702458,0.7240991926135973,-1.1614662734651662,-0.305183369758532,0.6110005522556681,1.3525968974968219,0.9161839220142001,0.0125,0.9999999999833195,0.04522823867968097,11,66.0,0.8572222222222223,0.03312900336861238,0.8055555555555556,0.9194444444444444,0.038646925465935074,0.0367582097060726,0.3333333333333333,2.0812824942868704,0.10020393640151712,1.40625,0.9039624151898948,0.5851577998966351,0.1799864359757331,0.01285941309813916,2.7585435012350117,0.7842959468587642,0.18971859765790988,0.019707099629781462,0.005869485135123963,0.00040448662306945385,4.384095350740354e-06,PR,217m (6).mat
-7.894919286223335e-18,0.9999999999924036,0.9999999999848073,-1.0464901534459934,2.4848352525559676,0.9999999999924036,-4.635570619049319,2.200164204050206,6.835734823099525,0.6866740220674042,-1.2076748590041324,-0.24405354730065634,0.5970908078844459,1.2615654128974647,0.8411443551851022,0.014444444444444444,0.9999999999848073,0.0437210070410376,11,66.0,0.8294444444444444,0.03356861408893508,0.7722222222222223,0.8888888888888888,0.04047120246968183,0.034756156257636006,0.1111111111111111,1.8912315164447906,0.10526373987771415,1.40625,0.7938405106442032,0.5132995029689924,0.16404845218850672,0.010056798810172515,2.768829100651142,0.819018828381106,0.15456477753178843,0.020323751184806917,0.005540013753604156,0.0005479110912875807,4.718057406678327e-06,PR,217m (7).mat
1.973729821555834e-17,0.9999999999923738,0.9999999999847475,-1.2369039997230806,3.0043439978391264,0.9999999999923738,-4.816009138760019,2.347971222638719,7.163980361398737,0.6608010969118555,-1.1792569104848825,-0.2033168337884146,0.5661649073238327,1.23079992632351,0.7694817411122473,0.013888888888888888,0.9999999999847475,0.04364899408888735,11,66.0,0.8413888888888887,0.0259525326436031,0.7972222222222223,0.8916666666666667,0.030844872038933522,0.02964409369181875,0.0,1.9378400213871545,0.15000711367282626,1.40625,0.8413862115858082,0.5410311681282544,0.1735817999003408,0.010328378909053955,2.7643694653934863,0.8484623445204884,0.12722350581651584,0.01937438814842695,0.00464253324051834,0.00029412829789142144,3.099976158886302e-06,PR,217m (8).mat
-1.1842378929335004e-17,0.9999999999916542,0.9999999999833085,-1.068226067530382,2.126346584474083,0.9999999999916542,-3.3814630909584342,2.5712837248529317,5.952746815811366,0.6810578691143082,-1.0798751586626825,-0.25173454510806126,0.5900291536774817,1.2829251761712595,0.8417636987855429,0.01361111111111111,0.9999999999833085,0.04701638957702683,12,72.0,0.8391414141414141,0.028239956684735883,0.8,0.8861111111111111,0.03365339402295717,0.03028924349674215,0.1,1.9184332603764735,0.21165035456874742,1.40625,0.9393869089656619,0.5904839772585975,0.20652994237391958,0.010532962228258598,2.7459433882964004,0.7346299379824712,0.23382560609827086,0.0255825837280017,0.005631746589997687,0.0003264682219327786,3.6573793255506415e-06,PR,217m (9).mat
-3.157967714489334e-17,0.9999999999735891,0.9999999999471784,5.032738201183399,29.07425855720649,0.9999999999735891,-1.5138081877325391,8.186763577652199,9.700571765384739,0.45623601529415636,-0.5348760344289255,-0.41964915327798824,0.09945228828063699,0.3882387061459995,0.5191014415586253,0.02638888888888889,0.9999999999471784,0.07584922232098966,12,72.0,0.801010101010101,0.12283634011318809,0.5444444444444444,0.9888888888888889,0.15335179894103146,0.21747534272040597,0.6,6.956288476091603,0.5723578585075761,5.625,1.0424263453324185,0.14459044772096585,0.40130907051117914,0.3547717833668171,4.405541140962668,0.1998399846079505,0.2762037048716668,0.36711337514683157,0.14970248161888544,0.0070729444013731095,6.750935329222846e-05,APB,100m (0).mat
-8.881784197001253e-18,0.99999999997496,0.9999999999499202,4.875814966165995,26.509580533287966,0.99999999997496,-1.3760066978425627,7.690964712414635,9.066971410257198,0.4500298871235089,-0.5192815078957812,-0.3936353992042819,0.07316942915734977,0.3503839365468146,0.4668048283616317,0.023333333333333334,0.9999999999499202,0.07700238642822677,13,78.0,0.7944444444444444,0.06656048643083569,0.6138888888888889,0.9166666666666666,0.0837824303669202,0.1151750485433302,0.36363636363636365,6.67273307185881,0.4551833391422484,5.625,0.9238647275602078,0.14069505138772745,0.36714372159726366,0.2921785290096017,4.374942690039809,0.1957619163287542,0.26614904859841104,0.36603168950940146,0.16517644992089034,0.006818554909676401,6.234073286620405e-05,APB,100m (1).mat
3.947459643111668e-18,0.9999999999738478,0.9999999999476956,4.974668015488836,28.288506400709426,0.9999999999738478,-1.4860521438719836,7.71079476940896,9.196846913280943,0.45402532459097844,-0.5325720805274817,-0.4115622571257658,0.10258578280581102,0.3746763852095825,0.5141480399315768,0.021388888888888888,0.9999999999476956,0.07563809217153107,12,72.0,0.808080808080808,0.04747340423631653,0.6777777777777778,0.8666666666666667,0.05874833766974065,0.05543737429871478,0.1,6.978431823239997,0.3782527395378555,5.625,1.0795927108020622,0.13843384883281576,0.4193246947900313,0.37740386451606184,4.40316741531474,0.24184147465327566,0.2863199264240926,0.358698470763691,0.10616279748885016,0.006912180174474067,6.515049561642606e-05,APB,100m (2).mat
-1.973729821555834e-17,0.9999999999767608,0.9999999999535216,4.496388317917435,24.32953927847926,0.9999999999767608,-1.670387314677095,9.0017375061262,10.672124820803296,0.48293537883881804,-0.5770751199156795,-0.3987719465709343,0.04907671678373393,0.3943555048295072,0.4478486633546682,0.021944444444444444,0.9999999999535216,0.07259554005063862,13,78.0,0.8173611111111111,0.0724100566674572,0.6583333333333333,0.9888888888888889,0.08859004373285362,0.12286333231982505,0.36363636363636365,6.372990346795676,0.8484651300789051,5.625,0.7382296594301125,0.10816730216602291,0.27732354946391913,0.2582340539638644,4.422143341835332,0.48830539391409566,0.1718035419449588,0.25147265306995703,0.08342921800673175,0.004943654310406066,4.553875385056164e-05,APB,100m (3).mat
-2.4671622769447924e-18,0.999999999971572,0.9999999999431439,4.664461302409672,25.568230964497612,0.999999999971572,-1.6311790113235485,7.665324386071728,9.296503397395277,0.4662222311533186,-0.5423764718648209,-0.40486251843794047,0.07652000719070458,0.4701142407542026,0.48138252562864503,0.028333333333333332,0.9999999999431439,0.08138854037140604,12,72.0,0.859090909090909,0.19899823086694685,0.7611111111111111,1.4833333333333334,0.23163815206226412,0.30444368410286243,0.2,6.632419852368013,0.499594686565808,5.625,0.9377819306112793,0.11136184882609786,0.3611279070571183,0.3419478047981064,4.426776238106112,0.1438248307164301,0.3635761940498082,0.32713116236369916,0.15686066650301583,0.008532913921021103,7.423244602535514e-05,APB,100m (4).mat
3.947459643111668e-18,0.9999999999786225,0.9999999999572452,4.755706209956687,26.784604757685162,0.9999999999786225,-1.4640329239713714,8.48779281214096,9.951825736112331,0.5134732640643116,-0.6099413872650729,-0.36172648971048144,0.026783348080828894,0.6748330695440529,0.3885098377913103,0.015277777777777777,0.9999999999572452,0.058918752312911694,10,60.0,1.0027777777777778,0.14885249232673023,0.6583333333333333,1.275,0.14844015840494298,0.24468304327571752,0.25,7.065347362979551,0.4787652839037446,2.8125,0.8643835232096309,0.23195969351648882,0.3417531986663616,0.16897987890513783,4.096525606434097,0.43546244847380805,0.29559579347265574,0.2212985470670807,0.04349064440368839,0.004113452158283462,3.9114424483267335e-05,APB,101m (0).mat
1.7763568394002505e-17,0.9999999999787909,0.9999999999575817,4.680891405365461,25.93982495705406,0.9999999999787909,-1.0153032884498534,7.942248617493241,8.957551905943093,0.508889854350966,-0.6126946108462433,-0.38775811444399877,0.05522795563920233,0.6477576116069084,0.4429860700832011,0.018055555555555554,0.9999999999575817,0.05924526262366356,10,60.0,1.0046296296296295,0.06737025838363421,0.925,1.15,0.06705979629668236,0.10324125975621071,0.375,6.971816207670253,0.41726724563975204,2.8125,0.8542749492074779,0.23283562027060384,0.3397867595530296,0.16053905499663207,4.091469172593721,0.4168001264224595,0.27197477225939065,0.2552187180100404,0.05254341943128506,0.0034313113368286477,3.165253999553023e-05,APB,101m (1).mat
5.921189464667502e-18,0.999999999982807,0.9999999999656141,4.6669392568969545,24.802876220948924,0.999999999982807,-1.1477163495478138,7.0619511606286824,8.209667510176496,0.4846406145918336,-0.5981254797692809,-0.37242201576538925,0.01462951592811728,0.5828846372199027,0.38705153169350653,0.022222222222222223,0.9999999999656141,0.06673994423592812,11,66.0,0.8902777777777778,0.05850833537746544,0.7722222222222223,1.0083333333333333,0.06571919098979298,0.0901054861163175,0.4444444444444444,6.693396912016999,0.25248469490697206,4.21875,1.062650730820183,0.20517633663034246,0.4312013392741091,0.26136249893913155,4.129115435097342,0.28906733252458183,0.32382577886887026,0.2852102490979933,0.09880106333560437,0.0030714994077104614,2.4076765239533498e-05,APB,103m (0).mat
-2.6645352591003756e-17,0.9999999999780865,0.9999999999561732,0.49206773826301076,3.7387126854975907,0.9999999999780865,-4.380338119169798,4.7243836015114,9.104721720681198,0.7070119738487368,-1.0737937612713344,-0.5819885929218365,0.4695160229489539,0.8563267810705449,1.0515046158707904,0.035555555555555556,0.9999999999561732,0.10692740030032925,14,84.0,0.6891025641025641,0.057626584913319366,0.5333333333333333,0.8166666666666667,0.08362555565983475,0.10540620525849455,0.25,3.7996405616846496,0.40858956458365236,1.40625,0.8518611525869015,0.3013741891848642,0.3031787371515533,0.1627291804348644,4.027265961445263,0.5287969565937345,0.16959743165842278,0.25289377028633075,0.04601188303715504,0.0026739836048742596,2.5974819482541246e-05,APB,112m (0).mat
-1.973729821555834e-18,0.9999999999734518,0.9999999999469037,1.2254808182613253,4.83505666793626,0.9999999999734518,-2.8938566412310696,5.067263338560219,7.961119979791288,0.7220265371412162,-1.1563520832546361,-0.7217236857893885,0.48282525233019724,0.7415187763426043,1.2045489381195857,0.014444444444444444,0.9999999999469037,0.07419153987026167,13,78.0,0.768287037037037,0.0770506548460719,0.6305555555555555,0.9638888888888889,0.10028889078089262,0.11975822070056302,0.2727272727272727,4.447167824079877,0.296436753150499,1.40625,0.9117840561738259,0.3833006064215134,0.30622494900791075,0.13489311506047375,3.805340127656914,0.47500757553348505,0.2523588669428598,0.2163282500149021,0.05496092426559591,0.0013344137088325673,9.969534324280392e-06,APB,112m (1).mat
-9.86864910777917e-18,0.9999999999875546,0.9999999999751094,3.790515783183885,15.178827686815612,0.9999999999875546,-0.9908931384924105,5.699236198196571,6.690129336688981,0.47611848168610993,-0.6567481186379257,-0.3754429479423187,-0.024848826701623365,0.17364586573246754,0.35059412124069533,0.018333333333333333,0.9999999999751094,0.046316035547274786,12,72.0,0.8613636363636364,0.07216834184273718,0.7194444444444444,1.0,0.08378382684416748,0.12808839058427243,0.5,5.474141583431198,0.15096604461072938,2.8125,0.943062147758381,0.4005891285102746,0.353898387339902,0.05489007456119105,3.5278031023641367,0.5439189918649489,0.2764371834966945,0.15948334686068494,0.019105034241694827,0.00104519216668379,1.0251369292895445e-05,APB,114m (0).mat
-6.908054375445418e-18,0.9999999999842373,0.9999999999684747,3.8956363852959877,16.790933921279787,0.9999999999842373,-0.9733475725732911,6.901900047129848,7.875247619703139,0.4746378599429555,-0.6832528565978968,-0.4488968475788412,0.024736004195235875,0.18163132513463492,0.47363285177407705,0.027777777777777776,0.9999999999684747,0.051158650997836695,12,72.0,0.8411616161616162,0.05298097754124971,0.7583333333333333,0.9388888888888889,0.06298549108793945,0.09565805226410877,0.6,5.5632714899482325,0.6794058804307048,2.8125,0.9372415301888501,0.36479105583299254,0.36809348831637706,0.06810199702638514,3.6312958136223203,0.5018502923793378,0.34757453843312686,0.12347839503117125,0.025720954133041662,0.0013625271334794962,1.3292889842783538e-05,APB,114m (1).mat
-3.947459643111668e-18,0.9999999999831712,0.9999999999663426,3.3061051918620916,14.79991907206492,0.9999999999831712,-1.5857660590350044,6.96538133513083,8.551147394165834,0.5346769297827395,-0.829191734415504,-0.39250059196031944,0.13969475911033574,0.39758492012960683,0.5321953510706552,0.020833333333333332,0.9999999999663426,0.052074375409174915,9,54.0,1.1013888888888888,0.6134849726997353,0.8138888888888889,2.7222222222222223,0.5570103151863329,0.7045408901981484,0.2857142857142857,5.75370853516686,0.5849556446221661,2.8125,0.8985484622175884,0.40529008863584903,0.3212284533278624,0.05254143926271269,3.5082709615088645,0.6224306309599903,0.21575415753899838,0.14700910806818684,0.01373348089035552,0.001061963627754263,1.0658914714447416e-05,APB,114m (2).mat
-4.440892098500626e-18,0.9999999999843607,0.9999999999687215,3.8927358701520056,16.666173274270243,0.9999999999843607,-0.983761347980116,6.490345516822157,7.474106864802273,0.5001769673535049,-0.6130893521079858,-0.4233701276023325,0.03985591516174744,0.30191531552985723,0.46322604276407997,0.015555555555555555,0.9999999999687215,0.05091391483283493,12,72.0,0.7954545454545454,0.07794240088245219,0.5888888888888889,0.9166666666666666,0.0979847324147591,0.13619328585180368,0.5,5.568697282857186,0.6956568220294342,2.8125,1.0351410577493678,0.38447562711488326,0.41353809255893176,0.07897243629605834,3.644826984870825,0.49069843890039055,0.31115576953517976,0.1711242556842413,0.025519630445922106,0.0014868474316790021,1.5058002586873174e-05,APB,114m (3).mat
-1.578983857244667e-17,0.9999999999778175,0.9999999999556352,3.7755351373906034,16.160108450813635,0.9999999999778175,-0.8679687006356938,6.5117368316396345,7.379705532275328,0.5649393622312394,-0.5520527334231418,-0.45696604311885536,-0.01651756832521631,0.8717438619069157,0.440448474793639,0.014444444444444444,0.9999999999556352,0.05001746160165194,10,60.0,1.0185185185185186,0.2956880330591278,0.49444444444444446,1.3583333333333334,0.29031188671847374,0.5317540274215253,0.75,5.8176760038999245,0.3288797481764235,4.21875,0.8697733416761355,0.29712773936989073,0.3382420564611875,0.05740021397472492,3.4950363608809094,0.5614443803867422,0.2799828671259659,0.1351150418994099,0.022807324151438952,0.0006451580788157714,5.228357627077068e-06,APB,202m (0).mat
1.3816108750890837e-17,0.9999999999793439,0.9999999999586878,3.8553036574497765,16.844600044013614,0.9999999999793439,-0.989943339248712,6.262468100886801,7.252411440135513,0.5553930383287311,-0.5615568631820665,-0.42885930693619323,-0.07185795712525302,0.8305733157822784,0.3570013498109402,0.014444444444444444,0.9999999999586878,0.051040454158961586,10,60.0,0.9956790123456791,0.27532282806832475,0.48333333333333334,1.2444444444444445,0.27651765717466054,0.41977543967350733,0.5,5.889087028109189,0.32230803579751643,4.21875,1.0079520767745973,0.31934102276717563,0.41069686696015373,0.07667700102079072,3.569000338513896,0.5542198860126547,0.2734843433384201,0.1462532531877886,0.025308835862014035,0.0007277649283507722,5.916670771729117e-06,APB,202m (1).mat
0.0,0.9999999999850113,0.9999999999700226,3.9960539211274657,16.288857705967256,0.9999999999850113,-0.7311970834877254,6.001449075485305,6.73264615897303,0.4858873364652281,-0.5506753524037353,-0.36283549753678307,-0.07972288007839055,0.2799282394077124,0.2831126174583925,0.015277777777777777,0.9999999999700226,0.051284731624421265,13,78.0,0.6842592592592593,0.30236621138737,0.40555555555555556,1.1888888888888889,0.4418883732356159,0.545011686568345,0.9090909090909091,5.460891857840886,0.25398654968528034,4.21875,1.0413256042054575,0.3598238008396466,0.42097771506278214,0.0759831504259126,3.599042803958755,0.5410819595917736,0.2800429931765323,0.1572991272778079,0.020956145185648988,0.0006150827163404593,4.6920518965754025e-06,APB,202m (2).mat
5.921189464667502e-18,0.9999999999789254,0.9999999999578508,3.8894846434262638,17.047626313419844,0.9999999999789254,-0.926302995523781,6.265730125780698,7.19203312130448,0.5487445839242251,-0.5826432926033875,-0.45345419907667356,-0.015301211735964814,0.7814095872084051,0.43815298734070873,0.013333333333333334,0.9999999999578508,0.0495386515841918,10,60.0,1.0070987654320986,0.28582213355276426,0.475,1.325,0.28380745074821334,0.5130501789407261,0.875,5.887360610547093,0.29151384474247977,4.21875,0.7914679283421443,0.26333332541099097,0.31511108594319187,0.05771338731731682,3.562115817968917,0.5278794269878473,0.31110488824032634,0.14112262936733774,0.01922322709604283,0.0006643581118724672,5.470196573157727e-06,APB,202m (3).mat
3.157967714489334e-17,0.999999999983255,0.9999999999665099,2.3840738147229867,10.338404863727739,0.999999999983255,-2.428890275196386,6.617561889858039,9.046452165054426,0.605125628745127,-0.736482915058045,-0.3983485642572356,0.19208279656950028,0.8577312727509399,0.5904313608267359,0.013055555555555556,0.9999999999665099,0.04486901533364388,10,60.0,1.0070987654320986,0.39411199498849553,0.3972222222222222,1.8694444444444445,0.3913340062809695,0.643018807445315,0.625,5.098376661085299,0.6765953598566538,1.40625,0.8076133377634214,0.3505883461062172,0.27476184585986835,0.0553409698966991,3.5812381692044717,0.653139902080747,0.23291793078660872,0.10578019230622678,0.007641954786274699,0.0005158204467630114,4.199593379470386e-06,APB,202m (4).mat
2.960594732333751e-18,0.9999999999780854,0.999999999956171,2.348539209710567,11.636567223557325,0.9999999999780854,-3.217606333759012,5.827055911119726,9.044662244878738,0.5740518684673307,-0.6026966849318429,-0.4308913539487892,0.14057000921183863,0.8717150502021876,0.5714613631606278,0.028888888888888888,0.999999999956171,0.10017513154698883,16,96.0,0.6214814814814814,0.045207189541958695,0.4861111111111111,0.7111111111111111,0.07274100808515362,0.07342556729764232,0.21428571428571427,5.366251747151283,0.21764278217418112,4.21875,1.050510790668034,0.1137083674995897,0.3379329720552728,0.46536438461864066,4.461443577258742,0.19386063998347675,0.24800585676962753,0.343799195819565,0.20537773199451406,0.00887812661992289,7.844881289359677e-05,APB,209m (0).mat
0.0,0.9999999999776775,0.999999999955355,2.3785660238433155,11.834968258425146,0.9999999999776775,-3.3703283793994854,5.875769546479367,9.246097925878852,0.5698030359533989,-0.6372215695085531,-0.4155514396604803,0.1790691529417503,0.8044232348105657,0.5946205926022305,0.025277777777777777,0.999999999955355,0.0980492472676187,16,96.0,0.6231481481481481,0.03950135001426212,0.5055555555555555,0.6666666666666666,0.06338998209055262,0.04771567577102638,0.07142857142857142,5.3639127961857564,0.270924598877926,4.21875,1.0373755151290496,0.10501557217193036,0.3439682142690326,0.4589116124691942,4.447903908409526,0.1794381603528284,0.21665401442403634,0.37484174117454105,0.22064620336252685,0.008347208372237262,7.267231382983931e-05,APB,209m (1).mat
3.454027187722709e-18,0.9999999999783041,0.9999999999566083,2.7326514692207886,12.411107192677255,0.9999999999783041,-2.9272853814721116,6.243828367042453,9.171113748514564,0.5809163172532145,-0.6219434353106357,-0.43114175536536453,0.14074026037526355,0.880278255372231,0.5718820157406281,0.025,0.9999999999566083,0.09487785062513568,16,96.0,0.6438888888888888,0.06059716545272846,0.5166666666666667,0.8222222222222222,0.09411121453452205,0.09957471293852731,0.2857142857142857,5.434022871356481,0.36123199851845395,4.21875,0.946557064330767,0.11467904369862111,0.31377367822866525,0.38708660173353465,4.425667303188611,0.2080745431640101,0.2168251150096438,0.40140809482177714,0.1657060992556389,0.007915274565340122,7.087318358962934e-05,APB,209m (10).mat
-8.881784197001253e-18,0.9999999999774583,0.9999999999549166,2.6741793315590243,12.168774556766277,0.9999999999774583,-3.0708224853332933,6.040164022029114,9.110986507362409,0.5795961929502146,-0.6282407852041525,-0.4315397147557257,0.12989992876128026,0.8769355053515041,0.5614396435170059,0.027777777777777776,0.9999999999549166,0.09501441180701328,16,96.0,0.6242592592592593,0.04398450282020012,0.48333333333333334,0.6777777777777778,0.07045871102005447,0.05578326350055622,0.07142857142857142,5.421095645708319,0.2359280012703786,4.21875,0.9940539392818909,0.11369890832069013,0.33838033862086014,0.40329349434991896,4.398368382854299,0.19923842557966828,0.2327211852573673,0.4090471099599836,0.15141057015166498,0.007517377801564147,6.533124975146792e-05,APB,209m (11).mat
-8.881784197001253e-18,0.9999999999799336,0.9999999999598673,2.92389969050905,13.15775722211039,0.9999999999799336,-2.984760632284859,6.193560413957066,9.178321046241924,0.5700317449529302,-0.6170569281414593,-0.4216020374706258,0.10676991475794699,0.8282161167301905,0.5283719522285728,0.026111111111111113,0.9999999999598673,0.0990423063386906,16,96.0,0.631111111111111,0.03375047629598376,0.5333333333333333,0.6916666666666667,0.05347786728566076,0.055097316501933974,0.21428571428571427,5.490099191003343,0.3538710141256607,4.21875,0.9545403392378764,0.1178665528421145,0.33876722337786486,0.36447558422795123,4.385284010613313,0.20033876081710633,0.2173807351234073,0.4640362331417863,0.11133376035737204,0.006851908306455577,5.860225387217005e-05,APB,209m (12).mat
-1.973729821555834e-18,0.9999999999792472,0.9999999999584944,2.7863859154378567,12.965663539732748,0.9999999999792472,-3.034713016973061,6.19475822447643,9.229471241449492,0.574962875063889,-0.643754668645779,-0.43984314526352375,0.1636383929122527,0.8335912769357786,0.6034815381757764,0.02861111111111111,0.9999999999584944,0.0955341623925914,15,90.0,0.6343253968253968,0.08597407902998536,0.4083333333333333,0.7611111111111111,0.13553623948327295,0.14349623023329947,0.5384615384615384,5.5308450229230575,0.33173806708005915,4.21875,0.9736468449794944,0.12263024985134344,0.3420137249927188,0.3721476077247683,4.384440531356742,0.23413928574896006,0.1855641501981617,0.3937698587602778,0.17976010428926578,0.006707764488895773,5.8836514438601734e-05,APB,209m (13).mat
-9.86864910777917e-18,0.9999999999793039,0.9999999999586078,2.627995942977434,12.060791518163127,0.9999999999793039,-3.2598678802268335,6.126015894633025,9.38588377485986,0.5989015384436358,-0.6880760066761549,-0.4462413208389423,0.24223570426959756,0.8498836732993957,0.6884770251085399,0.022222222222222223,0.9999999999586078,0.08978474267614288,15,90.0,0.640079365079365,0.05490405979809621,0.49444444444444446,0.75,0.08577695627715098,0.08337961677668686,0.3076923076923077,5.471271292590395,0.3926351535356805,4.21875,0.9971211892833827,0.1220934006294498,0.34522856341877173,0.3920725067250777,4.402847397439008,0.26960050868289276,0.19395245965034094,0.3553207114161318,0.17387387920233482,0.007190502952189262,6.193809611005287e-05,APB,209m (14).mat
3.947459643111668e-18,0.9999999999793772,0.9999999999587544,2.8846547484718728,13.332111456719627,0.9999999999793772,-2.7581141436981285,5.976933844353366,8.735047988051495,0.5749801600905362,-0.5953651807586662,-0.44501583264640804,0.13703521103616176,0.8884510711256641,0.5820510436825698,0.025555555555555557,0.9999999999587544,0.09173027844556074,15,90.0,0.6640873015873016,0.03920596764161092,0.575,0.725,0.059037369768799135,0.060779988709610364,0.3076923076923077,5.611514625818267,0.21499346163095748,4.21875,0.9087295861722511,0.12138360853455447,0.3110867946180832,0.34828579605285825,4.384932756288099,0.23557543287720525,0.2164999142039679,0.3592320661622519,0.18162835091798737,0.00700370274160076,6.053309698666294e-05,APB,209m (15).mat
2.960594732333751e-18,0.9999999999788739,0.9999999999577479,2.882767561609542,13.064329617851122,0.9999999999788739,-2.822328034716805,6.069401793544784,8.891729828261589,0.5860986982279872,-0.6685676622627799,-0.43153480602682165,0.17529515253109942,0.8570067403995804,0.6068299585579211,0.03666666666666667,0.9999999999577479,0.11336486470044498,15,90.0,0.640079365079365,0.03805387966583129,0.5527777777777778,0.7083333333333334,0.059451814388144016,0.06559411440254767,0.38461538461538464,5.570935785555822,0.33996661713701937,4.21875,1.0077469000627999,0.12743151392077456,0.3537898973704099,0.38533260197311536,4.387260900427976,0.22293452746314124,0.21517691377759293,0.42304066280055275,0.13139662482919112,0.00738536752851102,6.590360101075676e-05,APB,209m (16).mat
1.282924384011292e-17,0.9999999999799786,0.9999999999599571,2.8950771732590566,12.651538667136466,0.9999999999799786,-2.839059380861392,6.033342569581036,8.872401950442427,0.5909557396691867,-0.7004290252494314,-0.46698233394245375,0.1798837319621845,0.8562089869637884,0.6468660659046382,0.045,0.9999999999599571,0.11722647726151122,16,96.0,0.6411111111111111,0.03599268329853732,0.5416666666666666,0.6888888888888889,0.05614110037808769,0.04788862188265713,0.21428571428571427,5.481582375884836,0.25178177241749705,4.21875,0.9529438416476244,0.11723276802750356,0.31749461121022327,0.3837906629081245,4.4455112737554385,0.23187755078370392,0.25534870983660135,0.3074495212961262,0.19615808783762267,0.009081871556759331,8.425868918639078e-05,APB,209m (17).mat
5.921189464667502e-18,0.9999999999783032,0.9999999999566065,2.5595399859959747,11.81070775481976,0.9999999999783032,-2.982098704722709,5.971087385312147,8.953186090034857,0.5944611558276378,-0.6467483040035095,-0.43505840642334653,0.16902987386392648,0.9204794684754485,0.604088280287273,0.024444444444444446,0.9999999999566065,0.0932000162134279,15,90.0,0.638888888888889,0.046040297508910547,0.5472222222222223,0.7416666666666667,0.07206307424897865,0.08181305561080131,0.5384615384615384,5.482770253517333,0.23308874791569592,4.21875,1.031279902083437,0.131658064520145,0.35068981418729145,0.41373458276203495,4.434552504243013,0.2396546240969725,0.17721194345008237,0.40973779782457553,0.1655694494579475,0.00775861252317433,6.757264724759483e-05,APB,209m (18).mat
9.86864910777917e-19,0.9999999999801203,0.9999999999602407,2.8202461740736866,12.612925790413467,0.9999999999801203,-2.9324579032886597,6.267133739946356,9.199591643235015,0.5777823662726854,-0.5973445742274685,-0.41261809262136206,0.12189914177129024,0.8526326425154099,0.5345172343926523,0.025277777777777777,0.9999999999602407,0.09817352984897235,17,102.0,0.6102430555555556,0.0491705776653837,0.4305555555555556,0.65,0.08057539883029753,0.06027201713384674,0.06666666666666667,5.375008295970183,0.3866050465225505,4.21875,0.9307920290843027,0.11531233336262625,0.30459958883480326,0.3834109556547904,4.447748823997754,0.17474400235039667,0.2409195268848015,0.34803103069850905,0.2275827508340667,0.008650746235464735,7.194299676104302e-05,APB,209m (19).mat
-1.578983857244667e-17,0.9999999999806055,0.9999999999612111,0.9289133107456179,8.87433455631581,0.9999999999806055,-5.940822434247771,5.274731174607395,11.215553608855167,0.5725097831197127,-0.6104236346300821,-0.3410371559352223,0.25190743153246153,0.8538728867487041,0.5929445874676839,0.029722222222222223,0.9999999999612111,0.09065311765227155,17,102.0,0.6223958333333333,0.04477383096663733,0.4666666666666667,0.6638888888888889,0.07193787055884768,0.053772306118947455,0.06666666666666667,4.469329280049464,0.9577545269470833,4.21875,0.7363886048475172,0.10290502530637072,0.22795007473878043,0.309291309714352,4.461854880589146,0.34549331857540083,0.1696318835828912,0.28366373813491147,0.19346138557629863,0.007683960202409133,6.571392808865756e-05,APB,209m (2).mat
2.0724163126336256e-17,0.9999999999784694,0.9999999999569389,2.779113000447325,12.738216716195309,0.9999999999784694,-2.9248203654260503,5.953730011085792,8.878550376511843,0.5749347052875381,-0.5933780586554092,-0.42024259088846955,0.10763567549696477,0.9017493772431644,0.5278782663854343,0.02388888888888889,0.9999999999569389,0.0952063740068197,16,96.0,0.6387037037037037,0.05606678361530745,0.4888888888888889,0.7694444444444445,0.08778214875286654,0.09554678808061552,0.21428571428571427,5.506057673924341,0.20648837016517266,4.21875,0.9323515240536596,0.11638337380619954,0.3052074626834777,0.38584133619292954,4.445555882922095,0.18668187021796984,0.2302951670505198,0.36965292880395556,0.20476437178166984,0.00853109143744751,7.457070843728424e-05,APB,209m (20).mat
5.921189464667502e-18,0.9999999999783032,0.9999999999566065,2.5595399859959747,11.81070775481976,0.9999999999783032,-2.982098704722709,5.971087385312147,8.953186090034857,0.5944611558276378,-0.6467483040035095,-0.43505840642334653,0.16902987386392648,0.9204794684754485,0.604088280287273,0.024444444444444446,0.9999999999566065,0.0932000162134279,15,90.0,0.638888888888889,0.046040297508910547,0.5472222222222223,0.7416666666666667,0.07206307424897865,0.08181305561080131,0.5384615384615384,5.482770253517333,0.23308874791569592,4.21875,1.031279902083437,0.131658064520145,0.35068981418729145,0.41373458276203495,4.434552504243013,0.2396546240969725,0.17721194345008237,0.40973779782457553,0.1655694494579475,0.00775861252317433,6.757264724759483e-05,APB,209m (21).mat
4.934324553889585e-18,0.9999999999790352,0.9999999999580704,2.378540559382324,10.572690872765547,0.9999999999790352,-3.1021504223753618,5.617052521313454,8.719202943688815,0.6036013546403827,-0.6522732508788412,-0.4230967409464093,0.16316690246343935,0.9742588635729665,0.5862636434098487,0.024166666666666666,0.9999999999580704,0.09840021713093552,16,96.0,0.6337037037037038,0.05850386595740142,0.4722222222222222,0.7666666666666667,0.09232053643233101,0.09099380272325584,0.21428571428571427,5.267412242200383,0.17348443210406628,4.21875,0.9413317998983156,0.14494180106187893,0.29950438017093683,0.37299152395211904,4.450010730752029,0.2330669325745654,0.22395932348584122,0.36313686165137493,0.17176113156983325,0.008005567082722617,7.018363566238047e-05,APB,209m (22).mat
3.947459643111668e-18,0.999999999979406,0.9999999999588122,2.713361123848126,11.971575099817967,0.999999999979406,-2.827557490096575,5.940171501594702,8.767728991691277,0.5893940163916775,-0.6133913148767901,-0.4303052159859879,0.12588213728902348,0.9531783149057969,0.5561873532750115,0.025,0.9999999999588122,0.09489066485173106,16,96.0,0.6375925925925924,0.03448424621927214,0.55,0.7027777777777777,0.05408507966657281,0.05880384695090744,0.21428571428571427,5.4233771203586185,0.24889413825440612,4.21875,0.9312807958700104,0.12744197720865136,0.30151645791283477,0.3741795869826524,4.443920363399107,0.22449413263891518,0.22212288793684007,0.3381187561162366,0.20730511157057688,0.007890025348208382,6.908638922267823e-05,APB,209m (23).mat
4.934324553889585e-18,0.9999999999775321,0.9999999999550642,2.177791678287076,10.591171197484298,0.9999999999775321,-3.4787647725456643,5.813208081605269,9.291972854150933,0.5996261490982683,-0.6410949863292925,-0.4236563810289575,0.18881001092922345,0.9351433142091743,0.612466391958181,0.024722222222222222,0.9999999999550642,0.09923431237050818,16,96.0,0.6235185185185184,0.0617380856591009,0.475,0.7166666666666667,0.0990156406369054,0.08726821151336117,0.35714285714285715,5.247822148196471,0.32614675074372246,4.21875,0.9453962273500495,0.13818085943006597,0.28096750208027477,0.4103552099539848,4.495682227613241,0.231872510778298,0.23977614257645058,0.2630159336416906,0.25570866385032437,0.009541391134219824,8.535801901623384e-05,APB,209m (24).mat
2.960594732333751e-18,0.9999999999779111,0.9999999999558222,1.964369964567939,9.712357367750373,0.9999999999779111,-3.585988719479115,5.729975381399099,9.315964100878213,0.6024630126387072,-0.6504475850536291,-0.4354060858422538,0.16512597026970127,0.9829860986166525,0.6005320561119551,0.02638888888888889,0.9999999999558222,0.0987465901813586,16,96.0,0.6268518518518518,0.062973855266991,0.4888888888888889,0.7277777777777777,0.10046050750347553,0.10225359680698146,0.35714285714285715,5.117243311478255,0.3534377647219703,4.21875,1.0031287027769693,0.15016690094591506,0.30094031531084087,0.4274453470971798,4.484368320578726,0.23644784128758317,0.20728394609590478,0.35794654997858455,0.1893123391250727,0.008930555336373922,7.87681764806606e-05,APB,209m (25).mat
-5.427757009278543e-18,0.9999999999782646,0.9999999999565292,2.3687287117486373,10.835621269317631,0.9999999999782646,-3.0725516390870022,5.66465831267292,8.737209951759922,0.5964644622529647,-0.6117694609806991,-0.43168072541463165,0.12681861780868847,0.9831903964098553,0.5584993432233201,0.02638888888888889,0.9999999999565292,0.09877867136592447,16,96.0,0.6262962962962962,0.035207595202528814,0.5472222222222223,0.7138888888888889,0.05621555700475802,0.051477294184703246,0.21428571428571427,5.319601940244239,0.18869873857444283,4.21875,1.0194184363033003,0.1343886654559413,0.32325187910861036,0.42829052077599705,4.456549625000996,0.21874574501528102,0.18868982390137568,0.4250180023904776,0.15894603381461248,0.008526045114743936,7.434976350900448e-05,APB,209m (26).mat
-4.934324553889585e-18,0.9999999999800325,0.9999999999600651,1.3623335530892304,8.350507774226225,0.9999999999800325,-4.702350775520901,5.759425644592795,10.461776420113697,0.6003698226446895,-0.668119714440024,-0.39405708167495224,0.22778655858014663,0.891819389620132,0.6218436402550989,0.024444444444444446,0.9999999999600651,0.08637294493548421,15,90.0,0.6392857142857143,0.052472562987385174,0.48333333333333334,0.7138888888888889,0.0820799866675165,0.0858003767670709,0.23076923076923078,4.791994165266617,0.46106967054301584,4.21875,0.8664809450525882,0.1542195131326424,0.26405456807453276,0.34543246115379644,4.463693628137968,0.3954831037480619,0.209734080058979,0.24960984208201928,0.1386813603556096,0.006438582915117681,5.3030840212250976e-05,APB,209m (27).mat
-1.0855514018557087e-17,0.9999999999788555,0.999999999957711,2.624865901495469,11.232411486929177,0.9999999999788556,-2.9424667828452895,5.699536430259275,8.642003213104564,0.5928182954765275,-0.6251007925354032,-0.4537990349271772,0.16332474678099043,0.8531305434507984,0.6171237817081676,0.027777777777777776,0.9999999999577112,0.10131557269883221,17,102.0,0.5925347222222221,0.07074285309134123,0.42777777777777776,0.6888888888888889,0.11939022359168998,0.11405588479323232,0.4666666666666667,5.259262469636486,0.2266726071941883,4.21875,0.9895424095156681,0.1128477291375666,0.3508518646133427,0.3858358793176515,4.407128381255879,0.20884993024934798,0.24069175530992573,0.3155572876724139,0.2270569557017978,0.007775708108892183,6.83629576222368e-05,APB,209m (28).mat
-1.0855514018557087e-17,0.9999999999788555,0.999999999957711,2.624865901495469,11.232411486929177,0.9999999999788556,-2.9424667828452895,5.699536430259275,8.642003213104564,0.5928182954765275,-0.6251007925354032,-0.4537990349271772,0.16332474678099043,0.8531305434507984,0.6171237817081676,0.027777777777777776,0.9999999999577112,0.10131557269883221,17,102.0,0.5925347222222221,0.07074285309134123,0.42777777777777776,0.6888888888888889,0.11939022359168998,0.11405588479323232,0.4666666666666667,5.259262469636486,0.2266726071941883,4.21875,0.9895424095156681,0.1128477291375666,0.3508518646133427,0.3858358793176515,4.407128381255879,0.20884993024934798,0.24069175530992573,0.3155572876724139,0.2270569557017978,0.007775708108892183,6.83629576222368e-05,APB,209m (29).mat
-3.947459643111668e-18,0.9999999999785243,0.9999999999570486,2.217903816612554,10.593241681288463,0.9999999999785243,-3.2765857132030947,6.194773451675921,9.471359164879015,0.5974679476626539,-0.6840229698779423,-0.43979908715632077,0.23119046174796715,0.877850088639847,0.6709895489042879,0.029722222222222223,0.9999999999570486,0.09887197045509939,16,96.0,0.6222222222222221,0.04822998742735477,0.4861111111111111,0.7166666666666667,0.07751247966938941,0.07856742013183861,0.21428571428571427,5.202150074667439,0.475219858023169,4.21875,0.9560736234245257,0.1251997008501385,0.3104324736176845,0.4027190548251948,4.455858470596956,0.22112527189749082,0.1892297071283828,0.3469698855593643,0.23484145621984873,0.007766026625100959,6.765256981212589e-05,APB,209m (3).mat
1.6776703483224588e-17,0.9999999999800405,0.9999999999600812,2.3884138669823516,10.313810664511967,0.9999999999800405,-3.037500749345743,5.739357474749407,8.77685822409515,0.5966582693578182,-0.72307548688706,-0.46008113576133214,0.21700376664439067,0.8267829284967938,0.6770849024057228,0.044444444444444446,0.9999999999600812,0.12194666007635792,17,102.0,0.609201388888889,0.05626901898976902,0.49722222222222223,0.7472222222222222,0.0923652176828287,0.09228467318764147,0.4,5.122199029886068,0.3768976222496058,4.21875,0.9287670672526493,0.11993977449051879,0.30315769174849655,0.3837685745162703,4.454305260844421,0.2223444757831012,0.2202911458990879,0.42462803709108365,0.12440814263759273,0.008253364662318224,7.483392681606673e-05,APB,209m (30).mat
-7.401486830834377e-18,0.999999999978632,0.9999999999572641,2.6688398611668704,11.908882558246935,0.999999999978632,-3.080275221168278,5.825628177388881,8.90590339855716,0.584475448408848,-0.6892678332570187,-0.43720976823152197,0.16579683798342257,0.8638149204476627,0.6030066062149445,0.045,0.9999999999572641,0.12041228930671256,16,96.0,0.6159259259259259,0.03646502731022225,0.5138888888888888,0.6861111111111111,0.05920359204915838,0.06248456599556665,0.21428571428571427,5.408981743049179,0.24625460567268062,4.21875,1.0630121797950223,0.11230330656044386,0.36580633464633083,0.4414103614764295,4.427758014735958,0.2120987045320576,0.18528059549296347,0.3816529643304604,0.2122968780903376,0.008592829810533692,7.802774364693795e-05,APB,209m (31).mat
0.0,0.9999999999787658,0.9999999999575316,2.587871093053156,12.352585702863221,0.9999999999787658,-3.1277838245266323,5.940002112987092,9.067785937513724,0.5766030884270725,-0.6087669947214067,-0.4235228174963411,0.18689614200577195,0.8135081915609754,0.610418959502113,0.03222222222222222,0.9999999999575316,0.10579772116801472,16,96.0,0.5957407407407407,0.043353113560831845,0.4722222222222222,0.675,0.07277177893550649,0.07003715315366188,0.2857142857142857,5.442218499605284,0.31374360285009406,4.21875,0.9928636164296436,0.10881066451924916,0.32624151103168353,0.42482986606412343,4.446669654493705,0.19072873859493164,0.1827119510137761,0.45797062931995464,0.15961299828128306,0.00889771843901782,7.79643510365907e-05,APB,209m (32).mat
1.1842378929335004e-17,0.9999999999788048,0.9999999999576097,2.613779922762991,12.649137860395893,0.9999999999788048,-3.1615858410254276,5.8722418462735515,9.03382768729898,0.5627951052695149,-0.6016150243778167,-0.40019730813498766,0.13527819804327024,0.8391239662773186,0.5354755061782579,0.028888888888888888,0.9999999999576097,0.09855472470379315,16,96.0,0.6390740740740741,0.029475292482705143,0.55,0.6777777777777778,0.04612187167706452,0.04291130469406328,0.14285714285714285,5.462370028716756,0.3091743851122337,4.21875,0.9882903621115915,0.10034795074116498,0.3364272881539334,0.423354132204484,4.434865269087755,0.16291452049913646,0.22709404921916404,0.4029035460571904,0.19848286512819613,0.008529687602779135,7.533149353361252e-05,APB,209m (33).mat
1.3816108750890837e-17,0.9999999999791896,0.9999999999583793,2.5130588486887815,11.853219957001256,0.9999999999791896,-3.0851038370911126,6.228477297349186,9.313581134440298,0.5892098271840083,-0.6381145864647706,-0.44387854943385674,0.15890673731047752,0.8964688552988596,0.6027852867443343,0.02861111111111111,0.9999999999583793,0.09281332564008923,15,90.0,0.6646825396825398,0.06652124161341152,0.5333333333333333,0.7833333333333333,0.10007971857528128,0.11993043646899203,0.46153846153846156,5.442680243507074,0.31273976938592013,4.21875,0.9787752747285426,0.1198953796768919,0.3340378062852285,0.39649888104763115,4.429118771921174,0.23047871484489213,0.2053305970942594,0.3640302763017381,0.19286296731953714,0.00723339251619456,6.405192337839241e-05,APB,209m (34).mat
-5.921189464667502e-18,0.9999999999784148,0.9999999999568296,2.20180363264885,11.039006966154945,0.9999999999784148,-3.326021266615327,5.646895467446957,8.972916734062284,0.5830015039200785,-0.6330280643453544,-0.40781592827373925,0.21410960442495683,0.8107419082132579,0.6219255326986961,0.0325,0.9999999999568296,0.10853284092426287,16,96.0,0.6266666666666666,0.04251361437713108,0.49444444444444446,0.6805555555555556,0.06784087389780354,0.0646734096195382,0.2857142857142857,5.242641265357272,0.39973035054684736,4.21875,1.0037478579178423,0.10695922186647971,0.33072991978549376,0.44037235450571477,4.458462087132759,0.19708789214299188,0.2340909209418398,0.36838146130088223,0.19141368005738496,0.008947478668146165,7.856688875478618e-05,APB,209m (4).mat
-7.894919286223335e-18,0.9999999999838252,0.9999999999676503,0.5958288520226662,8.764645416135934,0.9999999999838252,-6.139528193775757,4.889924708888039,11.029452902663795,0.5795649074881267,-0.6143197729596689,-0.3362356949127119,0.2874920930977601,0.8542256214011401,0.6237277880104719,0.028333333333333332,0.9999999999676503,0.0897545022746862,8,48.0,1.3996031746031747,1.17966159296762,0.5805555555555556,4.15,0.8428543272340258,1.3920625776755187,0.8333333333333334,4.007211221395261,1.5966383570581573,5.625,0.7005920269757788,0.088114163557141,0.2337283740868017,0.2788709146782747,4.437833933786078,0.5374485643524235,0.13492866316381405,0.266147254003636,0.05627277797401799,0.005159355468255975,4.338503785231265e-05,APB,209m (5).mat
-9.86864910777917e-18,0.9999999999795363,0.9999999999590725,2.4515115949438906,10.697434204578743,0.9999999999795363,-2.9112993777600487,5.806957879660052,8.7182572574201,0.5865729342423227,-0.673329692080147,-0.4085646637891011,0.165234237306566,0.867062306949608,0.5737989010956671,0.043333333333333335,0.9999999999590725,0.12199373977346487,16,96.0,0.6312962962962962,0.05280668474124055,0.49444444444444446,0.7583333333333333,0.08364801911146955,0.09296815369475146,0.35714285714285715,5.252157105091339,0.25830049293497226,4.21875,0.9266088664737578,0.1167851602639565,0.3063277592973666,0.3732192421130826,4.484731549958268,0.20773711559447924,0.19739555768387335,0.38373739177023564,0.2001579367540196,0.010864427296828974,0.00010757090056293654,APB,209m (6).mat
-4.934324553889585e-19,0.9999999999769619,0.9999999999539237,2.834403133500046,13.265943300619544,0.9999999999769619,-2.869759486696667,6.05035340123421,8.920112887930877,0.568061228211648,-0.6432380951651046,-0.4204323085950992,0.1669753132981524,0.7620240743813045,0.5874076218932516,0.03166666666666667,0.9999999999539237,0.1025878591386667,16,96.0,0.605,0.041662962798339274,0.49444444444444446,0.6611111111111111,0.0688644012057436,0.052975818915527134,0.21428571428571427,5.527216450856049,0.3227821315721622,4.21875,1.0456490747022522,0.10447177694414697,0.36644440473420525,0.4331684100683875,4.402972428919744,0.18591055740547577,0.20834513843310654,0.42902789403565034,0.1684076235703394,0.008236985119897967,7.180143552974284e-05,APB,209m (7).mat
1.282924384011292e-17,0.9999999999811728,0.9999999999623457,0.9477892267575889,8.452981739483159,0.9999999999811728,-5.553656617252363,6.340791178630685,11.894447795883048,0.5945227205676643,-0.7916773105279928,-0.36130505400904933,0.22436139522293613,0.8487109918893687,0.5856664492319854,0.03333333333333333,0.9999999999623457,0.08678759368483724,17,102.0,0.6215277777777779,0.05506291995818045,0.5027777777777778,0.7916666666666666,0.0885928543153141,0.08827333158977771,0.2,4.018769553857277,1.5203206210160165,1.40625,0.7050260768227921,0.14279762740842708,0.2173586062191171,0.25635351223218555,4.44000717003413,0.49000110507348826,0.15499052273029118,0.23432378968870185,0.11562993606038625,0.00501211460580912,4.2531841323042087e-05,APB,209m (8).mat
1.5049689889363234e-17,0.9999999999738827,0.9999999999477654,2.4253605975344126,10.511823526739343,0.9999999999738827,-3.219885545248439,5.722107914077706,8.941993459326145,0.6102105536557674,-0.6889885692404761,-0.4720707922504441,0.2028523525281168,0.9584254998372126,0.674923144778561,0.042222222222222223,0.9999999999477654,0.1194517955388581,16,96.0,0.6185185185185186,0.05041664541032779,0.5166666666666667,0.7611111111111111,0.08151194154958251,0.07728015412913085,0.21428571428571427,5.268616153742753,0.28226544899877476,4.21875,0.9929964311843134,0.13100221537564194,0.3139968819371112,0.4115393528105276,4.443841333653931,0.22486662240737942,0.23513979706613894,0.33926914642203265,0.19180392746156733,0.00884008878063273,8.041786224874999e-05,APB,209m (9).mat
1.4309541206279795e-17,0.9999999999911003,0.9999999999822007,1.976048258071988,5.683418845734575,0.9999999999911003,-1.671043279890979,4.865451026976687,6.536494306867666,0.6864158864933324,-1.0152915367446804,-0.617191474601126,0.37807185443058366,0.9243617041485255,0.9952633290317097,0.029444444444444443,0.9999999999822007,0.08309243208923098,18,108.0,0.5470588235294118,0.05684349084278678,0.4166666666666667,0.6666666666666666,0.1039074561893493,0.09919866041633355,0.375,4.317004412701041,0.23434180985022376,4.21875,1.0290686157795157,0.2928887628751127,0.38655640529082347,0.16703540459427055,3.874586450408172,0.3796316682820973,0.2897949411212197,0.2701045410918713,0.05913784483548238,0.0013215726706411876,9.43199868770737e-06,APB,213m (0).mat
-7.894919286223335e-18,0.9999999999916377,0.9999999999832754,1.6080491570422195,3.9843806858415007,0.9999999999916377,-1.91217267082501,4.955894197729453,6.868066868554463,0.7150682079433812,-1.0638804710649137,-0.6489872043250321,0.4276702081048953,1.0086414788622369,1.0766574124299275,0.02861111111111111,0.9999999999832754,0.08148510821905419,19,114.0,0.5395061728395062,0.036718019075911705,0.39444444444444443,0.5722222222222222,0.068058570701055,0.039828745599564896,0.058823529411764705,3.9579952450801925,0.3238115322637391,4.21875,0.898893121503515,0.2881948710253056,0.3228478793125989,0.13748882102875773,3.8519493856849705,0.4748932441241961,0.2285366401416572,0.25117844718891935,0.04430603702878936,0.0010779273729112188,7.704143526578371e-06,APB,213m (1).mat
-4.934324553889585e-19,0.9999999999906731,0.9999999999813464,1.635516447652879,4.118469734693656,0.9999999999906731,-1.9443284680664228,4.474440246377182,6.418768714443605,0.7217603964019768,-1.0438855914424372,-0.5873928807416621,0.44516219925133405,1.022431044258103,1.0325550799929961,0.02861111111111111,0.9999999999813464,0.08410479186764146,18,108.0,0.5575163398692812,0.03955733529770983,0.44166666666666665,0.6611111111111111,0.07095278182525003,0.0693541079097022,0.1875,4.118985561076448,0.15776239501868855,4.21875,0.9737990371079793,0.2938104598304235,0.35571057386414145,0.1576137153481697,3.8679908333051713,0.41211105877551385,0.2827690403289128,0.25131229429063656,0.05250407093448107,0.0012943084248812134,9.227245574263293e-06,APB,213m (2).mat
-1.3816108750890837e-17,0.9999999999907396,0.9999999999814794,1.7703631941731397,4.744696029751041,0.9999999999907396,-1.828807386622564,4.689555908645285,6.518363295267848,0.7020324438272254,-1.012385176988568,-0.6837336121885015,0.4073330834377899,0.9620033222640898,1.0910666956262913,0.028055555555555556,0.9999999999814794,0.08221766973319798,18,108.0,0.5459150326797386,0.058415889659603495,0.4166666666666667,0.675,0.10700546065905416,0.10202662824170154,0.375,4.152529036896244,0.22452953282906127,4.21875,1.0544566639010489,0.32629737090619426,0.38707339991554884,0.16021180471546909,3.8490771369822236,0.4373093535009342,0.2610940695186938,0.247407667867666,0.05301985373710082,0.0011609753382075772,8.080037397202259e-06,APB,213m (3).mat
-3.947459643111668e-18,0.9999999999845407,0.9999999999690815,4.022599836221222,24.33216712900224,0.9999999999845407,-3.864877851379999,7.234964413940487,11.099842265320486,0.46830681144443637,-0.48241617095171213,-0.34222736342805615,0.07867488441120543,0.49865001686381755,0.42090224783926156,0.02722222222222222,0.9999999999690815,0.08148178055134285,11,66.0,0.8699999999999999,0.10507052305387472,0.5722222222222222,0.9805555555555555,0.12077071601506209,0.17177860028870526,0.3333333333333333,6.847175936811367,0.2566144180495334,9.84375,1.0378897477018825,0.13233515378895064,0.3746803468643859,0.41460777182415703,4.456271745959785,0.194397690001074,0.24028916493841063,0.40280025949222625,0.1540598416626991,0.00837680945819061,7.623444739907813e-05,APB,220m (0).mat
4.934324553889585e-18,0.9999999999847153,0.9999999999694307,4.250046511609028,25.771338106019723,0.9999999999847153,-3.361394709286588,7.241162127956339,10.602556837242927,0.45528841744405607,-0.4615008687250003,-0.3406335927377043,0.07982532526450359,0.4598022714218976,0.4204589180022079,0.026111111111111113,0.9999999999694307,0.0799747091591958,11,66.0,0.8911111111111112,0.14091193292090692,0.5472222222222223,1.0444444444444445,0.1581305978634647,0.24055548427564305,0.6666666666666666,6.964060633217213,0.20769146237522834,9.84375,1.033007470193681,0.13543974072248194,0.3777187673805219,0.4033485360827756,4.4637613427750535,0.19639207714229062,0.21192099876421414,0.42656498240307283,0.15621657827386554,0.00882836394901226,7.699946754447458e-05,APB,220m (1).mat
2.960594732333751e-18,0.9999999999838217,0.9999999999676434,3.8228695622868996,22.27518509870546,0.9999999999838217,-3.499612986870375,6.917037035721101,10.416650022591476,0.46441054722584024,-0.47219304419041136,-0.3385858186155204,0.06663741470816077,0.4551764584236866,0.40522323332368115,0.02638888888888889,0.9999999999676434,0.08305523094022192,12,72.0,0.8641414141414141,0.14432033588890592,0.44166666666666665,0.9722222222222222,0.16701009043211792,0.19816091166922967,0.3,6.573673379032617,0.19338339816065134,9.84375,0.9566128992858397,0.1285857518667004,0.3460005138513835,0.37475361416054254,4.468154750845981,0.18298933960074892,0.24922513227912005,0.4165733123499224,0.14226655360378473,0.008864332538079748,8.132962834379847e-05,APB,220m (2).mat
-7.894919286223335e-18,0.999999999984347,0.9999999999686939,4.026787520024759,23.272835005276345,0.999999999984347,-3.383188584827177,7.066104126458294,10.449292711285471,0.45818568504226237,-0.4703493973541992,-0.3151793070329595,0.07436290284321831,0.4213284626541198,0.3895422098761778,0.025833333333333333,0.9999999999686939,0.08252565398556619,12,72.0,0.8525252525252526,0.18205652167382258,0.42777777777777776,1.0444444444444445,0.2135497111915523,0.20012920209420762,0.3,6.646334845325675,0.22785860848633585,9.84375,0.9842811009702082,0.11502467241517561,0.3601540912805163,0.3931398483640062,4.466061369626983,0.18781064000621345,0.21983877234706012,0.3758959779561584,0.20743805783343577,0.008935355846815039,8.119601031709954e-05,APB,220m (3).mat
0.0,0.9999999999833488,0.9999999999666976,4.345929910927542,26.87629296363915,0.9999999999833488,-3.732742792310264,7.363426331890636,11.0961691242009,0.44848552431613153,-0.4546708880834445,-0.318293284350426,0.08883444849705496,0.4190896179090752,0.40712773284748094,0.021388888888888888,0.9999999999666976,0.08166998991828961,11,66.0,0.8672222222222222,0.18046921012313744,0.4388888888888889,1.025,0.20810030611599414,0.23098094031192262,0.5555555555555556,7.07205323328991,0.27320456720932573,7.03125,1.103473824682739,0.12425158743885827,0.3923509242058479,0.46026063779980936,4.495914477311663,0.19311181532703617,0.20412329279138,0.37395771364023234,0.21896592899508954,0.009752963279804931,8.828596645671084e-05,APB,220m (4).mat
-9.86864910777917e-19,0.9999999999842558,0.9999999999685117,3.8303014407102944,22.027326354617713,0.9999999999842558,-3.4609865495352854,6.849485424383283,10.310471973918569,0.45743648049009217,-0.4787434893449917,-0.3125215107984652,0.10053783759050423,0.38477634698654345,0.4130593483889694,0.026944444444444444,0.9999999999685117,0.08833432850653392,13,78.0,0.7861111111111111,0.195440570150891,0.4027777777777778,1.0194444444444444,0.24861697938098465,0.24869468433344663,0.6363636363636364,6.459491133723835,0.3394476170310198,12.65625,1.0141812742403662,0.1086443939249838,0.3580916236006744,0.4351107012760838,4.501265231770054,0.17274895041935892,0.27891606219832016,0.38345803788620403,0.1542835666879818,0.010497905569670542,9.547723846432422e-05,APB,220m (5).mat
-1.4309541206279795e-17,0.9999999999824064,0.9999999999648129,3.9230113343648507,23.750609462699636,0.9999999999824064,-3.8838818620521978,7.003554679902842,10.88743654195504,0.43727848067879044,-0.46305504373724415,-0.2935517881762728,0.0731088425586109,0.35621893132343874,0.3666606307348837,0.02666666666666667,0.9999999999648129,0.08536215454279149,12,72.0,0.8310606060606059,0.19938815707027235,0.4388888888888889,1.0305555555555554,0.23992011578492708,0.2530401568677476,0.5,6.685996563042468,0.23929843894404246,9.84375,0.9360332228810331,0.1095936487179316,0.3282179803147214,0.39367063592068313,4.505498863291301,0.1862883167725268,0.24982271468057257,0.37751242557193193,0.1760748239949454,0.010206964206250576,9.475477377243155e-05,APB,220m (6).mat
4.440892098500626e-18,0.9999999999818683,0.9999999999637366,4.335147319459102,28.353038976636164,0.9999999999818683,-3.7607724873481256,7.50411416004666,11.264886647394786,0.43879710315802556,-0.4218999880960678,-0.3282049116225464,0.10287060212503772,0.41965175382523023,0.4310755137475841,0.023055555555555555,0.9999999999637366,0.07915411382792431,10,60.0,0.914814814814815,0.09097663970049351,0.6805555555555556,1.0305555555555554,0.09944814855174998,0.15895043000108824,0.375,7.274980933689243,0.14975691493090004,9.84375,1.0437836714748259,0.1220427276801623,0.3820583496774599,0.42018964973513545,4.463557876549833,0.18141075081889052,0.24427318486262625,0.38968291358278445,0.17558987770411882,0.00896004283299943,8.323019858022097e-05,APB,220m (7).mat
-1.0855514018557087e-17,0.9999999999843036,0.9999999999686072,2.969936686143049,8.48897585698867,0.9999999999843036,-1.0326311084067514,4.797773852983631,5.830404961390382,0.5626734817622774,-0.6277675372916738,-0.4667039748089654,-0.07845398085962299,0.6648501823506419,0.38824999394934245,0.017777777777777778,0.9999999999686072,0.06307351199904769,21,126.0,0.47013888888888894,0.05893783997977431,0.4305555555555556,0.675,0.12536261357511497,0.03707113440195691,0.10526315789473684,4.291800937311953,0.21338041511056952,2.8125,1.0382072914974818,0.4185863963567602,0.3994673638891171,0.07678056452197164,3.626742386514645,0.49778181318601233,0.28788328492790544,0.18640648508068564,0.02711333236755178,0.0008086202560209099,6.464181823848517e-06,AFL,202m (0).mat
-9.86864910777917e-18,0.9999999999864313,0.9999999999728627,2.3154638935105276,6.133219463624176,0.9999999999864313,-2.2289469428782636,4.672196448228128,6.901143391106391,0.5959678353143153,-0.6434533458849724,-0.4598276858732407,-0.005305636152160647,0.9414062579702092,0.45452204972108007,0.016944444444444446,0.9999999999728627,0.05913708456994627,22,132.0,0.464021164021164,0.015129176061833557,0.44166666666666665,0.49166666666666664,0.03260449566162249,0.014272480642961254,0.0,3.8687910114071062,0.39856088438836174,1.40625,0.8967491354433268,0.37974011898408366,0.3327480228950855,0.05923620661783802,3.5888562030473308,0.5834675624711939,0.25058786758581586,0.14594806031628862,0.019424474018854592,0.0005675150491344637,4.520558712110248e-06,AFL,202m (1).mat
1.973729821555834e-18,0.9999999999858208,0.9999999999716416,2.4627312627799673,6.107702327902787,0.9999999999858208,-1.4894588052392441,4.936097084960621,6.425555890199865,0.6134643667182419,-0.7545362717318548,-0.5576471987777023,-0.0003570466236180297,0.9444704220787035,0.5572901521540843,0.015,0.9999999999716416,0.0621265785506259,23,138.0,0.4415404040404041,0.017133145181484205,0.41388888888888886,0.46944444444444444,0.03880311968259484,0.01690743203693217,0.0,3.8155329181508217,0.5711883052324709,2.8125,1.053471532898543,0.4873075632034405,0.3663031510693019,0.06253780575068564,3.4858087645870834,0.5201448083861047,0.3028143168330073,0.15187448520611627,0.024182389958100445,0.0009774538268867274,6.545789784443145e-06,AFL,202m (2).mat
1.973729821555834e-17,0.9999999999843848,0.9999999999687698,2.673923661666369,6.836419335469817,0.9999999999843848,-1.1584152070512483,4.504188138267788,5.662603345319036,0.5980831317465525,-0.7054510350324232,-0.5010754202382908,-0.097401888602569,0.9239067720281903,0.4036735316357218,0.012777777777777779,0.9999999999687698,0.06242571575335123,22,132.0,0.45383597883597887,0.013182462966456079,0.43333333333333335,0.4777777777777778,0.02904675599149358,0.010686324478706308,0.0,4.035782942060776,0.18368095573119775,2.8125,1.0537380879565124,0.4709518526330607,0.3771128027418361,0.05879444835104735,3.492867990386759,0.5577393461281596,0.2663780297630149,0.15628082520186076,0.018997140692379566,0.000599861712833968,4.796501750962973e-06,AFL,202m (3).mat
-1.6776703483224588e-17,0.99999999998701,0.9999999999740199,1.9508107122750538,5.582525276293641,0.99999999998701,-3.7919479090689494,4.743191503225446,8.535139412294395,0.6226154116001547,-0.9287883541328337,-0.4649948094807411,0.16736457125299845,0.9275999974886453,0.6323593807337395,0.028888888888888888,0.9999999999740199,0.06956148233980655,15,90.0,0.6507936507936509,0.38801834048441597,0.30277777777777776,1.4388888888888889,0.5962233027550277,0.29977337910897317,0.7692307692307693,3.8828361768234507,0.5316746357376005,5.625,0.9118233894096898,0.28372693076899924,0.3703953482148767,0.0625773317491856,3.501358545297624,0.5315035394112769,0.3324266551717033,0.11730353392667489,0.01811594604606167,0.0006442184109898899,6.1070332931032005e-06,AFL,203m (0).mat
-4.7369515717340015e-17,0.9999999999844723,0.9999999999689446,0.20809309376021426,5.047213058443763,0.9999999999844723,-4.693351465970465,3.991697963134372,8.685049429104836,0.643888624351691,-0.9137288717862293,-0.42322757542135575,0.3812949621765003,0.8810204844116926,0.804522537597856,0.050555555555555555,0.9999999999689446,0.10345575573487585,16,96.0,0.5551851851851851,0.14051224141078447,0.3611111111111111,0.8111111111111111,0.2530907612580207,0.20955330630515356,0.7857142857142857,3.3834106942810998,0.4241424895836406,5.625,0.745391593937787,0.1523972991245393,0.3190194526608049,0.11797859930279488,3.8967204054637143,0.5767105951300471,0.23022335260078844,0.14606539858246206,0.04351462569975946,0.003445447578863389,4.058040807918672e-05,AFL,203m (1).mat
-1.1842378929335004e-17,0.9999999999809732,0.9999999999619464,2.6523919921024772,9.093909009797242,0.9999999999809732,-1.7163878005875577,5.50820605475041,7.224593855337968,0.5793468388804154,-0.9869130701306769,-0.3915016320663379,0.15494262508873027,0.5881921973698184,0.5464442571550682,0.0225,0.9999999999619464,0.06451510804935419,15,90.0,0.6367063492063493,0.21383007481276303,0.3472222222222222,1.086111111111111,0.3358378234227806,0.2655525605095202,0.7692307692307693,4.270909881585642,0.7139993965974413,4.21875,0.942457415556365,0.28753204360903906,0.3889893117793749,0.0595881070158844,3.466652469361949,0.49631261502249846,0.2930969421186671,0.18552889537331424,0.02454837121474958,0.000509125802300959,4.050468469427004e-06,AFL,203m (2).mat
-1.973729821555834e-18,0.9999999999679564,0.9999999999359128,2.2362793694681082,9.85800973400574,0.9999999999679564,-3.908762449824912,6.209528675356449,10.118291125181361,0.6538527673899878,-1.0206812858337393,-0.5734996044695976,0.3962869659804694,0.8613767932857986,0.969786570450067,0.036944444444444446,0.9999999999359128,0.09693946179111775,9,54.0,1.0142361111111111,0.6185788008263702,0.4305555555555556,2.161111111111111,0.6098962494431512,0.6236961708879147,1.0,5.609395140163745,0.6285431730634246,1.40625,0.8591368898128828,0.2621654553341947,0.22261395618735527,0.24385199822607512,4.26385111550327,0.4956708723066533,0.16667246751107267,0.19805476678548564,0.1282611422963322,0.011235904768436932,0.00010484633201902418,AFL,222m (0).mat
-7.894919286223335e-18,0.9999999999503528,0.9999999999007056,1.4531979904788932,4.669275807509797,0.9999999999503528,-2.611922661656845,5.3013705173968235,7.913293179053669,0.7139137815117123,-1.1121746240868529,-0.6110287735225594,0.4830467407293969,0.9733052963986858,1.0940755142519563,0.028333333333333332,0.9999999999007056,0.08681777241742536,14,84.0,0.7162393162393161,0.3875202506025625,0.37777777777777777,1.8,0.5410485591550972,0.5280694856619181,0.75,4.350748275144804,0.5712996235219469,5.625,0.9662423422193045,0.32106853245727823,0.3110550686407855,0.12700925676941777,3.6629051181092573,0.5723118645599883,0.257948751002178,0.11161338295546351,0.05415262983733889,0.003933853804236254,3.951784079488893e-05,AFL,222m (1).mat
-7.894919286223335e-18,0.9999999999682891,0.9999999999365784,3.1302668833824816,14.694668349163571,0.9999999999682891,-1.8250226140183152,8.049684284571507,9.874706898589823,0.6221663675642495,-0.8578563682004435,-0.568260560324024,0.34176216217811334,0.7418855016923311,0.9100227225021373,0.03916666666666667,0.9999999999365784,0.10222432455866387,7,42.0,1.537037037037037,0.8455077775635415,0.7166666666666667,3.286111111111111,0.5500893970930892,1.1457577416143152,1.0,6.086846820823127,0.9605713569684202,5.625,0.9402619074545087,0.1807514976928593,0.33476996543950194,0.2666955629506149,4.254710227107984,0.38394021863322947,0.2753150533711314,0.20535913551694152,0.12652430227167416,0.0087745106078114,8.677959921186573e-05,AFL,222m (10).mat
-1.973729821555834e-18,0.9999999999527379,0.9999999999054758,1.807023339408647,6.1975487640787605,0.9999999999527379,-2.019982370575189,5.985545172940296,8.005527543515484,0.7044596378665123,-1.0429099917961837,-0.6127388003151444,0.4332609557091653,1.0159547566783869,1.0459997560243097,0.0275,0.9999999999054758,0.08370782175499404,11,66.0,0.7672222222222222,0.28668443097413393,0.49166666666666664,1.5527777777777778,0.37366544176744626,0.40642980351493074,0.8888888888888888,4.674525415240493,0.8402350330743146,5.625,0.9127551306888366,0.3147284446999959,0.3159966037943646,0.12058612567604511,3.7179739201879296,0.5653859802910732,0.26101260785445873,0.11751832875596963,0.05255370526952501,0.0034947954157342944,3.458241323892964e-05,AFL,222m (11).mat
7.894919286223335e-18,0.9999999999483558,0.9999999998967115,1.8805422274846542,6.668418915245924,0.9999999999483558,-1.8436602797670842,6.231575264918499,8.075235544685583,0.708690145902733,-1.0404473212839902,-0.6582564900077382,0.46656700089667913,1.0053001167979283,1.1248234909044172,0.034444444444444444,0.9999999998967115,0.09342528011505964,13,78.0,0.7780092592592593,0.35492648765999585,0.48055555555555557,1.9,0.4561982816781926,0.5442260178212955,0.9090909090909091,4.704519878527882,0.8144115330770254,5.625,0.8883862422423054,0.21898117579147927,0.35222154229578834,0.13285143327719207,3.625895479411925,0.47133436299046755,0.3128155186044703,0.14327672725723328,0.06785281982225246,0.00467256840869477,4.800291688142129e-05,AFL,222m (12).mat
2.1711028037114173e-17,0.9999999999542899,0.9999999999085798,2.2723860961486064,8.816969884488435,0.9999999999542899,-1.8115800084793103,6.260891002971221,8.072471011450531,0.6714568451814691,-0.9913265643311614,-0.604798600392561,0.39238374801341924,0.823584351670229,0.9971823484059802,0.03361111111111111,0.9999999999085798,0.09563823631814665,15,90.0,0.6388888888888891,0.2099330119074562,0.4083333333333333,1.075,0.3285908007321371,0.214722540108786,0.8461538461538461,5.0043435709271415,0.719865096017401,5.625,0.9670533424862273,0.295660594288471,0.2986811054130314,0.21534468641179158,4.143043953616339,0.4874517665655272,0.21471423361883898,0.1742015919592156,0.11647325627229528,0.007089193469293903,6.995811482871103e-05,AFL,222m (2).mat
-9.86864910777917e-18,0.9999999999695772,0.9999999999391546,2.521524315955529,11.06302105914403,0.9999999999695772,-2.012780154483588,6.435798569390965,8.448578723874553,0.6608103450987372,-0.9509777223057927,-0.5617811705922715,0.4163757557445613,0.8598822691330568,0.9781569263368328,0.03138888888888889,0.9999999999391546,0.0960873064194022,10,60.0,0.9944444444444444,0.5065009475573992,0.4111111111111111,1.8611111111111112,0.5093305612773875,0.9066418373846954,1.0,5.8252288050027206,0.5068622929535509,5.625,0.8635793416721296,0.20750923544101035,0.29012540903015405,0.22346204517253246,4.201317438681647,0.521382985950462,0.1869260228612574,0.1738917484341269,0.10952817220381296,0.008189629172385493,8.144137795508274e-05,AFL,222m (3).mat
1.1842378929335004e-17,0.9999999999608782,0.9999999999217565,2.3618011567805204,10.7102150706804,0.9999999999608782,-2.2197734062331747,7.837601323996977,10.057374730230151,0.6596076432300149,-0.9837881374219325,-0.5665616585368012,0.38014808964573776,0.8823772245136088,0.946709748182539,0.03361111111111111,0.9999999999217565,0.09120950394602026,4,24.0,1.6787037037037038,0.12468753813975365,1.538888888888889,1.8416666666666666,0.07427608445158067,0.22944007259757432,1.0,6.05485499562824,1.1735134629862698,5.625,0.9231357267185163,0.28445193483250497,0.2868970601745228,0.15760119155998176,3.8371292232003915,0.5594992286218048,0.16169287213852154,0.17261905877637038,0.10058753029212505,0.0055442466489631515,5.7063522214839174e-05,AFL,222m (4).mat
-7.894919286223335e-18,0.9999999999680651,0.9999999999361303,2.4544653500829705,10.011979051025731,0.9999999999680651,-2.5205543404476947,6.084726187149437,8.605280527597131,0.6517162928675396,-0.879870038327375,-0.5599033027781998,0.36547512439540497,0.8356258455913498,0.9253784271736047,0.03833333333333333,0.9999999999361303,0.10939480975236411,16,96.0,0.6244444444444444,0.1618317217755515,0.41944444444444445,0.9916666666666667,0.2591611198661056,0.23928308193029438,0.8571428571428571,5.185733068815997,0.5767309221335022,5.625,0.9432621017629816,0.1619907698033013,0.3287656674887136,0.3009137649330466,4.35143975404995,0.38396785639840025,0.25239341338247157,0.19637929671865928,0.1564356397766615,0.010711844790780007,0.00011194893302716174,AFL,222m (5).mat
-8.881784197001253e-18,0.9999999999666956,0.9999999999333913,2.916673595425818,12.58607999988685,0.9999999999666956,-2.479626414695076,6.847864090852291,9.327490505547367,0.6402117174433224,-0.8598305652661352,-0.5775918592749072,0.36162778602749435,0.8031849423827678,0.9392196453024015,0.04055555555555555,0.9999999999333913,0.11275081031923943,13,78.0,0.7851851851851852,0.3463513770811885,0.4444444444444444,1.7527777777777778,0.44110788534349893,0.5652456683109852,0.9090909090909091,5.626603151620109,0.6353728317823188,5.625,1.027650030748621,0.1570386400669171,0.3682668156904533,0.3222415627524413,4.2791182961323475,0.29374829537930647,0.3285959074644572,0.20142434831092493,0.1643339255080756,0.011776340663041307,0.00012118267419432071,AFL,222m (6).mat
1.578983857244667e-17,0.9999999999684656,0.9999999999369312,2.717063385609784,11.10984190877351,0.9999999999684656,-1.7896406411927173,6.564298367235057,8.353939008427774,0.6479038411567998,-0.8916268910821283,-0.5749285321329771,0.3523047746198872,0.8249212856370871,0.9272333067528643,0.03722222222222222,0.9999999999369312,0.11115301569585118,15,90.0,0.631547619047619,0.2919756623675439,0.3888888888888889,1.5805555555555555,0.4623177304437135,0.46675251041950055,0.8461538461538461,5.312981091916123,0.6546242280426974,5.625,0.9807681612787136,0.17660010655451214,0.3431779693341632,0.29572775991281236,4.279999682817082,0.3741437110832222,0.24872286890535,0.22635509663103892,0.139102537208881,0.011555587728406567,0.00012019844310113994,AFL,222m (7).mat
-7.894919286223335e-18,0.9999999999684209,0.9999999999368419,3.1182913691928325,14.540545338712771,0.9999999999684209,-2.0111140968644436,8.003944607912604,10.015058704777047,0.6200220499669605,-0.9057669947594927,-0.5579464862359311,0.33825895960334573,0.686797693114894,0.8962054458392769,0.04055555555555555,0.9999999999368419,0.10851376017826268,7,42.0,1.400462962962963,0.9095973432335642,0.3611111111111111,2.9722222222222223,0.6494976066054822,1.762709579519098,1.0,6.030185184307764,0.8803696250067878,5.625,0.9343555482503434,0.1754825215493698,0.31629078928286286,0.29353117635390324,4.321592929088502,0.3188342075109917,0.2556023352827267,0.2346780059750404,0.17940989685488298,0.011359818868624787,0.00011573550773316801,AFL,222m (8).mat
5.921189464667502e-18,0.9999999999594957,0.9999999999189915,2.332388543506224,9.994910753625303,0.9999999999594957,-1.5894518598369043,7.526238295679457,9.115690155516361,0.6788739907874325,-1.045144936445833,-0.6324481553297682,0.4156486680500647,0.8623115654063143,1.048096823379833,0.03666666666666667,0.9999999999189915,0.09945938239188887,11,66.0,0.943611111111111,0.6390857788404068,0.37222222222222223,2.7555555555555555,0.6772766562812096,1.046827954074641,0.7777777777777778,5.120144892788856,1.1805293516505124,5.625,0.9546724390585628,0.23826531038029258,0.3453621353294398,0.19742018856388843,3.944801682728583,0.4912722460335844,0.23961502425429104,0.15788848418817625,0.10393670522452625,0.007211912636314672,7.562766310720764e-05,AFL,222m (9).mat
-8.388351741612294e-18,0.9999999999740762,0.9999999999481525,3.9163758473756416,16.024538555871093,0.9999999999740762,-0.9547454751102211,6.075337214922454,7.030082690032676,0.5140894536392169,-0.5323773586334347,-0.40799806959263873,-0.007981805026531215,0.37690862761727434,0.4000162645661075,0.01972222222222222,0.9999999999481525,0.06338774871118556,14,84.0,0.7074786324786325,0.0978301179319443,0.5527777777777778,0.9555555555555556,0.13827996112182092,0.16070550795808414,0.6666666666666666,5.427258599003454,0.419400692536098,4.21875,1.0366657171387235,0.3126690821865986,0.4357959048929248,0.1086894180769489,3.7593807970791153,0.4463551576296977,0.29667804233374817,0.23181005072319383,0.023931486684752732,0.0012153795487041342,9.883079903269138e-06,AFIB,201m (0).mat
-1.1348946473946045e-17,0.9999999999746918,0.9999999999493837,3.882066481883152,15.34611084442199,0.9999999999746918,-0.8521640698649038,5.9595853743339635,6.811749444198867,0.5050088724928048,-0.4981553058833774,-0.39382266154683665,-0.06819205857957267,0.327058490447151,0.325630602967264,0.017777777777777778,0.9999999999493837,0.06229069210227207,15,90.0,0.6490079365079365,0.11291495656008547,0.39166666666666666,0.8638888888888889,0.17398085606419056,0.16959675094094404,0.9230769230769231,5.309041363730109,0.35801834379664965,4.21875,1.0320404671565504,0.2964189180792643,0.4362896152214237,0.11559457590243012,3.788951877614157,0.4355639253402541,0.3148914135865843,0.22955568412683053,0.01873889977657151,0.001240026427035098,1.0050742724243602e-05,AFIB,201m (1).mat
-3.947459643111668e-18,0.9999999999756606,0.9999999999513212,3.57131496124414,13.207241304020826,0.9999999999756606,-0.9469606120480245,6.431139501803399,7.378100113851423,0.5427660888110897,-0.5272419106862022,-0.41218989042732795,-0.0778025259036236,0.5152755670249233,0.3343873645237043,0.0175,0.9999999999513212,0.060902374165930424,16,96.0,0.6466666666666666,0.15488014747637774,0.4083333333333333,0.875,0.23950538232506038,0.24418727453348524,1.0,4.985018593633511,0.46608786652553064,4.21875,0.8315185303674795,0.2412281276382728,0.35891808514276863,0.09158061959892379,3.798133062255788,0.5005760109244409,0.28602916760665736,0.1817031701446587,0.030619142568680965,0.0010637371407655023,8.771614796308394e-06,AFIB,201m (10).mat
-1.0855514018557087e-17,0.9999999999731343,0.9999999999462685,2.215598007145448,9.497636134159142,0.9999999999731343,-3.4011426442751738,5.8679445766858125,9.269087220960987,0.5930958746260956,-0.6340776274900722,-0.3543611109929173,0.1264030036635576,0.8246309786120863,0.4807641146564749,0.015277777777777777,0.9999999999462685,0.04963228937912983,8,48.0,1.2035714285714287,0.20275719772557732,0.9833333333333333,1.613888888888889,0.16846295345991694,0.2598026712401917,0.6666666666666666,4.619873640883861,1.910055386645794,2.8125,0.8804624982054028,0.4323104118867973,0.25448325499228563,0.060084910163065976,3.4572318682649645,0.6422896220117598,0.20720664611067766,0.1299190699947792,0.019860770472350985,0.0007179514927042515,5.939917727726958e-06,AFIB,201m (11).mat
-7.894919286223335e-18,0.9999999999736988,0.9999999999473977,3.26728489358943,11.601604077199944,0.9999999999736988,-1.5332790020035498,5.976791981665292,7.510070983668841,0.5537870541029447,-0.5867205553020819,-0.428083300220123,-0.020429520213680236,0.5314184785660026,0.40765378000644276,0.02277777777777778,0.9999999999473977,0.060652431533561084,13,78.0,0.7356481481481482,0.2900724360837875,0.39444444444444443,1.3694444444444445,0.39430866021980765,0.3560848727313522,0.8181818181818182,5.10846097481027,0.32452756277974865,2.8125,0.9998879338682198,0.3695217035238209,0.38439492326633473,0.08198775736278942,3.629465465832641,0.4810562019708229,0.3242312935940904,0.152035775159722,0.04171839452380978,0.0009504939290161105,7.840822538601771e-06,AFIB,201m (12).mat
2.960594732333751e-18,0.9999999999747268,0.9999999999494535,3.6793041556193287,13.754874399325228,0.9999999999747268,-0.8603859611831955,5.558921975645704,6.419307936828899,0.514614603829161,-0.5487096222843154,-0.41869873186500706,-0.03365389764260095,0.3046526600624963,0.3850448342224061,0.0225,0.9999999999494535,0.06208191139325019,16,96.0,0.6196296296296296,0.13072867429366394,0.41944444444444445,0.8333333333333334,0.2109787328291991,0.20995532614599782,0.8571428571428571,5.088779481130847,0.35504556593477904,4.21875,1.0165653782487571,0.31722294987309463,0.42062365779531147,0.1054512868490912,3.7498320065727655,0.46745848735762485,0.30459696493012134,0.19090084615360675,0.03587521159342911,0.0011589500895524078,9.539875665188045e-06,AFIB,201m (13).mat
-4.934324553889585e-18,0.9999999999754576,0.9999999999509154,3.405420304974813,13.027542808250207,0.9999999999754576,-1.755882776315007,5.899083529697866,7.654966306012874,0.5248195624843511,-0.5298068922255025,-0.38992206982717886,0.028783137377159637,0.3929863215609524,0.4187052072043385,0.019166666666666665,0.9999999999509154,0.05920856995859454,15,90.0,0.6841269841269841,0.1360196833013585,0.4222222222222222,1.0138888888888888,0.1988222746046353,0.17151079970647448,0.8461538461538461,5.094408461790793,0.3957752841043092,4.21875,0.9608401518572807,0.30804226492012243,0.39347934938781637,0.10141044756383419,3.800486876857724,0.4678779455281547,0.3395542821004495,0.14712971048757228,0.044357545712438926,0.001071791390254725,8.7247811295595e-06,AFIB,201m (2).mat
-7.894919286223335e-18,0.9999999999737044,0.9999999999474088,3.862432368821834,15.487188292843403,0.9999999999737044,-0.9480647683805228,5.8829283538891985,6.830993122269721,0.5127678511571996,-0.5305508289977819,-0.41299794802603257,-0.03307935754451305,0.4069573627190621,0.37991859048151955,0.021111111111111112,0.9999999999474088,0.06265276780408453,14,84.0,0.7061965811965811,0.1345746784201342,0.4861111111111111,0.9111111111111111,0.19056263059437067,0.2128053966215982,0.9166666666666666,5.3900454038441925,0.27595671123531973,4.21875,0.9503223996068396,0.2886142027478391,0.39798244787476345,0.09807600134392312,3.7583094458935062,0.415653152816426,0.3554274584857348,0.19896830873996701,0.028872912614282223,0.001069575658479969,8.591685109844163e-06,AFIB,201m (3).mat
1.282924384011292e-17,0.9999999999756811,0.9999999999513624,3.4456666477701305,12.021227852649227,0.9999999999756811,-0.9449045711396951,5.286042965734444,6.2309475368741385,0.5377565191789466,-0.5547374068860178,-0.42709941772494986,-0.04213670085838175,0.3798287161236468,0.38496271686656813,0.019166666666666665,0.9999999999513624,0.06311974967318615,16,96.0,0.6188888888888889,0.13545077917917975,0.41388888888888886,0.9722222222222222,0.21886122273660083,0.24384282929138063,0.5714285714285714,4.940948698624744,0.2749284443285717,4.21875,0.9121035914984691,0.2823338251389631,0.3731898060628111,0.09499436160236238,3.7351590880318195,0.49477795299844424,0.29702797643076323,0.1801744753072479,0.026894876973533204,0.0011154861019308882,9.232188080345849e-06,AFIB,201m (4).mat
-9.86864910777917e-19,0.9999999999744511,0.9999999999489023,3.839274015477512,15.087725366684786,0.9999999999744511,-0.8251386504794995,5.8877551716761545,6.712893822155654,0.5103316660176471,-0.5372216314533086,-0.39211380713467336,-0.06219298518406598,0.3353241147094789,0.3299208219506074,0.01888888888888889,0.9999999999489023,0.06255289173425968,15,90.0,0.6694444444444444,0.17225422129762186,0.4305555555555556,0.9722222222222222,0.2573092098527492,0.26861379584831074,0.7692307692307693,5.277885610524881,0.3509692498319148,4.21875,1.0469008233097887,0.30144330005296494,0.44276007726130884,0.1161624079043987,3.800325288446164,0.4397013697441657,0.28276059489333866,0.24082939915230397,0.03552528090039064,0.0011738041403304665,9.55116947037071e-06,AFIB,201m (5).mat
7.894919286223335e-18,0.9999999999745375,0.9999999999490751,3.7066634418303117,14.395677229449166,0.9999999999745375,-1.1095486817321505,5.8278219842761905,6.937370666008341,0.5213828629998457,-0.5800539548840136,-0.4038679758265896,-0.03408264264784926,0.4219494286241454,0.36978533317874035,0.019166666666666665,0.9999999999490751,0.06250531095246004,15,90.0,0.6547619047619048,0.14202191907450923,0.41944444444444445,0.8972222222222223,0.21690620334615734,0.1712406547037292,0.6923076923076923,5.213481038958651,0.37240848829794637,4.21875,0.9210203861989325,0.28022341419403174,0.38240561274115326,0.10195675977865436,3.791690952376905,0.43698358920173824,0.32649777936164676,0.19779356518795427,0.037612602510917276,0.0011036039688839944,8.859768859354472e-06,AFIB,201m (6).mat
-1.1842378929335004e-17,0.9999999999726074,0.9999999999452148,3.9978311420885047,16.54311157201031,0.9999999999726074,-0.795489106976669,6.263441542175187,7.058930649151856,0.5064289206267439,-0.5069982701436915,-0.40829263089506795,-0.04530630697495289,0.39109363986617335,0.3629863239201151,0.02,0.9999999999452148,0.062243016158155556,14,84.0,0.714102564102564,0.169713816774185,0.4,1.1555555555555554,0.23766028168490003,0.21100752819445212,0.9166666666666666,5.489317906438585,0.37512312349870575,4.21875,1.090246466294196,0.30721721999186835,0.46754961590395727,0.1256905022605118,3.809378234286972,0.4375805374175779,0.29109633811896174,0.21425591994537718,0.05574244769709014,0.0013140392744284517,1.0717546564344659e-05,AFIB,201m (7).mat
7.894919286223335e-18,0.9999999999730641,0.9999999999461283,3.844295793189585,15.177742906401718,0.9999999999730641,-0.8562842625469631,5.97339082557249,6.829675088119453,0.5114010811345138,-0.5270399248526388,-0.40496315026892993,-0.041523783003949835,0.3463228642560866,0.3634393672649801,0.020833333333333332,0.9999999999461283,0.0644816837672481,15,90.0,0.6464285714285714,0.09559539458499251,0.4305555555555556,0.7805555555555556,0.14788237813475602,0.13568090043421763,0.8461538461538461,5.2790810446510505,0.397276526203036,4.21875,1.0689908724495525,0.31711101184031887,0.4594705459778819,0.11384007940379669,3.783359253026493,0.4523193896848994,0.2901353238945899,0.2082897549850362,0.047987109707416764,0.0012579964547541128,1.0425273303465287e-05,AFIB,201m (8).mat
-1.0855514018557087e-17,0.9999999999750387,0.9999999999500776,3.355317001562822,11.841145917774183,0.9999999999750387,-1.0439241195068585,5.808553344816936,6.852477464323794,0.5532847600529505,-0.6236268359564494,-0.4423557162821613,-0.027750538684847413,0.5215194616499368,0.4146051775973139,0.018333333333333333,0.9999999999500776,0.06262951941116422,16,96.0,0.6018518518518519,0.1820569108626941,0.43333333333333335,1.1722222222222223,0.30249455908463924,0.25292599875568517,0.7142857142857143,4.8834986798210345,0.45552605379993094,4.21875,1.0470654723281005,0.3596739726144599,0.4188804723452134,0.09233103247127224,3.671945831997412,0.41810941937629886,0.34987777752755345,0.20058709471202973,0.030388814107473267,0.0010284128752712017,8.481401373223346e-06,AFIB,201m (9).mat
-2.3684757858670008e-17,0.999999999987275,0.99999999997455,2.804531885875503,9.16426332214669,0.999999999987275,-1.7361872996312564,5.859563379682069,7.595750679313326,0.5738086946332687,-0.5456721028164155,-0.40698624544997447,-0.032985264142349924,0.6840204918460646,0.37400098130762455,0.01138888888888889,0.99999999997455,0.0479089323173178,16,96.0,0.6487037037037038,0.2383194476371684,0.43333333333333335,1.2805555555555554,0.36737796610244594,0.18985949274167718,0.7142857142857143,4.454101159279126,0.48117772186154883,2.8125,0.7968201898733692,0.339960031227588,0.2863513945839463,0.047310622876063586,3.5392355153171766,0.6246849784146391,0.24837401262376682,0.1101659333478413,0.01637996342907441,0.0003921740044127018,2.9381802655643166e-06,AFIB,202m (0).mat
5.921189464667502e-18,0.9999999999870939,0.9999999999741878,3.2568505387937123,10.373104324602659,0.9999999999870939,-0.8617433182338897,5.27191865300556,6.13366197123945,0.5491840025560907,-0.5695459595293964,-0.4581899900602992,-0.07467821588536944,0.5128636121314469,0.38351177417492976,0.01361111111111111,0.9999999999741878,0.05800702031550213,18,108.0,0.580718954248366,0.12528279770616974,0.4666666666666667,0.8861111111111111,0.2157374002930349,0.15182626675835043,0.625,4.594108920621306,0.2529608910735342,4.21875,0.9214833050025097,0.35320994610502593,0.35865268711322396,0.0648804053441704,3.6203069841479345,0.4991350389606703,0.2932635643452666,0.18581658176338306,0.021135052743929916,0.0006448388493116501,4.9233374383395175e-06,AFIB,202m (1).mat
5.427757009278543e-18,0.9999999999873728,0.9999999999747456,2.734417318208295,6.775464998088427,0.9999999999873728,-0.8926328189888109,4.710517760378778,5.603150579367589,0.603172566018283,-0.5741830965790162,-0.4860617477929712,-0.11648492244824911,1.0744867525329418,0.3695768253447221,0.012777777777777779,0.9999999999747456,0.05993060261193727,23,138.0,0.4419191919191919,0.019206865525056988,0.41388888888888886,0.49166666666666664,0.04346239274692263,0.026526029056741725,0.047619047619047616,3.9567529704230604,0.247215877051629,2.8125,1.0136272405093938,0.4390833149542791,0.38268623112674727,0.05413513273219708,3.4999588391806906,0.5693258715603787,0.243812458524516,0.16578976543584306,0.020561561423170314,0.0005063722772674365,3.970778824201709e-06,AFIB,202m (10).mat
-1.973729821555834e-18,0.999999999986805,0.99999999997361,3.6009184099963925,12.617590448853324,0.999999999986805,-0.7372738475410346,5.272880698438382,6.010154545979416,0.5118389621609462,-0.5077387182739524,-0.3653546968655267,-0.13329013127769845,0.17671688163724453,0.23206456558782823,0.012777777777777779,0.99999999997361,0.05438637146756767,16,96.0,0.6320370370370371,0.18553356120109804,0.39166666666666666,0.9222222222222223,0.29354855813090164,0.255527517440514,0.7857142857142857,4.888543228970814,0.2935397587881037,4.21875,1.009784620488749,0.364694421946516,0.40546928609490557,0.0670293565055081,3.586693352354497,0.4943462239851766,0.27947945305797856,0.2045299933984359,0.02103481250128001,0.0006048058100635825,4.711247065065532e-06,AFIB,202m (11).mat
0.0,0.9999999999853952,0.9999999999707906,3.4233582824380466,11.438214134670421,0.9999999999853952,-0.9526384186305882,5.172431651535469,6.125070070166057,0.5277804510920112,-0.5440602316273228,-0.397458220276534,-0.08989095242379709,0.28613951591623865,0.3075672678527369,0.015,0.9999999999707906,0.057624552294760226,17,102.0,0.5559027777777779,0.10336205451359606,0.37777777777777777,0.7416666666666667,0.18593548810972044,0.14567495809382566,0.8666666666666667,4.722299846899191,0.2908405353901637,4.21875,0.9408231255605761,0.3515783630876054,0.3702457238367625,0.0606350013481021,3.567956255988543,0.5021693044576896,0.28113241407419676,0.18780403670754706,0.0282965464598078,0.0005931054410849541,4.592859673677106e-06,AFIB,202m (12).mat
-1.1842378929335004e-17,0.9999999999833191,0.9999999999666382,3.707943888435879,13.669242842276958,0.9999999999833191,-0.8972970645418039,5.587443074680322,6.484740139222126,0.5080159917429287,-0.4890544456989318,-0.3706697444636455,-0.10445349749487476,0.23547474645831776,0.2662162469687707,0.016666666666666666,0.9999999999666382,0.055104382739520646,15,90.0,0.6646825396825395,0.16776565107621993,0.38055555555555554,1.1027777777777779,0.25239966571703115,0.2530101308362829,0.8461538461538461,5.068052885429514,0.29532048966130847,4.21875,1.0080258906560242,0.346485123865785,0.40880476906801755,0.07053491893878036,3.6096473644804887,0.5206254252347509,0.3305222898757453,0.13297863685017616,0.015232785942062796,0.0006358815210168214,4.9805762476682515e-06,AFIB,202m (13).mat
-6.908054375445418e-18,0.9999999999840402,0.9999999999680804,3.67615952002988,13.325683796513669,0.9999999999840402,-0.7918714218166679,5.526396514072754,6.3182679358894225,0.5112036331031,-0.4772159345694885,-0.3819211958614583,-0.09237557785687493,0.1929470897535709,0.28954561800458334,0.02,0.9999999999680804,0.05877367233153392,16,96.0,0.6298148148148147,0.11370792608881046,0.4527777777777778,0.8416666666666667,0.18054184060707165,0.1720973689780616,0.9285714285714286,5.031455868377167,0.21344827281151726,4.21875,0.9861673399260855,0.32017872808256914,0.40998444660562644,0.08094489248011211,3.6710470936496846,0.47840133633752807,0.3104327673778173,0.18276374748614863,0.02749171674832224,0.0009031286732611921,7.303376922391233e-06,AFIB,202m (14).mat
1.4309541206279795e-17,0.9999999999822629,0.9999999999645258,3.803624994666294,14.573687877364495,0.9999999999822629,-0.8010485582875178,5.5595703847069915,6.36061894299451,0.5137642125178741,-0.5028183367721437,-0.39550372419005236,-0.08843176955744367,0.34877165002610144,0.3070719546326087,0.016666666666666666,0.9999999999645258,0.05514611171085427,14,84.0,0.7010683760683759,0.13749530969095441,0.5,0.9333333333333333,0.1961225383833628,0.2209133910324328,0.75,5.244016728053644,0.21890465461742473,4.21875,1.0224926242770644,0.3551075430949015,0.4109544679571926,0.07372254719380128,3.610836447505977,0.49418780323304096,0.3179397904708032,0.1534139945657919,0.033774512211048754,0.0006785308002580978,5.368719056973805e-06,AFIB,202m (15).mat
-4.934324553889585e-18,0.9999999999833067,0.9999999999666135,3.8537066031651324,14.999804608582728,0.9999999999833067,-0.8364804692962987,5.607427122588261,6.443907591884559,0.5006898165159471,-0.48289517382349967,-0.3962751262859806,-0.0556060855362598,0.28690891489962383,0.3406690407497208,0.017222222222222222,0.9999999999666135,0.05497685119981311,14,84.0,0.6602564102564104,0.13335285031385283,0.4583333333333333,0.9194444444444444,0.20197130696556811,0.2068729680193121,0.9166666666666666,5.285697978426907,0.2586642499672774,4.21875,1.1256255325812872,0.3800214135064035,0.45831788902739823,0.08496799034467087,3.6389248003964743,0.4886246582355529,0.29752524497944793,0.18710931143288267,0.02601012265035594,0.0007249283810481238,5.7343207121595e-06,AFIB,202m (16).mat
-1.0855514018557087e-17,0.9999999999833149,0.9999999999666299,3.9015418505797363,15.28709110165752,0.9999999999833149,-0.8257448890257467,5.6001730551591296,6.425917944184876,0.4954736557939762,-0.4842097421877566,-0.37431753335921325,-0.08469219477044315,0.24826396283711355,0.2896253385887701,0.017777777777777778,0.9999999999666299,0.055579122807156676,14,84.0,0.7153846153846153,0.16299595725202085,0.4638888888888889,1.1722222222222223,0.22784381089401096,0.19805023108525227,0.8333333333333334,5.3026567225401795,0.27263712694808434,4.21875,1.065091170228511,0.3570340987047995,0.4364914855969697,0.08325629423649408,3.6646385032610347,0.4855390209764546,0.3078334536378392,0.18101455557546092,0.024854046549805223,0.0007528940638388817,6.02919660084718e-06,AFIB,202m (17).mat
1.578983857244667e-17,0.9999999999837085,0.999999999967417,3.6328486021565722,12.980909591103963,0.9999999999837085,-0.8382263817696667,5.493567960333357,6.331794342103024,0.5114475882645192,-0.5097056486867699,-0.3724438194197415,-0.10563093420270563,0.2029893737709071,0.26681288521703583,0.014444444444444444,0.999999999967417,0.057892534403907285,16,96.0,0.6401851851851851,0.158272784610692,0.42777777777777776,1.05,0.24722968919950727,0.2196139088478588,0.7142857142857143,4.977695496016836,0.25453092223753604,4.21875,0.9998368985107968,0.34681683554652776,0.4057262142156577,0.07606238501786111,3.6569359253197584,0.50249120971311,0.3174260524391849,0.15183770379084588,0.027473635546909347,0.0007652539890054451,6.144520944061422e-06,AFIB,202m (18).mat
-1.1842378929335004e-17,0.9999999999839034,0.999999999967807,3.6000145992594357,12.738801187888077,0.9999999999839034,-0.7696457703340993,5.374484032980919,6.1441298033150185,0.5211354702599292,-0.4859252325168539,-0.3976622436903555,-0.08851266011548369,0.27369002067577336,0.3091495835748718,0.017222222222222222,0.999999999967807,0.05728544827710967,16,96.0,0.6377777777777779,0.13033590663999992,0.43333333333333335,0.8694444444444445,0.20435943517783348,0.19576788842291307,0.7857142857142857,4.9434826925058415,0.2365098278355199,4.21875,0.9163725387067929,0.31675246737846663,0.36629714975083183,0.06896626327579336,3.6352990222919797,0.510146722066387,0.32406217133600074,0.13524998608407976,0.02977581408984516,0.0007592024694436163,6.103954243458333e-06,AFIB,202m (19).mat
-1.3816108750890837e-17,0.9999999999869251,0.9999999999738503,3.1706649528668804,9.670139154359045,0.9999999999869251,-0.8404335404449376,5.263072720544148,6.103506260989086,0.552367138393276,-0.5513626579471743,-0.4498226737666601,-0.06800319889088884,0.5378979778266176,0.3818194748757712,0.011666666666666667,0.9999999999738503,0.05763308156816712,19,114.0,0.5253086419753087,0.07939181158652187,0.4388888888888889,0.7,0.1511336480908683,0.08935488554119403,0.35294117647058826,4.4543557646023,0.2826932219170197,2.8125,1.1043636104921966,0.45057426765864406,0.4307648262935712,0.07341407679085833,3.600151489979908,0.5415217432980218,0.26253677168244305,0.16992916540014327,0.025388017928032306,0.0006194985328317286,4.803158527631648e-06,AFIB,202m (2).mat
1.578983857244667e-17,0.9999999999834486,0.9999999999668973,3.5850473347173595,13.243188144279667,0.9999999999834486,-1.5283115903305284,5.5988477394631655,7.1271593297936935,0.506561292992267,-0.48193305765284034,-0.3582665065496475,-0.08420821231156614,0.2642517584880188,0.27405829423808137,0.014722222222222222,0.9999999999668973,0.054455511617953985,15,90.0,0.6442460317460318,0.12608639138590083,0.44166666666666665,0.85,0.19571155269434984,0.15710650811086163,0.6923076923076923,5.026330116716806,0.35430950276325207,4.21875,1.0527472276928735,0.38171414128711106,0.4154748098585455,0.07389287724101644,3.6216688985589554,0.5333992596700575,0.2609567655560073,0.18378424710228783,0.02115760724359108,0.0006968529822166078,5.26744583946582e-06,AFIB,202m (20).mat
-2.960594732333751e-18,0.9999999999836695,0.9999999999673391,3.4461808007631993,12.00743031252282,0.9999999999836695,-1.119790107498963,5.192416317219749,6.3122064247187115,0.537654340780613,-0.5546717064628969,-0.4052912102940709,-0.058533951692344946,0.426554149950312,0.34675725860172596,0.015,0.9999999999673391,0.05704781664929608,16,96.0,0.6244444444444445,0.10961117211989818,0.43333333333333335,0.875,0.17553390524898194,0.17102599150632955,0.9285714285714286,4.85112077526247,0.39770279118429763,4.21875,1.0713887093354453,0.3833264586829261,0.4255790012414982,0.07738591409494387,3.6344358661949063,0.5027648642701161,0.31655587567741145,0.15369863266647593,0.026008194796049836,0.0009662355090525218,6.197080893914015e-06,AFIB,202m (21).mat
-3.947459643111668e-18,0.9999999999835998,0.9999999999671997,3.632881170720922,13.3705669062951,0.9999999999835998,-1.3337594529437853,5.479644218426516,6.813403671370302,0.5182633144121833,-0.5078024811338308,-0.3821564235728157,-0.08260026185553335,0.32986447794951407,0.2995561617172824,0.014166666666666666,0.9999999999671997,0.055057561188259635,15,90.0,0.6603174603174603,0.10569867371254275,0.44722222222222224,0.8361111111111111,0.16007251042801984,0.13106374995667774,0.8461538461538461,5.064547534959499,0.27304575314131885,4.21875,0.9584901440319356,0.34114027093721927,0.38484543394173765,0.07172327535466931,3.650992702023612,0.5181574963957833,0.28411037692161395,0.1725224278256548,0.024436139282744483,0.0007676043072011073,5.955267002100624e-06,AFIB,202m (22).mat
1.1842378929335004e-17,0.9999999999834087,0.9999999999668175,3.896428361106112,15.139948861815618,0.9999999999834087,-0.7007468843540658,5.640320941409497,6.341067825763563,0.49524697133050205,-0.4643181275356288,-0.37862326126505846,-0.07463996886319685,0.20980668722888088,0.3039832924018616,0.016944444444444446,0.9999999999668175,0.05373819163459768,14,84.0,0.7134615384615384,0.10339584402912641,0.5861111111111111,0.8944444444444445,0.1449213984360825,0.13286714410846306,0.6666666666666666,5.299054976976881,0.1685506939539851,4.21875,0.9743068508487297,0.34655927650680807,0.388385383284591,0.07047896829237071,3.6268904539881377,0.5228608420325827,0.3053052764642373,0.13617532191566506,0.034964820458118384,0.0006883540796004599,5.3850497958296506e-06,AFIB,202m (23).mat
4.934324553889585e-18,0.9999999999845306,0.9999999999690613,3.44474727992547,11.486161650718891,0.9999999999845306,-0.7910344591984365,5.1966132225705275,5.987647681768964,0.5264992761248362,-0.52754634030521,-0.3776196198872914,-0.116768623587854,0.3268419317520869,0.2608509962994374,0.014444444444444444,0.9999999999690613,0.057034571876558894,17,102.0,0.5753472222222222,0.12202033120284443,0.39166666666666666,0.8805555555555555,0.2120812029290272,0.17199806200458576,0.8,4.742697068722677,0.24559497440223535,4.21875,1.004432291621454,0.3648420029609466,0.40000843318681023,0.067186567639492,3.579292146278559,0.4867924762045236,0.30341163750830347,0.18370498383713313,0.025417832040651143,0.0006677996489837538,5.2707604046342815e-06,AFIB,202m (24).mat
0.0,0.9999999999841283,0.9999999999682566,3.4834038922073876,12.622516990675107,0.9999999999841283,-1.6324938921749943,5.547016512215189,7.179510404390183,0.5104182859229631,-0.49087192933733764,-0.3715037404631508,-0.06734237410419892,0.26100499751451156,0.3041613663589519,0.016944444444444446,0.9999999999682566,0.05602174637309146,16,96.0,0.6381481481481484,0.14931760646170064,0.4222222222222222,0.9777777777777777,0.23398580198190944,0.2362336283438364,0.9285714285714286,4.8727774481556585,0.49145560974737534,4.21875,0.9758708057088105,0.34962993967485245,0.38902005066331585,0.07450228657557152,3.6492201346513378,0.5553973734301302,0.264128978201823,0.1504974178865682,0.029173306904736802,0.0007973827118012372,5.540864940465782e-06,AFIB,202m (25).mat
0.0,0.9999999999855446,0.9999999999710892,2.0246472977082908,8.884829642512134,0.9999999999855446,-3.446307043161773,5.005142579035898,8.451449622197671,0.5119745310261465,-0.4511180768108028,-0.2998688133531883,0.016351720451286546,0.45486445599988035,0.31622053380447485,0.016944444444444446,0.9999999999710892,0.04937852710016882,15,90.0,0.6285714285714287,0.1684508618848253,0.4027777777777778,0.9166666666666666,0.2679900071176925,0.2199590957397999,0.8461538461538461,4.44712446657746,0.2880655623555347,4.21875,0.8682248568224186,0.329819127694962,0.33511083581701184,0.053977098017314235,3.5734072309337637,0.6357610592640042,0.2540643361901827,0.09409386129429621,0.015357639207466715,0.000718347779382655,4.756264667239185e-06,AFIB,202m (26).mat
-7.894919286223335e-18,0.9999999999848006,0.9999999999696013,3.027281813476484,12.026868020961356,0.9999999999848006,-3.3732214430741285,6.467400977126116,9.840622420200244,0.5283929786345115,-0.5106226630242369,-0.3557268421793039,-0.029818192403926823,0.7304874227384837,0.3259086497753771,0.018333333333333333,0.9999999999696013,0.049897618940998686,14,84.0,0.7134615384615385,0.18712044887146154,0.4111111111111111,1.0916666666666666,0.26227124872447155,0.2165657409762889,1.0,4.856924372398814,0.5533933977862365,4.21875,0.8391035988789626,0.3185109967639937,0.3217059227083167,0.06058051073933732,3.6316071834238306,0.6056170766888954,0.22122772562777107,0.15524893877988521,0.01721530605454021,0.0006859942093649529,4.958639542891469e-06,AFIB,202m (27).mat
6.908054375445418e-18,0.999999999983797,0.999999999967594,3.9153158365253007,15.246145233253436,0.999999999983797,-0.8492052388576954,5.546810795581008,6.396016034438704,0.48948329356673753,-0.4799441360429748,-0.3587438725742056,-0.12296091179709304,0.16539255705146655,0.23578296077711255,0.01611111111111111,0.999999999967594,0.05380384037980864,14,84.0,0.730128205128205,0.17398752750351942,0.4,1.0194444444444444,0.23829722786105942,0.27049004834770546,0.8333333333333334,5.299390892459186,0.1687890006943795,4.21875,1.021125200818887,0.34647392672121025,0.41557265470626803,0.07915728225587827,3.6443444863678076,0.49793868117197476,0.3060885759727382,0.16411901789833327,0.031121561685293397,0.0007264318182909638,5.7314533692270665e-06,AFIB,202m (28).mat
-9.86864910777917e-18,0.9999999999837056,0.9999999999674113,3.642921691915138,13.18319822480025,0.9999999999837056,-0.8820492902995684,5.732442943189541,6.61449223348911,0.5251485100719313,-0.4702955122582138,-0.37994771260757276,-0.13143183115663892,0.38576992096755597,0.24851588145093384,0.009722222222222222,0.9999999999674113,0.052610065384539856,15,90.0,0.6785714285714287,0.1222602239417082,0.45,0.8694444444444445,0.18017296133278873,0.14060900642405288,0.7692307692307693,4.991083642616443,0.34661973351001624,4.21875,0.9636101273290866,0.3549564036131354,0.3747446268283439,0.07080838371161392,3.6357651917533156,0.5647190970438788,0.257181033817294,0.15670999784299916,0.02077355028673095,0.0006115083158993167,4.812693197604464e-06,AFIB,202m (29).mat
-7.894919286223335e-18,0.9999999999869983,0.9999999999739966,3.159223949754273,9.472296258820453,0.9999999999869983,-0.8040738137286738,4.83165267321721,5.635726486945884,0.5563159423071553,-0.5281487790016394,-0.4451090838068278,-0.08566140048943022,0.5808313008067718,0.35944768331739757,0.012777777777777779,0.9999999999739966,0.058376934978450284,19,114.0,0.513425925925926,0.05153050224070884,0.4722222222222222,0.6555555555555556,0.10036599154476154,0.048441581135025856,0.17647058823529413,4.446063122168921,0.19471557757082253,1.40625,1.0427853773455777,0.42155314345168415,0.40714286860022186,0.06495251005845147,3.579007620719646,0.5251592347515811,0.33303263701229074,0.12247203093290103,0.018753018102988715,0.0005785971342527939,4.482065985328471e-06,AFIB,202m (3).mat
5.921189464667502e-18,0.9999999999833421,0.9999999999666842,3.886911817962678,15.115115504925658,0.9999999999833421,-0.7692034605748951,5.7186059002876375,6.487809360862532,0.4912779933415316,-0.5026134656860748,-0.37246306880917873,-0.09414597908658458,0.19736023991992935,0.27831708972259417,0.017777777777777778,0.9999999999666842,0.05490605598516148,14,84.0,0.6835470085470086,0.154792318431107,0.41388888888888886,0.9527777777777777,0.22645453241568414,0.23922779577550124,0.8333333333333334,5.264877609082208,0.30987630603786354,4.21875,1.0129996176773846,0.3499840722002884,0.40741572807364135,0.07350154935390328,3.6211719746992155,0.49287377182517816,0.3012949206692129,0.1813172319704286,0.0238166349873335,0.0006919237085444574,5.516839302128015e-06,AFIB,202m (30).mat
-1.6776703483224588e-17,0.999999999984215,0.9999999999684299,3.7686956323029417,14.032760490066686,0.999999999984215,-0.7217233972699562,5.580905928608175,6.302629325878131,0.5056502687779706,-0.4710797631299484,-0.3769661270406244,-0.12252200135010892,0.21886936907559265,0.25444412569051544,0.01611111111111111,0.9999999999684299,0.05528189503074954,15,90.0,0.6742063492063491,0.0974115422647107,0.425,0.8333333333333334,0.14448327612888354,0.15287098943621083,0.6923076923076923,5.114167643171239,0.26614050400049666,4.21875,1.117435872374348,0.38321819179937894,0.4542059577156301,0.08554999557191473,3.654667626571309,0.5171631701956129,0.2923010393649936,0.1683445638366622,0.021467793346499318,0.0007178082888724149,5.624967359355953e-06,AFIB,202m (31).mat
0.0,0.9999999999849383,0.9999999999698765,3.0603799037288697,10.908342201822396,0.9999999999849383,-2.2638923770620933,5.952664678626877,8.21655705568897,0.5206107512213871,-0.5877181099159372,-0.3546923453739127,-0.015156973099987706,0.35127798532493554,0.339535372273925,0.014166666666666666,0.9999999999698765,0.052554629865233106,16,96.0,0.6622222222222223,0.12439069606481715,0.4777777777777778,1.0361111111111112,0.18783829914308886,0.1938724580294048,0.7142857142857143,4.6599293240702835,0.5314163059311212,4.21875,0.8665499306078334,0.31471566023660225,0.3437069428486366,0.06202369864670722,3.6440275227845027,0.601460647903708,0.25612136250788675,0.11825448615508971,0.023383630516414414,0.0007752954973488576,4.577419551906494e-06,AFIB,202m (32).mat
-1.973729821555834e-17,0.9999999999834037,0.9999999999668074,3.592956166463913,12.63101707948528,0.9999999999834037,-0.8566610718182798,5.30246588128456,6.15912695310284,0.5133222179644745,-0.5113464584272192,-0.3789717544505322,-0.1122348183725361,0.22782860860835452,0.2667369360779961,0.013055555555555556,0.9999999999668074,0.05563887730288502,16,96.0,0.6361111111111111,0.14583024688091903,0.42777777777777776,1.0,0.22925278949606923,0.17654739160203267,0.7857142857142857,4.932312746482875,0.16926255802380796,4.21875,1.0425713520749578,0.37049661947228085,0.41640062582458603,0.0749671275327372,3.6226489458683147,0.48510408463731136,0.3416802251150493,0.14761061332064093,0.02491361436182242,0.000685917865853388,5.544699322400393e-06,AFIB,202m (33).mat
4.934324553889585e-18,0.9999999999843266,0.9999999999686533,3.5433053263102847,12.349174587583086,0.9999999999843266,-0.8558013608319833,5.322384176548611,6.178185537380594,0.5152546919769319,-0.5306708628744731,-0.3622068446572546,-0.10030930500654185,0.21326379681235572,0.2618975396507128,0.017222222222222222,0.9999999999686533,0.05532883077412884,16,96.0,0.6124074074074074,0.15929973645824183,0.3888888888888889,0.9194444444444444,0.26012052478677206,0.19734654029521342,0.8571428571428571,4.866117635224952,0.28055853863728536,4.21875,1.1029955362264061,0.3789207811094999,0.4509955793503707,0.07591743935362458,3.6013779170939757,0.49105854210958955,0.30494473228877816,0.18331950623305787,0.02007338193363026,0.000599234274677227,4.603160266686224e-06,AFIB,202m (34).mat
1.973729821555834e-18,0.9999999999840952,0.9999999999681904,3.888327177914422,15.095985772009353,0.9999999999840952,-0.7794276738185055,5.645511665606038,6.424939339424544,0.4953864566775374,-0.4838458732157725,-0.36494447094227467,-0.10770843899957139,0.19645086855946545,0.2572360319427033,0.015555555555555555,0.9999999999681904,0.05360729858127854,14,84.0,0.7025641025641026,0.1481544486935488,0.4666666666666667,1.0777777777777777,0.21087676973810981,0.22798799017174443,0.75,5.25987861999888,0.2701087174037821,4.21875,0.922060781085654,0.3228297186857872,0.36779055186123466,0.06798605323170238,3.60407952126299,0.5546479210680405,0.26312681402475585,0.14953970555931778,0.03199147951550108,0.0006886993487165194,5.380483667958818e-06,AFIB,202m (35).mat
-9.375216652390211e-18,0.9999999999838646,0.9999999999677291,3.958005429232144,15.689176769051741,0.9999999999838646,-0.676229643574492,5.851022887045006,6.5272525306194975,0.48883471868900086,-0.479536629584197,-0.36539551907682905,-0.11137961591562674,0.2060888633024504,0.2540159031612023,0.015,0.9999999999677291,0.05447478192920187,14,84.0,0.7352564102564101,0.15653076717499947,0.4527777777777778,0.9583333333333334,0.2128927606459342,0.2063267565117886,0.75,5.324646989835986,0.35250689718878775,4.21875,0.9350687769662571,0.3220277608483547,0.3776153488301472,0.07239077544669519,3.6563252865004974,0.47577272008691157,0.32735832330249687,0.172083861511114,0.024001857056763866,0.0007770713263114175,6.166716401893059e-06,AFIB,202m (36).mat
-1.973729821555834e-18,0.9999999999844223,0.9999999999688447,3.7548264945757452,13.924740777314618,0.9999999999844223,-0.7273309987446577,5.716586572463331,6.443917571207989,0.5052896771769957,-0.49348068815692636,-0.36833454378869773,-0.12377883387399971,0.2033195400459041,0.24455570991469802,0.014166666666666666,0.9999999999688447,0.0543097795934106,15,90.0,0.6801587301587303,0.13362590727092685,0.46944444444444444,0.9555555555555556,0.19646282720399608,0.22913396555081234,1.0,5.086951013871708,0.29753985439816477,4.21875,0.9365817534874173,0.33300043616999564,0.37454551507126466,0.06735806690090163,3.614863402888444,0.41876675099476435,0.36387598203009053,0.18288427912614255,0.033761688676679405,0.0007057936616152417,5.505510707689699e-06,AFIB,202m (37).mat
-2.960594732333751e-18,0.9999999999843785,0.9999999999687571,3.7907316047749733,14.242170179542388,0.9999999999843785,-0.8021592107330382,5.5918841692183126,6.39404337995135,0.49679547431669524,-0.48748647146301594,-0.37013531700883395,-0.10209032964534005,0.20611934613988356,0.2680449873634939,0.016666666666666666,0.9999999999687571,0.05602195640360307,15,90.0,0.6577380952380951,0.15445749977448012,0.38055555555555554,0.9444444444444444,0.23483131151729417,0.2363498039338369,0.9230769230769231,5.1428288192357146,0.25150008718181477,4.21875,1.015727696818311,0.3388300434214398,0.4180762576472258,0.08113525842755641,3.663153000155446,0.46789198734572757,0.32210994056558184,0.18024831859427587,0.028972073943544396,0.0007716433873509458,6.0361635192539644e-06,AFIB,202m (38).mat
1.7763568394002505e-17,0.9999999999840433,0.9999999999680866,3.9173521307156243,15.336865269223281,0.9999999999840433,-0.7910707816806181,5.7908047012968495,6.581875482977468,0.48864565331230025,-0.4874481899234771,-0.3663357383066357,-0.10269105980728409,0.16731367781275788,0.2636446784993516,0.015555555555555555,0.9999999999680866,0.05350314027144014,14,84.0,0.6933760683760682,0.14098646179415134,0.48055555555555557,0.8833333333333333,0.20333332519107195,0.171949455440654,0.6666666666666666,5.285573851289882,0.32231492466445966,4.21875,1.066434853689926,0.37692070264534483,0.43019213130611256,0.07925222332465696,3.650564190640093,0.5102527754274475,0.305561350123428,0.15485797208272853,0.028626777096169,0.000695640923107458,5.484347119212284e-06,AFIB,202m (39).mat
7.894919286223335e-18,0.999999999987038,0.9999999999740761,3.0441330691556967,8.86244949095611,0.999999999987038,-0.9413650300044382,4.888096067011796,5.829461097016234,0.5596299835756657,-0.5592779805921076,-0.46138511980563096,-0.07508020258504805,0.6708745734761182,0.3863049172205829,0.012222222222222223,0.9999999999740761,0.058681633061683336,20,120.0,0.506140350877193,0.07007942993819,0.4305555555555556,0.7083333333333334,0.13845849215198253,0.10473405146537189,0.3888888888888889,4.32304684640409,0.2928798994996259,2.8125,0.9993357745739953,0.42523092835529996,0.3778467108292077,0.06394646240555485,3.561443107610128,0.5343738527129684,0.2837362518882293,0.16144595176292748,0.01983246555707472,0.0006067961542524953,4.681924547279695e-06,AFIB,202m (4).mat
1.973729821555834e-18,0.9999999999835946,0.9999999999671892,3.9004759320258726,15.166074709748372,0.9999999999835946,-0.7215198463644379,5.894015028740217,6.615534875104655,0.4899418649882071,-0.48417334771580445,-0.36556325034035136,-0.10599286297190624,0.17324710195010273,0.2595703873684451,0.015555555555555555,0.9999999999671892,0.05379910016593442,14,84.0,0.6841880341880342,0.13614112967157774,0.4361111111111111,0.9555555555555556,0.1989820380798713,0.2458843324375744,0.9166666666666666,5.266280398410376,0.28225426435892065,4.21875,1.1261359018346853,0.39097871824315644,0.45775245331975967,0.0814611033933504,3.637605850081365,0.511713346860115,0.2886643449220519,0.1705848645179752,0.028351003536175166,0.0006810860941996035,5.354069482975257e-06,AFIB,202m (40).mat
-7.894919286223335e-18,0.9999999999845242,0.9999999999690484,3.511562185490902,12.944122925278636,0.9999999999845242,-1.2206725881011649,6.534165931274921,7.754838519376086,0.520302752359776,-0.527174128490697,-0.3708033235673771,-0.054026134092728495,0.35914048605927085,0.3167771894746486,0.015277777777777777,0.9999999999690484,0.05167328503796894,15,90.0,0.6799603174603174,0.15136860418721337,0.43333333333333335,1.086111111111111,0.22261387918925638,0.20728940731635334,0.8461538461538461,4.954664570549345,0.4646124138832295,4.21875,0.9107224787287799,0.33382150235613695,0.3562367178798881,0.06728139853215918,3.643969277789703,0.5111508026433751,0.3089983400917527,0.1582598496791527,0.02099170736922586,0.000594663702042317,4.6365144511379355e-06,AFIB,202m (41).mat
1.973729821555834e-18,0.9999999999839216,0.9999999999678433,3.850664445295819,15.065885839994355,0.9999999999839216,-1.0283822937472231,5.824304808741025,6.8526871024882485,0.4954856586188214,-0.4999244867605882,-0.37830349987521655,-0.07186355793590095,0.25911116441525117,0.3064399419393156,0.016944444444444446,0.9999999999678433,0.05488966453046819,14,84.0,0.7151709401709402,0.11457017088147871,0.5472222222222223,0.8833333333333333,0.1601997009189082,0.19195496299634984,0.8333333333333334,5.2623279303039965,0.35742977280966853,4.21875,1.1052704995861427,0.3617625614925916,0.46183049323028297,0.08688941576988658,3.6655528543130074,0.4650161869844741,0.3013496151562018,0.20727400154778522,0.025653954454705367,0.0007007052721381921,5.536584695023252e-06,AFIB,202m (42).mat
1.973729821555834e-18,0.9999999999838097,0.9999999999676195,3.8719248823446106,14.915028778407407,0.9999999999838097,-0.6542684689887215,5.571591390342529,6.22585985933125,0.4948244081651531,-0.4824218373300757,-0.3691351951867974,-0.09710284342737108,0.19867149354337293,0.2720323517594263,0.015555555555555555,0.9999999999676195,0.05327827550642856,14,84.0,0.7091880341880341,0.14424453875392687,0.45555555555555555,0.8888888888888888,0.20339392600677741,0.24905428119071527,0.75,5.23915139476707,0.29643141167855713,4.21875,1.0521127618037451,0.37121513684128615,0.4234458881240511,0.07463857251958357,3.6179928949470925,0.5500822546184136,0.28646939085769013,0.1416482482203982,0.021128692162690043,0.0006662679525996581,5.146188207959131e-06,AFIB,202m (43).mat
3.947459643111668e-18,0.999999999984764,0.999999999969528,3.5397682346183617,12.339188361692226,0.999999999984764,-0.8973069918603687,5.480871949397954,6.378178941258322,0.5189314456823377,-0.5118420905512949,-0.39164909794123703,-0.09648731414754315,0.2224879119431962,0.2951617837936939,0.013888888888888888,0.999999999969528,0.05456198704257656,16,96.0,0.6135185185185185,0.1522562366250422,0.39166666666666666,0.9472222222222222,0.24816893342442373,0.2182747104140771,0.7857142857142857,4.858961505862101,0.32433384585676706,2.8125,0.9303830374881102,0.34839334257605403,0.36842345608499083,0.06021998921013979,3.578873228993522,0.4740110497946472,0.3274974573437129,0.1769189935962814,0.02096308425103007,0.0006047188644153675,4.696149912812163e-06,AFIB,202m (44).mat
2.3684757858670008e-17,0.9999999999869879,0.9999999999739758,2.8688822469049464,8.020200139089832,0.9999999999869879,-1.0716219958540845,4.647767390585697,5.719389386439781,0.5720520531232296,-0.6395965199133898,-0.5088738036702993,-0.008975624667286264,0.720517580439955,0.4998981790030131,0.015555555555555555,0.9999999999739758,0.057982871639570575,20,120.0,0.491374269005848,0.054372601011676264,0.4111111111111111,0.6388888888888888,0.1106541476236213,0.06693938559851942,0.3333333333333333,4.249293009578055,0.22394074633974081,1.40625,1.0502662074453977,0.49550718713500286,0.36979766511408835,0.062291642705036364,3.4875107146525504,0.5518999504808019,0.28653575731089415,0.13703734114398175,0.023946199200092284,0.0005762626229623663,4.489241267333054e-06,AFIB,202m (5).mat
2.7632217501781673e-17,0.9999999999883155,0.999999999976631,2.4010535035424505,7.980786345652648,0.9999999999883155,-2.851516863592337,4.590297181792677,7.441814045385014,0.527540295539279,-0.4994596394295183,-0.3752930423110977,-0.022427474205659763,0.47420249071048065,0.35286556810543795,0.016666666666666666,0.999999999976631,0.05565980255787008,20,120.0,0.5137426900584794,0.11050813613290202,0.4222222222222222,0.8194444444444444,0.21510405511603253,0.15676885731155574,0.5,4.026216688675514,0.9909771358096052,2.8125,0.9087530114522298,0.35822209797366367,0.3546737080046405,0.06810874256713151,3.6341045756095287,0.596869604259264,0.2591756983849691,0.12114462142686508,0.021909621122592152,0.0008946195732818104,5.8352330275787845e-06,AFIB,202m (6).mat
1.8750433304780422e-17,0.99999999998788,0.9999999999757601,2.8550394922936864,8.909193207918419,0.99999999998788,-2.43216590134898,5.275066916277562,7.707232817626542,0.5627678120513749,-0.5721400369307555,-0.415674210346659,-0.05507267746064662,0.7950119586559002,0.3606015328860124,0.012777777777777779,0.9999999999757601,0.056962754712149455,18,108.0,0.5423202614379086,0.09162223825180253,0.425,0.7027777777777777,0.16894489215639913,0.11800448241643352,0.4375,4.410975624567623,0.34318034926325736,1.40625,0.9334258871526054,0.37956383405511873,0.3567382855259608,0.06647504011647402,3.6242961127329227,0.5360915009029692,0.2727260096435997,0.16458603266736752,0.025714999002235093,0.0008752786263487904,6.17915747931679e-06,AFIB,202m (7).mat
-1.0855514018557087e-17,0.9999999999871388,0.9999999999742778,2.8902159231934377,8.57674407147664,0.9999999999871388,-1.6635452736476406,5.022409853738591,6.685955127386231,0.5592229276426948,-0.5827351436434254,-0.4430869894917586,-0.05970048637222407,0.5849044940834428,0.38338650311953454,0.014166666666666666,0.9999999999742778,0.05978918805258075,20,120.0,0.491812865497076,0.11269151514761819,0.4,0.9111111111111111,0.229134947099413,0.1163889257196677,0.3333333333333333,4.259164743462909,0.45911400034320854,2.8125,1.0300814657601616,0.4090458012133965,0.4084532619372006,0.06704661663471671,3.5838683017239585,0.5146277591953587,0.2797647767621365,0.183762263630867,0.02114081320375289,0.0006993324303527223,5.05477753191678e-06,AFIB,202m (8).mat
5.921189464667502e-18,0.9999999999876834,0.9999999999753668,2.912735778854064,8.040582610794202,0.9999999999876834,-1.067937263400615,4.675826399928347,5.743763663328962,0.5800789170886007,-0.5896536374777014,-0.4818586802839909,-0.06528101454255246,0.763331309963491,0.41657766574143845,0.015555555555555555,0.9999999999753668,0.05987636362075457,21,126.0,0.46944444444444444,0.043042112596736286,0.4222222222222222,0.5861111111111111,0.09168734024744153,0.04960860454824519,0.21052631578947367,4.214462544911034,0.24355153858968323,2.8125,1.0250961256065754,0.42333164340094503,0.3969222215344085,0.06855861350167645,3.593255678750442,0.5074879091254778,0.31257242113194494,0.16192903505750325,0.017242749308582713,0.0007620094860102579,5.875890480719673e-06,AFIB,202m (9).mat
-8.881784197001253e-18,0.99999999998851,0.99999999997702,2.609672823550066,7.561614238514359,0.99999999998851,-1.2443604336708156,4.680297660169539,5.924658093840355,0.5583974437431616,-0.8814585113126294,-0.45304234864440635,0.07157605049386002,0.5026726983651403,0.5246183991382664,0.01888888888888889,0.99999999997702,0.04781540271178018,15,90.0,0.6382936507936509,0.1833999956107488,0.36666666666666664,0.9305555555555556,0.2873285596611868,0.25817934938380166,1.0,4.036148400872976,0.49832523655541927,2.8125,0.9743622491765442,0.4327542083767534,0.3481580571440876,0.01708952700675542,3.209208575991009,0.575778637834464,0.3516643187170452,0.06489957546331496,0.007433183908850095,0.0002222165742911923,2.067502034125357e-06,AFIB,203m (0).mat
-3.947459643111668e-18,0.9999999999898421,0.9999999999796843,2.7248182720850225,7.683902054134256,0.9999999999898421,-1.2527709964491112,5.269209633766267,6.521980630215378,0.5756247191643961,-0.7969737708404317,-0.4530861527969465,-0.028543735961066123,0.6804217914233982,0.42454241683588034,0.01361111111111111,0.9999999999796843,0.045786401077625986,15,90.0,0.6865079365079365,0.11982155834949355,0.4444444444444444,0.9527777777777777,0.17453776104097607,0.18647432347199971,0.6923076923076923,4.077399374563113,0.3764221731947219,4.21875,0.8490707205265201,0.3713715498794633,0.30944825516176533,0.015554757318946679,3.2386815116173624,0.6109388422624594,0.26887545790826356,0.11456295454542104,0.005463269975012066,0.00015797596505236604,1.499343791503254e-06,AFIB,203m (1).mat
0.0,0.9999999999863479,0.999999999972696,2.6975000715524753,8.751929659453042,0.9999999999863479,-1.4547405354954253,5.6698452072856345,7.1245857427810595,0.5715886142965145,-0.8823110081961835,-0.42010424382676465,0.05102905543384256,0.6319820724617474,0.4711332992606072,0.024722222222222222,0.999999999972696,0.052787770934489345,8,48.0,0.9686507936507935,0.5287495529030141,0.4111111111111111,1.9027777777777777,0.545861889365024,0.9462109025034857,1.0,4.627738672552696,0.5919212288517218,2.8125,1.0408205703092874,0.4625545597764714,0.35612524382103444,0.02676766707732623,3.197648464252106,0.6264527469281306,0.2871233916032925,0.07733376012156881,0.00879824946985925,0.00028916062428766437,2.6912528610539746e-06,AFIB,203m (10).mat
6.908054375445418e-18,0.9999999999868338,0.9999999999736676,2.808077687480144,8.915858845752227,0.9999999999868338,-1.3695342446813974,4.985813918982491,6.355348163663889,0.5476347851861514,-0.8998124277044698,-0.3674088685992611,0.024910701436055876,0.5383416784611489,0.392319570035317,0.020833333333333332,0.9999999999736676,0.049548766429588435,13,78.0,0.803935185185185,0.3190606759455672,0.425,1.788888888888889,0.39687363039745366,0.534428457939361,0.9090909090909091,4.325198444246501,0.5723071839488151,4.21875,0.9088062243429629,0.40948674548917374,0.3093555417879523,0.022010123952096228,3.221073394986561,0.6300143480580677,0.28244201883276754,0.07974077972390652,0.007587978827150179,0.00021290536918815633,1.9691889197686323e-06,AFIB,203m (11).mat
3.947459643111668e-18,0.9999999999828556,0.9999999999657113,2.9282161645187132,10.9657134875587,0.9999999999828556,-1.468691289707653,5.622730754764327,7.09142204447198,0.5382894541330238,-0.9238650711620875,-0.33369453447190683,0.05952359924314428,0.5139073372196362,0.3932181337150511,0.024722222222222222,0.9999999999657113,0.052884214763373585,9,54.0,1.045486111111111,0.574810317445387,0.5388888888888889,2.1805555555555554,0.5498019636862455,0.9923944685986084,0.7142857142857143,4.890901833791769,0.7228237825831452,4.21875,1.014801053636976,0.41157333509453164,0.36527962541249576,0.03176955343213523,3.236612856202151,0.5725251002256954,0.2880663391643896,0.12876100974245314,0.010390995419306206,0.00025433385606659823,2.22159208884179e-06,AFIB,203m (2).mat
-1.973729821555834e-18,0.9999999999840888,0.9999999999681777,2.5864735674176207,8.421937117285198,0.9999999999840888,-1.655164502725035,5.386676527500027,7.041841030225062,0.5699894472108812,-0.9235859315370772,-0.43671934546944635,0.1173393634504748,0.5178042826889705,0.5540587089199212,0.028055555555555556,0.9999999999681777,0.06023147617614206,12,72.0,0.8578282828282829,0.35902626248985314,0.4527777777777778,1.6833333333333333,0.4185292899035744,0.6217793562842325,1.0,4.320798341297308,0.6838348650577337,4.21875,0.9833641421850731,0.372917725885637,0.3789126996494677,0.03754736570147736,3.3566463422187667,0.6148102866030969,0.2449501519967574,0.1245597938441836,0.015187362148163892,0.00048821806324807925,4.187344550003843e-06,AFIB,203m (3).mat
7.894919286223335e-18,0.9999999999860073,0.9999999999720147,2.499446296963334,7.336327260298871,0.9999999999860073,-1.348910691008619,5.151481800121121,6.50039249112974,0.5881071965160131,-0.9035331398607543,-0.5150227474936332,0.05582032441260542,0.7557521578038524,0.5708430719062386,0.024166666666666666,0.9999999999720147,0.05282626314170885,13,78.0,0.7030092592592593,0.3472378854491843,0.4083333333333333,1.488888888888889,0.493930741852715,0.5408411217422842,0.8181818181818182,3.9882173350218837,0.6670481597091941,4.21875,0.89998850740302,0.3705793652544763,0.32885154996663063,0.02688169550739781,3.3008536599600324,0.5848273287993102,0.2978553094860404,0.10897967549154085,0.008112976093939076,0.00022278758222159473,1.9225469476858463e-06,AFIB,203m (4).mat
0.0,0.9999999999846191,0.9999999999692382,2.4900124661355365,6.833636028711695,0.9999999999846191,-1.2883322861007254,4.793591318859312,6.081923604960037,0.5925202936641103,-0.897588200800211,-0.43966947132623024,0.06591443452879048,0.9042996363789032,0.5055839058550207,0.015277777777777777,0.9999999999692382,0.048574308254632007,13,78.0,0.7842592592592593,0.5657596832617092,0.44722222222222224,2.613888888888889,0.7213936920230706,0.8447388674666001,0.8181818181818182,4.132570444431092,0.4021423135454702,4.21875,1.0966372862443592,0.5124433508481456,0.35698888225077324,0.015070702843974024,3.1189238174869054,0.6346946160137339,0.272377276775962,0.08868010926586171,0.004165895850712748,8.142685633199476e-05,6.752373972534946e-07,AFIB,203m (5).mat
9.86864910777917e-18,0.999999999985702,0.9999999999714041,2.433733015240607,7.232771302859328,0.999999999985702,-1.623063135810933,5.369361449772107,6.9924245855830405,0.6018207270230835,-0.9456043049755761,-0.4732233921775933,0.10233141748573915,0.8631766477970763,0.5755548096633325,0.021111111111111112,0.9999999999714041,0.05030501761690898,13,78.0,0.775925925925926,0.2237773517472375,0.4666666666666667,1.3694444444444445,0.28840040522141297,0.41301684282594636,0.9090909090909091,4.051687884211909,0.7645395586253174,4.21875,0.9806610157163573,0.43699609579839216,0.33346486230486394,0.023114999162978298,3.208910914851294,0.6330919267073032,0.27893571552816243,0.07921757483031736,0.008319134844178618,0.0004329446819682687,2.7034080698335916e-06,AFIB,203m (6).mat
-1.578983857244667e-17,0.9999999999877336,0.9999999999754672,2.256734139864336,5.967507140647559,0.9999999999877336,-2.3541885756822585,4.956687912978067,7.310876488660325,0.5959588896158357,-0.8464031941720803,-0.40701857122136775,0.002611581377405377,0.9607981886242709,0.4096301525987731,0.014444444444444444,0.9999999999754672,0.039735063703081025,11,66.0,0.8652777777777777,0.16695461237292186,0.6611111111111111,1.1472222222222221,0.1929491505129701,0.2987384884799984,0.8888888888888888,3.9249314824054475,0.5120492160442126,2.8125,0.8268856134697863,0.4028643665996363,0.2637115758546998,0.013909428670817367,3.100581059759712,0.7494076282711886,0.191040007034268,0.055194612488333426,0.0042327931384102254,0.00012386958819215032,1.0894796074543139e-06,AFIB,203m (7).mat
1.578983857244667e-17,0.9999999999833421,0.9999999999666843,2.365993788244123,8.75756489675354,0.9999999999833421,-2.820132258738215,6.611846080131136,9.431978338869351,0.6202576138656496,-0.9868505776985577,-0.5001824467151423,0.17599448829320768,0.9246808892719711,0.67617693500835,0.02666666666666667,0.9999999999666843,0.05520058855654995,8,48.0,0.9793650793650794,0.5622431946470617,0.38333333333333336,1.925,0.574089485033991,0.9997839272735723,1.0,4.328545672663631,0.9223860279389314,2.8125,0.6749457421650985,0.29910930098743255,0.2068151541140121,0.031065177857193704,3.2230423411821256,0.70948590554124,0.21190461346009276,0.06537144189162077,0.012857855293064628,0.0003768361804943861,3.3476334870088875e-06,AFIB,203m (8).mat
0.0,0.9999999999825572,0.9999999999651144,2.1188011392056265,5.608031125075241,0.9999999999825572,-1.7604499226864532,4.981828258703294,6.7422781813897465,0.6436464442885813,-0.9410618610120964,-0.517752101930674,0.17006945181422176,0.91299562272515,0.6878215537448957,0.025277777777777777,0.9999999999651144,0.057603216449632476,11,66.0,0.8238888888888889,0.5532301331696544,0.35,2.0083333333333333,0.6714863374893476,0.7881827173217982,0.5555555555555556,3.995040209771251,0.5570397674196016,4.21875,1.1073935198247793,0.46914471890994924,0.36965519608026337,0.036132089014807106,3.1580326744003733,0.6218737475104198,0.29277752758869646,0.074171384481419,0.010830114972866326,0.00034424042783376315,2.9850187643497468e-06,AFIB,203m (9).mat
-1.4802973661668754e-17,0.9999999999778455,0.9999999999556911,2.761793748201653,10.18798971577459,0.9999999999778455,-2.9043726310622966,5.317391132769276,8.221763763831573,0.5357566557552497,-0.8133051651985347,-0.45272135678841097,0.04492500746736589,0.5402712012082317,0.49764636425577685,0.026111111111111113,0.9999999999556911,0.051957731517583504,13,78.0,0.7511574074074073,0.22706374740921798,0.5138888888888888,1.3194444444444444,0.3022851733442064,0.3128737944017436,0.7272727272727273,4.839750492460793,0.3019047537926093,2.8125,1.0218629110651758,0.4579582997955847,0.35579739926786796,0.05824464686724254,3.5092795162158366,0.5724250134090896,0.28385983467730974,0.1259468789566776,0.017294115875106448,0.0004702409334097381,3.9161484066309855e-06,AFIB,210m (0).mat
-1.0362081563168128e-17,0.9999999999768747,0.9999999999537494,3.1367379517533855,11.16457359667524,0.9999999999768747,-1.372123203648314,5.666748428901773,7.038871632550087,0.5258533682788868,-0.8349472395757022,-0.4355374377437765,0.06662148938389885,0.3963407448146453,0.5021589271276754,0.025555555555555557,0.9999999999537494,0.055433149582491126,15,90.0,0.7051587301587302,0.06599243335234095,0.5583333333333333,0.8583333333333333,0.09358521767701995,0.08303364917060368,0.46153846153846156,4.737181410256825,0.5610547191331445,2.8125,0.9535750443348421,0.3857136019299592,0.3626128220064958,0.06309960059938317,3.5922589238843154,0.5297571362489869,0.27047284597658383,0.17638330556502174,0.022322742019482505,0.0010575081698618381,6.462020062794974e-06,AFIB,210m (1).mat
-9.86864910777917e-18,0.9999999999778697,0.9999999999557395,3.4395942549198297,12.699228378915063,0.9999999999778697,-1.0169388263959647,5.31245177440512,6.3293906008010845,0.4809728241031851,-0.7541002140249153,-0.4823898134543338,0.023500769667493145,0.14397976326204426,0.5058905831218269,0.029722222222222223,0.9999999999557395,0.0528230572961556,14,84.0,0.6905982905982906,0.07711514482985929,0.5944444444444444,0.8527777777777777,0.11166425658451509,0.12328817575029401,0.5,5.0297713484033135,0.10833866242899237,2.8125,1.0866342097126789,0.42379872255711315,0.4220231349270415,0.07617420983817005,3.591642150571478,0.48785493579484474,0.31678901732044507,0.17506865133380944,0.01979044899608435,0.0004930843088046095,3.862246011580986e-06,AFIB,210m (10).mat
7.894919286223335e-18,0.9999999999781626,0.9999999999563253,3.246311568217058,11.480696423040685,0.9999999999781626,-1.1386306023106014,5.300791650311473,6.439422252622075,0.4994932809162241,-0.8014572745464067,-0.4758123855795182,0.014759974851904868,0.2551964434561837,0.4905723604314231,0.0275,0.9999999999563253,0.05409949986212858,15,90.0,0.6541666666666666,0.10083836184934061,0.49444444444444446,0.8638888888888889,0.1541478140563457,0.13655952648389008,0.8461538461538461,4.856206000640769,0.22814811225000806,2.8125,1.0770354644469138,0.4229720942482938,0.4153690774073247,0.07660910561645386,3.624033045697018,0.522168347686288,0.28786626428109124,0.16791923950964588,0.0214908585587733,0.0005508522715593657,4.437692642053824e-06,AFIB,210m (11).mat
-9.86864910777917e-19,0.9999999999768382,0.9999999999536765,3.5841336043603307,14.049528643773513,0.9999999999768382,-1.0126083391650678,5.564523588377978,6.5771319275430455,0.4721100768428282,-0.7936501535658057,-0.4385359301646211,0.02694572901675288,0.17987567159780055,0.46548165918137396,0.034166666666666665,0.9999999999536765,0.05192064761175844,13,78.0,0.7618055555555555,0.08855641670895012,0.6666666666666666,0.9888888888888889,0.11624543290200069,0.10777178989926833,0.36363636363636365,5.220080033511105,0.24972738550299337,2.8125,1.1236811088484338,0.41762764958384396,0.45214566494686714,0.07983911423705327,3.6148675798816674,0.5177765990106304,0.29596736112721606,0.1647241093366993,0.021011125859676322,0.0005164512005260708,4.353465251627861e-06,AFIB,210m (12).mat
-7.894919286223335e-18,0.999999999978143,0.9999999999562862,3.458933636226095,12.836870165167939,0.999999999978143,-1.0365638040657181,5.299976515116016,6.336540319181734,0.47513706787957405,-0.7724769805157351,-0.45328120905313224,0.00812058647034957,0.12113261533187711,0.4614017955234818,0.028333333333333332,0.9999999999562862,0.05220448248298282,14,84.0,0.7106837606837607,0.095107315266473,0.5555555555555556,0.9138888888888889,0.13382508563463386,0.13057525462100988,0.75,5.044356989834145,0.17355693912575518,2.8125,1.0295024832170934,0.4021235302089367,0.40309610535937496,0.06982270883946466,3.6214505120440483,0.5065314380693341,0.3080757493206604,0.16324190214757245,0.021591525938331867,0.0005549183505535694,4.466173547294657e-06,AFIB,210m (13).mat
-5.921189464667502e-18,0.999999999978682,0.9999999999573641,3.4562011428214494,12.697049005433382,0.999999999978682,-0.9895199543861849,5.215935004730238,6.205454959116423,0.4854751670302969,-0.7467039659604826,-0.4845773360805501,0.015677877643393425,0.16224874709438453,0.5002552137239435,0.028055555555555556,0.9999999999573641,0.05223894984172676,14,84.0,0.7247863247863247,0.07489674388207826,0.5305555555555556,0.8083333333333333,0.10333630922302842,0.09452950962160127,0.5833333333333334,5.012091832029002,0.14682861855841486,2.8125,0.9171640754536293,0.35900380947338306,0.3582298689592748,0.062071584966051904,3.5944536989748097,0.5021835355240114,0.22280865378196202,0.25482456842679185,0.0197025557816305,0.00047675142349525886,3.93506210877007e-06,AFIB,210m (14).mat
3.454027187722709e-18,0.9999999999781772,0.9999999999563545,3.4150292079431104,12.559446004004307,0.9999999999781772,-1.0645017159850552,5.2471176709378335,6.311619386922889,0.4790828887847822,-0.7655105820729879,-0.49635489186037796,0.01399171487117801,0.14666651436344139,0.510346606731556,0.03194444444444444,0.9999999999563545,0.052509011647062856,14,84.0,0.7145299145299144,0.08916992063552903,0.6083333333333333,0.9861111111111112,0.12479522368129016,0.12654396265960977,0.4166666666666667,5.010658096615351,0.1909380101557308,2.8125,1.0365521225662282,0.40527830698358863,0.4069522814858952,0.06936822529227728,3.589311364844258,0.5248784936736088,0.2928169209128873,0.16207583539457426,0.019695526204723337,0.0005289712214668443,4.252592739306068e-06,AFIB,210m (15).mat
1.5296406117057712e-17,0.9999999999784864,0.9999999999569729,3.4240521224655276,12.725403273401945,0.9999999999784864,-1.0335497816161343,5.424644192218137,6.4581939738342715,0.4853874079100554,-0.7797361998584108,-0.4556856873268775,0.027540836350105583,0.17686200199307253,0.48322652367698304,0.030833333333333334,0.9999999999569729,0.05264790361748251,14,84.0,0.6835470085470085,0.08372742667866186,0.5861111111111111,0.9,0.12248963935069898,0.11990651365318279,0.6666666666666666,5.046263202449069,0.17332432897372085,2.8125,1.0775687563976155,0.41910551693373177,0.4208753945844319,0.07596656657160998,3.6299460077297043,0.5098212713962569,0.2810615288121735,0.18734102565918498,0.021227289639328104,0.0005444960933256892,4.388399730583383e-06,AFIB,210m (16).mat
-7.894919286223335e-18,0.9999999999814666,0.9999999999629333,2.7098729937592396,8.916245412192138,0.9999999999814666,-1.7890074413908383,5.110025548482537,6.899032989873375,0.5502666996557344,-0.7514308641925497,-0.5068042650497906,0.050445864811091215,0.7177870650463191,0.5572501298608818,0.021944444444444444,0.9999999999629333,0.049588669655755306,15,90.0,0.6692460317460318,0.10141994678536408,0.5583333333333333,0.9111111111111111,0.15154359058240593,0.13148875426296283,0.6153846153846154,4.541843506949445,0.34036481980635674,2.8125,0.828427047044698,0.3375384907778123,0.31460443918840736,0.05638354442207836,3.628168570239131,0.6020840765938502,0.23344630444237466,0.14756658592189908,0.016480206348982174,0.000419401741522579,3.4249513709891505e-06,AFIB,210m (17).mat
6.908054375445418e-18,0.9999999999786718,0.9999999999573437,3.4151392223619674,12.623736142108138,0.9999999999786718,-1.0308358939413855,5.222523380042143,6.253359273983529,0.488676862660221,-0.7707494463656872,-0.5055023960629476,0.03750883840746332,0.1717750490327015,0.5430112344704109,0.029444444444444443,0.9999999999573437,0.05276498433016439,14,84.0,0.7019230769230769,0.11490522445501232,0.5861111111111111,1.0333333333333334,0.16370059351090988,0.12402655944820719,0.5,5.026311569990504,0.17159521382843107,2.8125,0.9407233879453467,0.37523834264534883,0.3624597094989115,0.06554318083130523,3.578067495674474,0.5427606470694687,0.2668483175380373,0.17103791904328544,0.018777545769788257,0.0005710608677506299,4.509711669306282e-06,AFIB,210m (18).mat
-1.7763568394002505e-17,0.9999999999788314,0.9999999999576629,3.4269288737542514,12.656724160206728,0.9999999999788314,-1.109118769245864,5.364349597238499,6.473468366484363,0.4855399550381617,-0.7827448183026103,-0.4437286260050208,0.018817070632724104,0.19099947767716322,0.46254569663774486,0.030555555555555555,0.9999999999576629,0.052271796771826876,14,84.0,0.6931623931623931,0.08902643861157547,0.5611111111111111,0.8194444444444444,0.12843518252191632,0.1063566095504258,0.8333333333333334,5.022023949621316,0.18813050973227904,2.8125,0.9807844340478588,0.39607396345313434,0.3744048454633936,0.06460512902795432,3.5882323765720177,0.5065953040619275,0.3331646171535434,0.14016817501799034,0.01955765128495581,0.0005101681985719036,4.084283010757313e-06,AFIB,210m (19).mat
3.947459643111668e-18,0.9999999999785197,0.9999999999570395,3.2620007859066527,11.398576876769035,0.9999999999785197,-1.0217786187317626,5.318841137806338,6.3406197565381,0.4947583047053954,-0.7885645327237858,-0.5073429798167312,0.021092416237385107,0.1490576051696342,0.5284353960541163,0.028333333333333332,0.9999999999570395,0.053453651910025116,15,90.0,0.6853174603174603,0.08665616396620826,0.525,0.8222222222222222,0.12644674746739956,0.14170227472721808,0.8461538461538461,4.820840442614233,0.20258658240539387,2.8125,0.958963556124077,0.3913060764120663,0.3657530261803563,0.06027161328653568,3.5416815596171194,0.5236785412654612,0.2833741392449734,0.17502339099074854,0.017475097930572555,0.0004453611799762382,3.469388267754928e-06,AFIB,210m (2).mat
1.1842378929335004e-17,0.9999999999786672,0.9999999999573344,3.497001649210088,12.976351741513016,0.9999999999786672,-1.0512204363385094,5.313282143959985,6.3645025802984945,0.47519228174871614,-0.7696767367464423,-0.4196269818759143,0.005553107347819414,0.11926161056630138,0.42518008922373374,0.027777777777777776,0.9999999999573344,0.052332320252359,14,84.0,0.7230769230769231,0.12624679537358363,0.5583333333333333,1.1111111111111112,0.17459663165817352,0.13791323985896012,0.75,5.040878855516807,0.16800569277109684,2.8125,1.0649316880374289,0.3959193904278855,0.4304087520912565,0.07396576343874911,3.6249512841834064,0.5024614618745799,0.28626712603201443,0.19120592705994807,0.01956369379479905,0.0004978539477512087,3.937290907321649e-06,AFIB,210m (20).mat
-7.894919286223335e-18,0.9999999999783464,0.9999999999566929,3.4381972687402342,12.84359200735863,0.9999999999783464,-1.1884176758357619,5.41629310591714,6.604710781752902,0.4826964974125252,-0.7744773383106225,-0.43071505031212115,0.01986715450574312,0.15804625445571988,0.45058220481786426,0.028888888888888888,0.9999999999566929,0.05338472577715268,14,84.0,0.6961538461538462,0.07178978410951695,0.5472222222222223,0.8388888888888889,0.10312344663901828,0.09078560871069376,0.75,5.066637093377589,0.17372485254748288,2.8125,1.0814046456582913,0.4146825701809618,0.4215306571426225,0.07841061982434164,3.608191278640619,0.5052954918875165,0.30839429793405865,0.16524435550861796,0.020468618729748783,0.000592338543601666,4.8973964561992626e-06,AFIB,210m (21).mat
7.894919286223335e-18,0.9999999999787181,0.9999999999574364,2.899061044432266,11.40762102520025,0.9999999999787181,-3.4389824770749398,5.848732425916558,9.287714902991498,0.5071987431939817,-0.7370536316970079,-0.4528861716633475,0.043510655468024934,0.45233706650744543,0.49639682713137245,0.02861111111111111,0.9999999999574364,0.0497312531559443,13,78.0,0.7759259259259258,0.1358384141542632,0.625,1.1166666666666667,0.17506621372020617,0.18484986476274698,0.8181818181818182,4.90450584215988,0.3320954009321478,2.8125,0.9761556578126742,0.3691831922204973,0.389462956202411,0.0670289609858122,3.623960447195036,0.5764629207907556,0.26301153796669785,0.1363077988806033,0.02354703333248964,0.0006661083356341749,4.600693819315247e-06,AFIB,210m (22).mat
0.0,0.9999999999831237,0.9999999999662474,0.7657729981330585,8.360751068525584,0.9999999999831237,-4.252896550918446,4.294781784269324,8.547678335187769,0.4949870817340089,-0.5810248186267092,-0.35112015867400853,0.10866172181312805,0.5824639747529294,0.4597818804871366,0.02361111111111111,0.9999999999662474,0.04372597426389639,15,90.0,0.6902777777777777,0.06968806473739268,0.5694444444444444,0.8111111111111111,0.10095655239081293,0.10450443812510668,0.8461538461538461,3.8260232220751926,1.069680774231259,1.40625,0.5878832959508525,0.25462180630492337,0.21486422546375003,0.03641026725577922,3.5530035823471504,0.6931046829927331,0.15840634603462184,0.1315238236203227,0.01658208478375242,0.00038023799525607424,2.824573313609666e-06,AFIB,210m (23).mat
-3.454027187722709e-18,0.9999999999788842,0.9999999999577684,3.391649927234562,12.550547870647389,0.9999999999788842,-1.1503321201545404,5.247152562591319,6.397484682745859,0.4890690408972678,-0.7811092389930846,-0.4778653898311697,0.02465488891657429,0.21287594967388987,0.502520278747744,0.03027777777777778,0.9999999999577684,0.05368972389431835,14,84.0,0.6927350427350427,0.07977099866992292,0.5666666666666667,0.875,0.11515369316357804,0.09697057378952628,0.5833333333333334,5.039866712051238,0.15852987148146808,2.8125,1.0046325852242957,0.3959966847737233,0.3879034268745434,0.07066014938871559,3.6062664007935914,0.4716403218125594,0.33409149749270456,0.16863095550451554,0.02506210208992056,0.0005703579516121821,4.765148687616891e-06,AFIB,210m (24).mat
1.0362081563168128e-17,0.9999999999782571,0.9999999999565142,3.471580779010369,12.95288738258797,0.9999999999782571,-1.0366488176812145,5.385906632663509,6.422555450344724,0.47512651122997623,-0.7652161826983856,-0.481467574693916,0.010880233158975636,0.13163808728009785,0.4923478078528916,0.034722222222222224,0.9999999999565142,0.05269562460497653,14,84.0,0.7217948717948719,0.09604504765879072,0.6138888888888889,0.9527777777777777,0.13306418662534047,0.14863274332000762,0.6666666666666666,5.061099888738951,0.187702598222757,2.8125,1.0019963928253548,0.3912637279135428,0.39050026114500086,0.07213452089935242,3.6017411086996853,0.47543220013660614,0.319364753614129,0.18026575696332936,0.024399959679400673,0.0005331198331584895,4.209773376018277e-06,AFIB,210m (25).mat
4.934324553889585e-18,0.9999999999796758,0.9999999999593516,3.444358409028542,12.591342820902275,0.9999999999796758,-0.9799666699727999,5.455228357662743,6.435195027635543,0.48433891986041444,-0.7399659914567939,-0.4646168407138262,0.008971097089463776,0.14342288170130818,0.47358793780328995,0.027777777777777776,0.9999999999593516,0.05205198505474162,14,84.0,0.7061965811965811,0.06339135374798516,0.6027777777777777,0.8583333333333333,0.08976445843282085,0.08600650755357868,0.6666666666666666,4.995781963527066,0.21570393131108861,2.8125,0.987636349314241,0.3907784477033297,0.38526832044681414,0.06389333789460173,3.5812047460086123,0.4738578908727885,0.33331093380457505,0.17706453765020252,0.015294948029555456,0.00046792226422543364,3.767378652867589e-06,AFIB,210m (26).mat
1.0855514018557087e-17,0.9999999999780749,0.9999999999561499,3.5780236061014796,13.93228421258491,0.9999999999780749,-1.120451098079529,5.584556288555888,6.705007386635417,0.4670101958343294,-0.7818406804964229,-0.4399448208134836,0.020769073333074484,0.13952861455592308,0.46071389414655806,0.034166666666666665,0.9999999999561499,0.05192707259609634,13,78.0,0.7442129629629631,0.12100859115109602,0.55,0.9916666666666667,0.1625994130856315,0.11516895800904378,0.9090909090909091,5.2036177617920325,0.21813450017216668,2.8125,1.0425835766645548,0.41171078039015135,0.40800874253030184,0.07048321672751465,3.5969992638693666,0.48910157754839334,0.3130353569857326,0.17845600868978667,0.018856809230496707,0.0005457676153681343,4.479930222244534e-06,AFIB,210m (27).mat
-6.908054375445418e-18,0.9999999999797723,0.9999999999595447,2.6954561367908876,9.970098463434917,0.9999999999797723,-3.3519960833489333,5.145986375038992,8.497982458387925,0.5241041001842126,-0.7457118397105328,-0.477994748219862,0.042418251869044896,0.5895079781981961,0.5204130000889069,0.026111111111111113,0.9999999999595447,0.051364738010917836,14,84.0,0.688034188034188,0.0839534238056447,0.525,0.875,0.12201926175135623,0.0926608544673385,0.5,4.754717864268988,0.2633761918693443,2.8125,0.9757540301786511,0.37714920161127036,0.3792355521739311,0.0717861787258673,3.6335815765270483,0.5504457406012563,0.2768166767832245,0.15321222852100197,0.018941971889106533,0.000579038833752619,4.343371657805949e-06,AFIB,210m (28).mat
-1.258252761241844e-17,0.9999999999802379,0.9999999999604758,3.330843491253986,11.730235382454957,0.9999999999802379,-1.074388609965596,5.234281084728246,6.308669694693842,0.4881444270403408,-0.7557381632118289,-0.47936488527942556,-0.0028132626029925,0.13425466190401067,0.47655162267643303,0.03166666666666667,0.9999999999604758,0.05384974042710426,15,90.0,0.693452380952381,0.09689063148540063,0.5472222222222223,0.9333333333333333,0.13972211215514155,0.15043463463327172,0.8461538461538461,4.852320824748403,0.19459697096775933,2.8125,0.9354534231822234,0.37367530611381905,0.3607749475426495,0.0618606547220726,3.582195107605999,0.5247081641107196,0.28514276018265794,0.17182932875885187,0.01780986154287574,0.0005058034226503823,4.081982244282824e-06,AFIB,210m (29).mat
4.934324553889585e-18,0.9999999999776258,0.9999999999552516,3.2633255766895393,11.48116713268846,0.9999999999776258,-1.196047066433082,5.116633085113014,6.312680151546096,0.4967357455646574,-0.7850802441454031,-0.4625574867359701,0.024652889222422945,0.19182533851808825,0.487210375958393,0.03111111111111111,0.9999999999552516,0.05375873751419995,15,90.0,0.6724206349206349,0.06030734303202857,0.5805555555555556,0.7833333333333333,0.0896869307847158,0.09846278118280333,0.6923076923076923,4.8436611878997855,0.17542440791130817,2.8125,0.9509591434840909,0.38562024228242925,0.36024443916919935,0.06423637087367759,3.5970475613865407,0.493644582961884,0.2926088324509441,0.1870845605167597,0.02618180033561792,0.00047655559221938685,3.668142574687864e-06,AFIB,210m (3).mat
-2.1711028037114173e-17,0.9999999999804212,0.9999999999608424,2.2752797921275287,9.029210720205766,0.9999999999804212,-4.089722264426409,5.452212595401343,9.541934859827752,0.5442652788712923,-0.701060209351521,-0.4777183456624915,0.025230290502040793,0.8178667620795725,0.5029486361645323,0.019166666666666665,0.9999999999608424,0.04728885623350686,13,78.0,0.71875,0.08242658692746102,0.6027777777777777,0.9166666666666666,0.11468046860908598,0.13493877732194068,0.6363636363636364,4.588688600342416,0.35898471370569535,2.8125,0.9026667097903258,0.34962967662810956,0.35801104222331354,0.057021665364869696,3.5982242598864222,0.6128474935367171,0.2392853749279548,0.13285303305221507,0.014616077549148612,0.0003950396087214102,2.9813252427427027e-06,AFIB,210m (30).mat
-7.894919286223335e-18,0.9999999999797357,0.9999999999594714,3.3174956622176177,11.569148619390178,0.9999999999797357,-1.1334619012193639,5.143860750272727,6.27732265149209,0.49151513498121274,-0.7585445744556746,-0.49310975041147165,0.006516783084062283,0.10861862377444283,0.49962653349553393,0.026944444444444444,0.9999999999594714,0.052901949932990015,15,90.0,0.6714285714285715,0.05209910947765641,0.5777777777777777,0.7638888888888888,0.07759441825541148,0.08285833285697135,0.5384615384615384,4.834567493017782,0.206249027893092,2.8125,1.0289743724924714,0.3996083902083112,0.4040395443002656,0.06593073436558089,3.5831415299307103,0.5020133244915141,0.2771992509579512,0.20105755219588037,0.019253294349873974,0.00047271977987065246,3.858224909395472e-06,AFIB,210m (31).mat
-2.3684757858670008e-17,0.9999999999821735,0.9999999999643471,1.23176143542344,8.535747302575052,0.9999999999821735,-3.9886051737971613,4.521473449638053,8.510078623435215,0.49147117725783424,-0.6015098707098376,-0.3791712469385045,0.08522292192249398,0.4920436633159302,0.4643941688609985,0.025833333333333333,0.9999999999643471,0.04451057293016173,14,84.0,0.6880341880341879,0.06253569365750893,0.6055555555555555,0.8722222222222222,0.09089038692291143,0.08951242528183107,0.5,4.270691879010352,0.14105154661929697,2.8125,0.7232397666348961,0.29008574465266973,0.27706368592954195,0.048357984875851884,3.5766393183511895,0.6408081756528592,0.21741898933819023,0.12844083637800485,0.012923489743349878,0.00040514628365154274,3.3626039441259467e-06,AFIB,210m (32).mat
-3.947459643111668e-18,0.9999999999781694,0.9999999999563387,3.415630652617392,12.692182897792204,0.9999999999781694,-1.1308965443539842,5.299776537139605,6.430673081493589,0.49102723904100093,-0.7809615312501568,-0.43534757638551375,0.039323623450137304,0.18776762028549163,0.47467119983565104,0.029444444444444443,0.9999999999563387,0.05465321165902993,14,84.0,0.6923076923076923,0.07109703591801123,0.5777777777777777,0.8083333333333333,0.10269571839990019,0.10456713144876773,0.5833333333333334,5.046237854731566,0.2105767628859792,2.8125,0.9617480295181426,0.38410235650959934,0.37176979238546454,0.06547157682015967,3.5928988755905342,0.5199560875417111,0.28284588315959464,0.17897992292170725,0.017651957576597866,0.0005615929719357199,4.555828453181201e-06,AFIB,210m (33).mat
-7.154770603139898e-18,0.9999999999783268,0.9999999999566536,3.245467732157295,11.402521549635924,0.9999999999783268,-1.0227304014981564,5.320032635965304,6.3427630374634605,0.5076534490009588,-0.7731717105284323,-0.5511694690453033,0.03870042394908151,0.26607380797580854,0.5898698929943847,0.026111111111111113,0.9999999999566536,0.054242322677485855,15,90.0,0.6505952380952381,0.07361431987187712,0.5333333333333333,0.7638888888888888,0.11314918316071633,0.0831443726577654,0.46153846153846156,4.847638690875395,0.2204747052744702,2.8125,1.0174859113148895,0.3822066916751007,0.40988112458383613,0.07164035666109995,3.624363315739127,0.5131588003843732,0.3329512936527574,0.13357821684244656,0.019801977643095964,0.0005058104592022419,3.901018124358683e-06,AFIB,210m (4).mat
1.2335811384723961e-17,0.999999999977789,0.999999999955578,3.320934541296562,12.02399103312641,0.999999999977789,-1.0562885734138623,5.182428437613531,6.2387170110273935,0.49670975415550633,-0.8002796157727284,-0.47463168770273106,0.040808546979362016,0.21565955241208878,0.5154402346820931,0.030555555555555555,0.999999999955578,0.052230497278168066,14,84.0,0.7275641025641026,0.07841967674587641,0.55,0.8555555555555555,0.10778387273605669,0.13140728866544385,0.6666666666666666,4.957506219193533,0.1620258185162199,2.8125,0.9435891473948057,0.3826157824112911,0.3617057132357329,0.058531259264791365,3.5690978277537977,0.5136305650916027,0.275203934520175,0.1891586565658045,0.021567258794189446,0.00043615330834460283,3.431719883527051e-06,AFIB,210m (5).mat
-3.947459643111668e-18,0.9999999999802387,0.9999999999604775,1.9942925490934467,8.800263039791481,0.9999999999802387,-4.509148140260266,5.822331572056534,10.3314797123168,0.5490736736152733,-0.7455190615869742,-0.49132048948837104,0.08680193359450947,0.8579506272768815,0.5781224230828805,0.025555555555555557,0.9999999999604775,0.04709915255388888,13,78.0,0.7236111111111111,0.07911791871458954,0.6,0.8611111111111112,0.10933762264065525,0.11273746605012429,0.45454545454545453,4.490201288776301,0.4389749407982798,2.8125,0.820447974062105,0.33332676096615926,0.3121751008204498,0.05457261618818203,3.5934959724649707,0.6413851581069707,0.23443440672001947,0.10921503870074283,0.01461171742459547,0.00035083837532281446,2.84067234849951e-06,AFIB,210m (6).mat
-1.973729821555834e-17,0.9999999999796271,0.9999999999592541,3.1231722165228604,10.788369394627468,0.9999999999796271,-1.222829526812028,5.541918169471878,6.764747696283906,0.5388097677125536,-0.7935126338011986,-0.5366970275207918,0.05989448036906955,0.43002658134465316,0.5965915078898614,0.03638888888888889,0.9999999999592541,0.0697693248807105,15,90.0,0.6938492063492063,0.059919649418995594,0.6194444444444445,0.8333333333333334,0.08635831645310034,0.08158784497854515,0.6153846153846154,4.768089845199226,0.33081766787200934,2.8125,0.8591403414159577,0.3540108414953727,0.31561588618793696,0.06625143540312357,3.637921177442648,0.5337108537027019,0.27896974665680896,0.15626709506602976,0.029619039969779232,0.0014179752397688963,1.5289364910997536e-05,AFIB,210m (7).mat
-3.947459643111668e-17,0.9999999999823763,0.9999999999647528,1.0382153399033063,8.095044131064107,0.9999999999823763,-3.9790443081055673,4.400612289319095,8.379656597424662,0.5064993502664884,-0.6176036671577736,-0.3971246373350475,0.12289223244539242,0.535458405965256,0.5200168697804399,0.029722222222222223,0.9999999999647528,0.046272547309373205,15,90.0,0.6779761904761905,0.09523747519639433,0.55,0.9305555555555556,0.14047318533270195,0.1641874001687372,0.7692307692307693,3.882143550348879,1.0800731841683355,2.8125,0.718684999115477,0.3078321856998104,0.26423857646058463,0.04382165233901921,3.509930457489999,0.680498812219435,0.24682937217725592,0.05670778643703901,0.01557234021729054,0.0003886415269895685,3.0474219898398987e-06,AFIB,210m (8).mat
1.7763568394002505e-17,0.999999999977746,0.9999999999554922,3.397591339836019,12.632305445660727,0.999999999977746,-1.1656843274058513,5.364024605414118,6.529708932819969,0.4856285012724555,-0.7871038195598135,-0.48542921382209425,0.02726213154583046,0.16119831876948862,0.5126913453679247,0.034444444444444444,0.9999999999554922,0.05330653537205263,14,84.0,0.676068376068376,0.06271722423307251,0.5555555555555556,0.7666666666666667,0.09276757552990744,0.09012094639662782,0.6666666666666666,5.034701019220409,0.20170427346700268,2.8125,0.9259125214873098,0.37332693778521164,0.3502618185689704,0.06795796824737993,3.6164659301872644,0.5366119320050371,0.24746761999333577,0.19605454538179085,0.01932023234644269,0.0005413207549305266,4.349518462766125e-06,AFIB,210m (9).mat
1.1842378929335004e-17,0.9999999999891228,0.9999999999782456,3.316345596475747,13.330125545066412,0.9999999999891228,-1.54207848280572,5.4791366671640525,7.021215149969772,0.4979478611447716,-0.8691256533914606,-0.42399469890073116,0.11170642556517503,0.24370468437201,0.5357011244659062,0.030555555555555555,0.9999999999782456,0.057971988582505296,13,78.0,0.730787037037037,0.10214682664724102,0.5833333333333334,0.8861111111111111,0.13977646199310959,0.16731355940417328,0.8181818181818182,5.241775399624887,0.13028081447397039,1.40625,1.0244594232722237,0.4287494914484826,0.3579531816651483,0.11329272069130558,3.7633026610158122,0.5024427095309869,0.24989690714720994,0.21725653772565273,0.029260034715995642,0.0011341653946731782,9.645485481263428e-06,AFIB,219m (0).mat
1.973729821555834e-18,0.9999999999883225,0.9999999999766449,3.617462767265265,16.598756303172078,0.9999999999883225,-1.7029314253867887,6.00460431560552,7.707535740992308,0.4555280109001418,-0.8322796015479412,-0.3159871616082267,0.0995227741888361,0.19445842369721256,0.4155099357970628,0.030833333333333334,0.9999999999766449,0.05490266492909203,11,66.0,0.9038888888888887,0.1713832612078035,0.5861111111111111,1.1972222222222222,0.1896065579795664,0.20241596335818526,1.0,5.747014223961515,0.1211213519608149,1.40625,0.9296954685832595,0.39979543540876583,0.3170211625810618,0.10106629019448535,3.7318950086231837,0.5068854627201794,0.2425438736268907,0.21679258402233254,0.03260552833411109,0.0011629070998704233,9.644196615639412e-06,AFIB,219m (1).mat
-9.86864910777917e-18,0.9999999999877391,0.9999999999754783,3.3055972408296967,13.361021175838356,0.9999999999877391,-1.552579006513733,5.457523185648246,7.0101021921619795,0.49179106605806333,-0.8793738466599373,-0.3833620838898706,0.11095030711085607,0.21277868389918733,0.49431239100072666,0.03166666666666667,0.9999999999754783,0.05826447729120165,13,78.0,0.7643518518518518,0.12757549071002616,0.5666666666666667,1.025,0.16690675928112533,0.21510542139148647,0.8181818181818182,5.2603171096029735,0.1155806216201476,1.40625,1.0577908845817778,0.4369027921193279,0.37136285108774686,0.11976337913170798,3.7596577560267193,0.5371019809203211,0.2209651526586927,0.19429726717041385,0.04652299335758608,0.0011035741112662156,9.031781719723704e-06,AFIB,219m (10).mat
3.947459643111668e-18,0.9999999999876729,0.9999999999753458,3.353936829983968,14.29652214180416,0.9999999999876729,-1.5193033232319315,5.717132781229191,7.236436104461123,0.49817143007756387,-0.8656528935070684,-0.40959494593279944,0.09168903700124761,0.3332099409384895,0.5012839829340471,0.034166666666666665,0.9999999999753458,0.057720567945276934,12,72.0,0.8128787878787879,0.14740684406006177,0.5055555555555555,1.0805555555555555,0.1813392673997332,0.22597866718938617,0.9,5.462494184070658,0.24436042126307883,1.40625,0.9614721190473816,0.3873233588807182,0.33929241901113666,0.11978222247692363,3.7689399908223633,0.4969175542532887,0.23788182566063482,0.2119927052841928,0.051994073723311385,0.0012039106027992715,9.930475772826114e-06,AFIB,219m (11).mat
-8.881784197001253e-18,0.9999999999879996,0.9999999999759992,3.3588980622837243,13.835232274664921,0.9999999999879996,-1.499242550265702,5.612093942645673,7.111336492911375,0.48943572666816143,-0.849525380492592,-0.39990663075839383,0.11634442904900422,0.21051174821549723,0.516251059807398,0.03222222222222222,0.9999999999759992,0.05946638682563894,13,78.0,0.7805555555555556,0.07988224358082448,0.675,0.9361111111111111,0.10234024075535347,0.08491760051759321,0.6363636363636364,5.30247951583986,0.27784368894108924,1.40625,0.9287133586889376,0.380634431426292,0.32148411336266863,0.1141725087731918,3.778667469129269,0.4809701365740105,0.253492403625511,0.2227680465662773,0.04154678401715487,0.0012122345873770922,1.0394629669082146e-05,AFIB,219m (12).mat
-1.1842378929335004e-17,0.9999999999868305,0.9999999999736611,3.099613168160889,13.23961337654367,0.9999999999868305,-1.6926797466357324,6.464425267545472,8.157105014181205,0.5143406136081748,-0.9233501317189345,-0.4163989219762942,0.13358156347105044,0.28062599344925687,0.5499804854473447,0.025,0.9999999999736611,0.05392390419380181,12,72.0,0.8666666666666667,0.25364071817621725,0.5888888888888889,1.5583333333333333,0.29266236678871715,0.4619737580062528,1.0,5.157752697439785,0.8005571034653394,1.40625,0.9103752053652375,0.43879036432158675,0.2869786271202235,0.08295930389230505,3.496942626040644,0.5635251949584122,0.25933306801164435,0.1455204858779679,0.030802706832312152,0.0008120511535425396,6.493166120533193e-06,AFIB,219m (13).mat
-2.4671622769447922e-17,0.9999999999893049,0.9999999999786098,2.3074851089577844,10.238908004911666,0.9999999999893049,-3.9975475008856907,5.455139794502837,9.452687295388527,0.5334454878906811,-0.9179794193943867,-0.3865933087173617,0.1345194009189827,0.4562709671870465,0.5211127096363444,0.02666666666666667,0.9999999999786098,0.05251444921564892,12,72.0,0.7946969696969698,0.1267993642234562,0.6333333333333333,1.0472222222222223,0.1595568737505692,0.14962659283680363,0.7,4.95319356292375,0.2694716147349705,1.40625,0.9573053967117551,0.3983218771266932,0.3344653615840826,0.10531604562718616,3.769563516266952,0.5836745593087237,0.2096643601880388,0.17430711922266723,0.03144202721093867,0.0009050038916294415,6.9301780018821224e-06,AFIB,219m (14).mat
2.565848768022584e-17,0.9999999999887186,0.9999999999774372,3.314392853273601,14.250732971957966,0.9999999999887186,-1.6172988167186304,5.590944253001726,7.208243069720356,0.48351773884452653,-0.872200369813357,-0.37554925051326754,0.11904513377694693,0.22740623306636015,0.49459438429021446,0.029722222222222223,0.9999999999774372,0.05653883584632944,12,72.0,0.8595959595959595,0.166052587729441,0.6527777777777778,1.1472222222222221,0.19317516058860543,0.1835289360574249,0.7,5.450164830443335,0.0749859683775033,1.40625,1.002800035193983,0.39843690084897154,0.3590318629053929,0.12038340246622949,3.778771840954998,0.45198497776501206,0.34465054616323093,0.16239160007862688,0.039299606928993355,0.0016623915730052047,1.0877491131257944e-05,AFIB,219m (2).mat
3.947459643111668e-18,0.9999999999884756,0.9999999999769512,3.04559440522011,11.701491811476503,0.9999999999884756,-1.5680378059776678,5.275415320371384,6.843453126349052,0.5104663249050367,-0.9054059016221503,-0.41654471051915426,0.12152182398758114,0.23290821892530336,0.5380665345067354,0.02666666666666667,0.9999999999769512,0.05876295749776533,14,84.0,0.7641025641025643,0.08790495451658616,0.6277777777777778,0.9666666666666667,0.1150433967000056,0.13739006079984228,0.6666666666666666,4.9824168083413785,0.3372921724342686,1.40625,0.9065032395888153,0.4118560601431909,0.2973175290416898,0.091409447270952,3.688122332294702,0.5155710810601288,0.2711962728304727,0.1733823558577574,0.03818516023870818,0.0016541041531760662,1.1025859756603918e-05,AFIB,219m (3).mat
9.86864910777917e-19,0.9999999999889679,0.9999999999779359,1.879381801128147,8.429151685313633,0.9999999999889679,-4.352433742996818,5.082318594681838,9.434752337678656,0.5770816691036307,-0.9130614668517205,-0.5249959053370958,0.1634973981704131,0.719647058851314,0.6884933035075089,0.018055555555555554,0.9999999999779359,0.04923840698088832,11,66.0,0.8025,0.1690498593263881,0.5694444444444444,1.0555555555555556,0.21065403005075897,0.28522576671341693,1.0,4.7953736760379915,0.3248820448519112,1.40625,0.8360323096095579,0.4005540546897326,0.26087563447646955,0.0817016211268147,3.634947334582667,0.6328509240838985,0.1877471171845096,0.15027077287789153,0.028278027997853738,0.0008465316229589828,6.626232887287292e-06,AFIB,219m (4).mat
2.960594732333751e-18,0.9999999999887377,0.9999999999774754,3.2057547451022304,12.730921854129823,0.9999999999887377,-1.4493781342557346,5.382416618061653,6.831794752317387,0.5114224090323353,-0.8934928978023693,-0.40570990186597417,0.13026309858211338,0.25759322778824323,0.5359730004480876,0.02666666666666667,0.9999999999774754,0.056791484243368086,13,78.0,0.7405092592592593,0.09185207353243857,0.5833333333333334,0.9027777777777778,0.12403906130799809,0.1379284977174906,0.6363636363636364,5.176617421729632,0.23814941875245277,1.40625,1.0044021970691919,0.42562376459356543,0.3507624383407036,0.10642344065089328,3.7261358870715986,0.5417246400370864,0.24966575781938952,0.16913972248316522,0.03849988633972704,0.0009619082430691472,8.085077562421529e-06,AFIB,219m (5).mat
1.1842378929335004e-17,0.9999999999879803,0.9999999999759606,3.373627583656384,14.448119707652772,0.9999999999879803,-1.7798005203761313,5.670708601425667,7.450509121801798,0.48800323911656696,-0.8222153111212162,-0.4097885141308587,0.1191999519730331,0.25460535070937984,0.5289884661038918,0.03333333333333333,0.9999999999759606,0.05862587122330963,12,72.0,0.8449494949494951,0.20798394332631331,0.5611111111111111,1.2333333333333334,0.246149556066183,0.36707363778342295,0.8,5.438141589342854,0.2069504838159013,1.40625,1.0148286814603784,0.40520548461480216,0.36524721437147134,0.12003288110605591,3.799215892604465,0.5012769975760427,0.24892080410155987,0.21388118495101777,0.03463527282161647,0.0012745605526941124,1.1179997068797325e-05,AFIB,219m (6).mat
-1.973729821555834e-18,0.9999999999881093,0.9999999999762187,3.174505246430271,12.758364993467657,0.9999999999881093,-1.5889995950072282,5.435576877443221,7.02457647245045,0.498673583220845,-0.8749799075099144,-0.3839130330268089,0.12183493086458999,0.2443768157201009,0.5057479638913989,0.02861111111111111,0.9999999999762187,0.057158659627767144,13,78.0,0.7789351851851852,0.1285076694508221,0.6111111111111112,0.95,0.16497864229267273,0.16037361681304368,0.8181818181818182,5.2037372313474215,0.13806352342047504,1.40625,0.9177303936150879,0.4101273696345941,0.3031974416905382,0.09947942356051716,3.6918012263369917,0.5118454722722318,0.27050894144701565,0.18289341696913083,0.03365179134631848,0.0010918057743152685,8.572190987854138e-06,AFIB,219m (7).mat
2.4671622769447922e-17,0.9999999999869484,0.999999999973897,3.128137862923008,13.036467052080596,0.9999999999869484,-1.5763871471048438,5.70796693079866,7.2843540779035045,0.5067905821173785,-0.9708282305778272,-0.3817879654408233,0.1465673573951329,0.2505445738245576,0.5283553228359562,0.024722222222222222,0.999999999973897,0.055512742457784585,12,72.0,0.7618686868686869,0.10983542242084507,0.6027777777777777,0.9055555555555556,0.14416581777117993,0.16981062436770017,0.7,5.290260627931512,0.24882235683987877,1.40625,1.0396859372787532,0.473095528596207,0.3423028935422717,0.10324158999073933,3.6645351485150806,0.504297249399837,0.28534451276865996,0.1728383398965007,0.036575800632308295,0.000936260180935366,7.837121758315559e-06,AFIB,219m (8).mat
-1.0855514018557087e-17,0.9999999999871224,0.9999999999742448,3.2573274967829065,13.773479610955423,0.9999999999871224,-1.6725110291530794,5.577422827827906,7.249933856980985,0.48538931896442855,-0.8915752108612364,-0.3654302193789872,0.12056126681090014,0.21660547053462154,0.4859914861898873,0.03111111111111111,0.9999999999742448,0.05607685370192605,12,72.0,0.841161616161616,0.1268400936060247,0.6361111111111111,1.025,0.15079158513441104,0.207176417338544,0.8,5.377353190297249,0.1211389740214135,1.40625,1.0325830688011761,0.4419944785401835,0.35362047646992517,0.10959735865285629,3.704096675356629,0.5335026854203185,0.2346166860001381,0.18882454320276687,0.0420221716686431,0.0010253853060793476,8.52840205373781e-06,AFIB,219m (9).mat
4.934324553889585e-18,0.9999999999795376,0.9999999999590753,4.512446037425975,22.103673214391666,0.9999999999795376,-1.3385296160010869,6.533646364808118,7.872175980809205,0.4840217460617329,-0.5302741719933562,-0.3742755974912083,-0.06616378159776454,0.5005075378805035,0.3081118158934438,0.012777777777777779,0.9999999999590753,0.057469339974695346,11,66.0,0.9283333333333333,0.23113314531714735,0.6388888888888888,1.288888888888889,0.24897645788312844,0.3830044214252308,1.0,6.313326315379217,0.19849173188053623,4.21875,0.9345111617562878,0.26989888181851385,0.37751017591811664,0.1336580279293486,3.882748645329432,0.45064950828925276,0.3398993338698679,0.13854922654013796,0.06914414791475183,0.0017434897840524718,1.4293601936729028e-05,AFIB,221m (0).mat
-9.86864910777917e-18,0.9999999999826462,0.9999999999652924,2.6626483929532827,12.467596964134504,0.9999999999826462,-4.122311989585321,5.927674853186224,10.049986842771546,0.5283661948764091,-0.5860463938967406,-0.3456567372462182,0.03606250867919494,0.5181513915614739,0.3817192459254132,0.015,0.9999999999652924,0.05371018869710528,13,78.0,0.7666666666666666,0.19130064352738538,0.5638888888888889,1.25,0.24952257818851672,0.16787023340589183,0.7272727272727273,5.200153998233935,0.35649150917156325,4.21875,0.8554027564953455,0.28068455418396976,0.32324818238711805,0.11775963795453256,3.9010604585976845,0.5563291946467462,0.2211461373305346,0.18728191722054033,0.03370322934750786,0.0015278617078392902,1.165974683159305e-05,AFIB,221m (1).mat
-3.7007434154171884e-18,0.9999999999796534,0.9999999999593068,4.607440328524431,22.538543637989743,0.9999999999796534,-0.8867174303045285,6.6500836171660795,7.536801047470608,0.4429383267014408,-0.5631007424908357,-0.31660191362197265,-0.04394295777465748,0.22584844858905856,0.27265895584731514,0.024444444444444446,0.9999999999593068,0.06496226018039546,13,78.0,0.7814814814814817,0.21454724715549894,0.575,1.2194444444444446,0.27453913107990113,0.3154493259092664,0.6363636363636364,6.167943036228971,0.5642437144281479,2.8125,1.0877527064131542,0.29584943156125154,0.4312355028092653,0.1960448053232297,4.033371727610305,0.3781148194930434,0.2669434082248198,0.28420911372439955,0.06771523969784016,0.0029915031110185116,2.591574887829593e-05,AFIB,221m (10).mat
2.960594732333751e-18,0.999999999976325,0.9999999999526502,4.342687955469582,19.884979563501908,0.999999999976325,-0.7799143215855993,6.539402177872366,7.319316499457965,0.46984495989545066,-0.5746330989057402,-0.35781539081540203,-0.0310041398336172,0.296934677023096,0.3268112509817848,0.022222222222222223,0.9999999999526502,0.059249006546288015,13,78.0,0.7791666666666668,0.14558621037105735,0.6416666666666667,1.1666666666666667,0.1868486120011235,0.24208862500518769,0.7272727272727273,5.949854743205849,0.3208095051386424,2.8125,0.8746566574817205,0.2919148119641335,0.3270115299989961,0.11922930226319166,3.8305103898654416,0.4653058011898932,0.23127999234472868,0.25165808968699355,0.04972317605792418,0.0020158545411595057,1.7086179300732202e-05,AFIB,221m (11).mat
5.921189464667502e-18,0.9999999999750269,0.9999999999500537,4.316553369657381,19.99287099225713,0.9999999999750269,-0.8551004887844639,6.547254738926829,7.4023552277112925,0.47503498965822927,-0.6041958170944061,-0.3517704203755749,0.007166563499738471,0.30092699400116263,0.35893698387531336,0.020833333333333332,0.9999999999500537,0.059449702917365614,13,78.0,0.7546296296296297,0.081202172796921,0.6361111111111111,0.8888888888888888,0.10760533313430788,0.13312536390195964,0.9090909090909091,5.873510964681378,0.6387961406528476,2.8125,1.0094744334249588,0.3500499467764566,0.37472465196647237,0.12817407416523915,3.823851297958799,0.5029483709696618,0.24086719102703874,0.20928598018477276,0.044968617357587795,0.0019136050067753948,1.623545416316476e-05,AFIB,221m (12).mat
-6.908054375445418e-18,0.9999999999772318,0.9999999999544635,4.5931885245707,22.64585020830763,0.9999999999772318,-0.9312968739694119,6.780274703044134,7.7115715770135465,0.45591134994790705,-0.582990532127075,-0.31378767606712726,-0.03786413285385749,0.31183653473168266,0.2759235432132698,0.017222222222222222,0.9999999999544635,0.058610776953347064,12,72.0,0.7936868686868688,0.14971489416808753,0.6111111111111112,1.1388888888888888,0.1886321922235581,0.17674613865899358,0.7,6.230987808189274,0.5410161104330756,2.8125,0.9325080526937474,0.29245688362904243,0.3606859661024564,0.1390025919958716,3.9107131422133627,0.45132261529543594,0.2708622398244905,0.1985617226272103,0.0769862462774559,0.0022482700114308876,1.890596397610427e-05,AFIB,221m (13).mat
-1.3816108750890837e-17,0.9999999999792037,0.9999999999584075,4.564585894996146,21.827013244871747,0.9999999999792037,-0.825236360224014,6.511269816331422,7.336506176555437,0.45560928947825685,-0.531878629731461,-0.3105762437889332,-0.07323074808353272,0.2999999462857255,0.2373454957054005,0.018333333333333333,0.9999999999584075,0.061955290862515874,13,78.0,0.7983796296296296,0.1153723303293478,0.6138888888888889,1.1,0.14450810855277108,0.13703305572522165,0.7272727272727273,6.162140649341742,0.2359713203847604,2.8125,0.9713727211946448,0.26929276351345255,0.38382297715848773,0.17301133306430988,4.012361456538737,0.34603216092110484,0.33263063972761686,0.23626847998602754,0.08226331907058544,0.002781978502305617,2.342179235951642e-05,AFIB,221m (14).mat
-1.973729821555834e-18,0.9999999999783884,0.9999999999567768,4.639902650207765,22.861696125256316,0.9999999999783884,-0.8894373501599723,6.786773532431133,7.676210882591105,0.45862992898223637,-0.5262143424269992,-0.31775622424967953,-0.07780391119528002,0.3401779705657988,0.2399523130543995,0.01888888888888889,0.9999999999567768,0.058197182161427,12,72.0,0.8457070707070709,0.17513968946365635,0.6722222222222223,1.2222222222222223,0.20709261554374211,0.22458638251211172,1.0,6.302185420607651,0.36625292089727735,2.8125,0.9689321314909314,0.2900044348178232,0.3787099143343908,0.1487046633280792,3.91615354812452,0.42734761968973917,0.32790343933509797,0.19566278633904127,0.04679681527902895,0.0022702443985770943,1.9094958515330804e-05,AFIB,221m (2).mat
-7.894919286223335e-18,0.9999999999817911,0.9999999999635824,3.3574808994358505,16.750578750474332,0.9999999999817911,-2.8971722779949207,6.095578697556095,8.992750975551015,0.4588562867433987,-0.47304606749936795,-0.28541642951004065,0.03213944305748212,0.3358778873162074,0.31755587256752277,0.01888888888888889,0.9999999999635824,0.05875758189744737,13,78.0,0.7537037037037037,0.09385253880306339,0.6388888888888888,0.8972222222222223,0.12452179578971122,0.15494785698369107,0.9090909090909091,5.751996157070049,0.22285263283343462,2.8125,0.9000367823688581,0.2589428361672155,0.35171769080668747,0.15424637338865688,4.014814211891082,0.5038188587987701,0.23012948403256905,0.18745823227257136,0.07605449052682846,0.0025174411731880317,2.149319607280983e-05,AFIB,221m (3).mat
6.41462192005646e-18,0.9999999999811362,0.9999999999622724,4.563962758909514,21.793637433110995,0.9999999999811362,-1.046351621686752,6.418558034901972,7.464909656588724,0.45905416399284565,-0.5213285100819527,-0.3180410058821442,-0.0867345017468715,0.2912858383204352,0.23130650413527268,0.017222222222222222,0.9999999999622724,0.06285728789744206,13,78.0,0.800925925925926,0.14792952618998303,0.6694444444444444,1.1694444444444445,0.18469813651526898,0.1957495880827541,0.8181818181818182,6.158181549759744,0.18874508762810172,2.8125,0.8676161322051664,0.24045400559119,0.34069212207362337,0.15899664825570609,4.011094217278395,0.4232580226158675,0.27027359116567357,0.23633481199206027,0.0672554982255442,0.002853828394193225,2.424760666099532e-05,AFIB,221m (4).mat
3.947459643111668e-18,0.9999999999798593,0.9999999999597188,4.550619332243136,21.89550297933188,0.9999999999798593,-0.9898994725544458,6.458094316793914,7.447993789348359,0.45256524393787395,-0.5533853036094836,-0.32273616561594326,-0.04601709130059343,0.26801340045289146,0.2767190743153498,0.019166666666666665,0.9999999999597188,0.06326438958642838,13,78.0,0.7590277777777777,0.22276878676324266,0.6166666666666667,1.4277777777777778,0.2934922712867709,0.21874809603147674,0.45454545454545453,6.195303217164167,0.1680307871679226,2.8125,1.0923821443094812,0.281244848762974,0.43952544016126244,0.2024418237991427,4.039727662117849,0.374908268252882,0.31522740689063466,0.23404543269552977,0.07261714934576065,0.0031740214799703013,2.7721335222561726e-05,AFIB,221m (5).mat
7.894919286223335e-18,0.9999999999786923,0.9999999999573846,4.4540273233156435,20.961511992429642,0.9999999999786923,-0.9485533385118883,6.7872894873502885,7.735842825862177,0.46516977337574783,-0.5532804551434805,-0.35179725277804264,-0.04799132372646429,0.3086759472310057,0.3038059290515783,0.01888888888888889,0.9999999999573846,0.060992226142502944,13,78.0,0.7886574074074074,0.1912080474351905,0.6222222222222222,1.2861111111111112,0.2424475385596271,0.24342936622599518,0.7272727272727273,6.075829767053914,0.2517701673147836,2.8125,0.9773341850160076,0.27547643407953093,0.3858790840745807,0.16664550994115276,3.971125237824016,0.40006633834492356,0.2860040728498312,0.25528161927519,0.056093025861979146,0.002533499549077467,2.144411899847316e-05,AFIB,221m (6).mat
2.1711028037114173e-17,0.9999999999783113,0.9999999999566227,4.576789369316928,22.07791302216313,0.9999999999783113,-0.769824259283627,6.722581582389134,7.4924058416727615,0.44511418801296665,-0.5552703677135633,-0.3199150577787403,-0.04560754617434201,0.19573947238577244,0.27430751160439826,0.021666666666666667,0.9999999999566227,0.05985172028048942,13,78.0,0.7601851851851853,0.16545599375984008,0.6416666666666667,1.2527777777777778,0.21765222049398644,0.24069233520090935,0.7272727272727273,6.096666665803203,0.5902259137566819,2.8125,1.0005075908478864,0.2920763911009384,0.39739828276149225,0.15867639294997116,3.9654969078402034,0.446569612427914,0.2577381643544915,0.24852406665494464,0.04458491374961767,0.002561418519151137,2.1824293880775976e-05,AFIB,221m (7).mat
3.454027187722709e-18,0.9999999999790747,0.9999999999581495,4.438805880627401,20.918357544843786,0.9999999999790747,-0.8386011219105896,6.9538966981845745,7.792497820095164,0.4550046781163767,-0.5426579020502802,-0.38194212515743176,-0.014611624342060354,0.21103559528601937,0.3673305008153714,0.025555555555555557,0.9999999999581495,0.06396557897254343,13,78.0,0.7995370370370369,0.20128136763614257,0.625,1.2777777777777777,0.25174739638117755,0.3468644621557846,0.7272727272727273,6.023302939822904,0.48044167663453335,2.8125,0.8936109883808894,0.25954563261409846,0.355951789462268,0.1443253852549757,3.9543083372020935,0.4236850252797753,0.24449764546456124,0.2698140733980353,0.05963297225677659,0.00235073665540724,1.954694544406293e-05,AFIB,221m (8).mat
-1.973729821555834e-18,0.999999999983913,0.9999999999678261,1.7453028742028076,11.301854836668795,0.999999999983913,-5.2480248853166405,5.437932160362635,10.685957045679276,0.5194416510810405,-0.5536584052588215,-0.31740544360820544,0.061837102876537126,0.6697552021202985,0.37924254648474254,0.019444444444444445,0.9999999999678261,0.05035848660986592,12,72.0,0.8,0.20231544082991856,0.6083333333333333,1.2944444444444445,0.25289430072128033,0.23495468436212055,0.7,4.984682719385471,0.4933173888050138,2.8125,0.6613641203938171,0.22551170394378128,0.2445717022450285,0.10206040798326389,3.9809455463155143,0.5947854899952109,0.22897559489954025,0.11902865055831884,0.055617360621607416,0.0015795817111836378,1.3322214138800718e-05,AFIB,221m (9).mat
5.921189464667502e-18,0.9999999999863706,0.9999999999727411,-1.4222374742398876,2.1549747669495307,0.9999999999863706,-3.834148488879675,1.3769562146860768,5.211104703565752,0.7098003498549809,-1.3550301687510238,-0.23602233003640166,0.7035185345981035,1.0845227141614369,0.9395408646345051,0.011111111111111112,0.9999999999727411,0.05111412348313711,20,120.0,0.48801169590643273,0.06828596651238093,0.33055555555555555,0.6722222222222223,0.13992690532881533,0.10748919300002667,0.2777777777777778,-0.09069514935953468,0.1402662517595596,1.40625,1.1199552588300115,0.8579971294246692,0.1636761442364368,0.01756091113652352,2.616254553541511,0.811209555699268,0.1396180906436365,0.04162890360452192,0.00715299593265236,0.00038670872858139485,3.7453913394743187e-06,SVTA,207m (0).mat
-2.960594732333751e-18,0.9999999999836368,0.9999999999672736,3.0738411381979356,11.049446062701413,0.9999999999836368,-2.2682089439857966,5.599238325974253,7.867447269960049,0.5653881967503911,-0.5601133951470537,-0.4293192519330013,0.04139420528965532,0.6716074215473303,0.4707134572226566,0.030833333333333334,0.9999999999672736,0.11023704016968697,24,144.0,0.4199275362318841,0.07765972827885315,0.3472222222222222,0.625,0.18493602203555756,0.06016543317425726,0.18181818181818182,4.789814714401969,0.4109940802792631,5.625,0.9757252843108131,0.09013407275975788,0.36753857971255843,0.3662035711849128,4.3748445159837805,0.19783137849373905,0.2765882050580311,0.34552692519630607,0.17126570076951966,0.008708267230788002,7.952325161585465e-05,SVTA,209m (0).mat
-2.960594732333751e-18,0.9999999999812683,0.9999999999625366,2.736503875900619,12.110772487327267,0.9999999999812683,-3.0685005236787,6.334390443301932,9.402890966980632,0.5769837456054833,-0.6470180171225289,-0.4363312949389179,0.1487354805036854,0.7891596711787899,0.5850667754426033,0.02666666666666667,0.9999999999625366,0.0961978947148249,17,102.0,0.5753472222222222,0.13680687746118253,0.39166666666666666,0.8611111111111112,0.23778141605515704,0.12042662503143109,0.4666666666666667,5.283301668467283,0.4215483812792531,4.21875,1.054908123649961,0.10868926479252664,0.37239214424329736,0.42630614311467896,4.412338033504011,0.22091879838386172,0.19733142926585984,0.4095906006663343,0.16467235026942867,0.007422397229440163,6.44241850750274e-05,SVTA,209m (1).mat
1.578983857244667e-17,0.9999999999822144,0.9999999999644289,2.8294609577351744,11.719458097239867,0.9999999999822144,-2.5043612453194783,6.351629237296875,8.855990482616352,0.5760345152091558,-0.6615467545486646,-0.43019680635662516,0.14881670201813443,0.7122630531363001,0.5790135083747596,0.04027777777777778,0.9999999999644289,0.11290083957082361,19,114.0,0.5385802469135802,0.11837335181172925,0.35,0.7222222222222222,0.2197877702910547,0.09844700051270819,0.35294117647058826,4.983410021738688,0.7482441811686286,5.625,0.8739237010237039,0.11591751622357499,0.312562047862436,0.31218375518764,4.3959468795947245,0.2500790562515804,0.21992482502594718,0.37220521691615605,0.1488357309723203,0.008868597867415342,8.65729665804316e-05,SVTA,209m (2).mat
7.894919286223335e-18,0.9999999999817462,0.9999999999634924,3.2543806339165346,12.520260802950038,0.9999999999817462,-2.1532719761836505,5.789417105625463,7.942689081809114,0.5575489408845357,-0.5727957208512611,-0.44164483128874893,0.07104093593819168,0.5584915279109622,0.5126857672269406,0.026944444444444444,0.9999999999634924,0.10128817763512615,21,126.0,0.44333333333333325,0.09725554984322818,0.36666666666666664,0.6916666666666667,0.21937342020418368,0.08291317080016751,0.3157894736842105,5.0617518363978045,0.48611009952180423,5.625,1.0010846560454612,0.09667685112004183,0.3800974981625542,0.37877894662339817,4.401176519293139,0.23603098710134093,0.2253490092516273,0.36270961010927244,0.16718888609566684,0.008643452370534516,7.805507155773089e-05,SVTA,209m (3).mat
2.960594732333751e-18,0.9999999999800382,0.9999999999600765,2.892053328061156,12.789875831709837,0.9999999999800382,-2.9369070364613155,6.1146791499868005,9.051586186448116,0.5646315511739997,-0.5777218635777278,-0.40962993818059257,0.17349362537787577,0.7362100299698968,0.5831235635584684,0.030833333333333334,0.9999999999600765,0.10456845938397032,18,108.0,0.5459150326797386,0.12786696818666168,0.36944444444444446,0.8166666666666667,0.23422503557884233,0.10949783666615474,0.4375,5.287092591004371,0.4509806785078881,5.625,1.0312936703219586,0.09380915724049564,0.36336006311914054,0.4340252184844654,4.4332076859626435,0.17900324817708965,0.2182235253795934,0.4264531092696642,0.1676293393932552,0.008615196743514467,7.558103688293676e-05,SVTA,209m (4).mat
4.440892098500626e-18,0.999999999981779,0.999999999963558,2.6270121699334292,10.76914688587333,0.999999999981779,-3.1369080593835936,6.102778051472066,9.23968611085566,0.5777586907472507,-0.7087158406200306,-0.42519975204286087,0.1980953994651249,0.6693520060511656,0.6232951515079858,0.029722222222222223,0.999999999963558,0.10441689753605557,20,120.0,0.5207602339181286,0.09533195151030267,0.39444444444444443,0.6444444444444445,0.1830630396064905,0.09686663367121247,0.5555555555555556,4.897239023644446,0.601574539820802,4.21875,0.9076682517781767,0.10210087777299706,0.30489725319583694,0.3748575506962345,4.464530031177104,0.28461197223254364,0.18808630744297863,0.3704683966142009,0.1490745717681978,0.007689949262081017,6.880267999786506e-05,SVTA,209m (5).mat
1.1842378929335004e-17,0.9999999999871946,0.9999999999743893,3.530540792498417,16.363581197950523,0.9999999999871946,-2.9211269263120827,6.109542694851014,9.030669621163097,0.48266472211780764,-0.586800261111808,-0.3333310872959863,0.07273315496042276,0.36588698542931747,0.4060642422564091,0.03194444444444444,0.9999999999743893,0.09433933823669421,17,102.0,0.5885416666666666,0.20297715417194304,0.38333333333333336,0.9416666666666667,0.34488153570615765,0.21866834160755683,0.6666666666666666,5.660561738717157,0.31256412946371315,7.03125,0.948113535161939,0.12746388135076617,0.3438289713073759,0.3713827921842747,4.4775280687721395,0.17073895673007425,0.2655458322028133,0.41411156588311154,0.14066626378246297,0.008857626221746434,7.975517979145146e-05,SVTA,220m (0).mat
5.921189464667502e-18,0.9999999999856787,0.9999999999713575,3.5089504444677244,17.81128703474601,0.9999999999856787,-3.357094335558308,6.296080902841786,9.653175238400094,0.47941712706209877,-0.5186743440144865,-0.3276412449463881,0.06690038564595971,0.42991830914457607,0.3945416305923478,0.02722222222222222,0.9999999999713575,0.09073897264937208,15,90.0,0.6706349206349206,0.23595166017861177,0.40555555555555556,1.0722222222222222,0.35183324423874673,0.20856255196384468,0.6153846153846154,5.9060030878809995,0.30588791209656807,7.03125,1.0759780277551176,0.12763094677554282,0.3928135925877994,0.42592509240379683,4.470097917954235,0.2005935106554813,0.19028358817775248,0.42663099906186497,0.173102972467118,0.0093053391826165,8.35904551663471e-05,SVTA,220m (1).mat
-3.947459643111668e-18,0.9999999999851082,0.9999999999702166,3.2278349426747868,10.29716521750098,0.9999999999851082,-1.055712107083482,5.127987357572924,6.1836994646564065,0.5323444466066455,-0.6041373382560642,-0.4552740849495236,-0.036503118837089094,0.34944247834561293,0.4187709661124345,0.034166666666666665,0.9999999999702166,0.07630320811984063,22,132.0,0.4473544973544974,0.029152190795154773,0.4111111111111111,0.5277777777777778,0.06516574864539237,0.030244630173321473,0.05,4.573417616845872,0.2382424298150715,2.8125,1.0609452856318569,0.3835661751883629,0.39346706353854843,0.1493062541283068,3.8706552081978485,0.4020590575983333,0.3108439176312804,0.2230325977668187,0.061938957788097194,0.0021082864089037746,1.718280656644195e-05,SVTA,234m (0).mat
1.1842378929335004e-17,0.9999999999833163,0.9999999999666327,4.086346000970157,16.529646178363077,0.9999999999833163,-0.8055468573894522,5.952838884656675,6.758385742046127,0.46145084746235904,-0.45209082113854315,-0.38316430341303753,-0.07967929336928047,0.04893631560563889,0.30348501004375705,0.02722222222222222,0.9999999999666327,0.07232724264130004,17,102.0,0.5975694444444445,0.05023934803567203,0.5277777777777778,0.6722222222222223,0.08407281934956753,0.055864879608413645,0.3333333333333333,5.4023686166674265,0.1968702393105133,2.8125,1.0229193022993395,0.2653156468546173,0.4214911861698183,0.18205079903207902,4.037152794207583,0.34433466044208266,0.34466742497151737,0.25616874850372984,0.052653107345274584,0.002159428730035998,1.6630007359332546e-05,SVTA,234m (1).mat
1.973729821555834e-18,0.9999999999837587,0.9999999999675174,3.6483141708154805,14.944934279089338,0.9999999999837587,-1.2920780382140071,6.559200137377712,7.851278175591719,0.517211196654103,-0.6747688409690327,-0.4799532313750643,0.026428202878637466,0.47141285758775975,0.5063814342537017,0.03138888888888889,0.9999999999675174,0.06769687967252833,15,90.0,0.6704365079365081,0.1350526023606505,0.39444444444444443,0.9944444444444445,0.20143980908032605,0.17850911271931372,0.15384615384615385,5.430412271657178,0.3339937217072454,7.03125,0.8854977313912197,0.21472705066811731,0.3935141925620597,0.16905648249177033,4.07641256767817,0.4976633843276256,0.24674003380836684,0.18745720684794168,0.06631894099098844,0.001806372939107607,1.406108596969668e-05,SVTA,234m (2).mat
-2.3684757858670008e-17,0.9999999999827641,0.9999999999655282,3.9140550214343155,15.622182406352533,0.9999999999827641,-0.7197428822731842,5.825535528771576,6.545278411044761,0.4846641050491974,-0.5466828049809811,-0.4348107980868765,-0.04721440643682315,0.29815358671570885,0.38759639165005333,0.02638888888888889,0.9999999999655282,0.0727443328643721,17,102.0,0.5928819444444444,0.0736894810150575,0.46111111111111114,0.6777777777777778,0.12429031037505682,0.04649771001927984,0.2,5.33634479339934,0.24419782996490647,2.8125,1.0076252043831286,0.2627452899362892,0.4306359370168203,0.17107079280166596,4.029839940403354,0.36999448662240436,0.3571563345872451,0.21227387175182677,0.05847074832378937,0.002088453266182539,1.61054485515545e-05,SVTA,234m (3).mat
1.973729821555834e-18,0.999999999983603,0.999999999967206,3.6459032759002468,18.214721310404897,0.999999999983603,-3.4948948734113294,6.772627948207247,10.267522821618577,0.4690102012788116,-0.39544429221021876,-0.3067989743811196,-0.036367505021737655,0.2788062205647403,0.27043146935938195,0.021111111111111112,0.999999999967206,0.06976793114766083,11,66.0,0.9463888888888888,0.01983924592852121,0.9027777777777778,0.975,0.02096310104702354,0.026205503144601676,0.0,5.839893841879084,0.7304734041644296,4.21875,0.9428978812032259,0.2286867487071042,0.3722558890563207,0.2050536953577553,4.134229831996004,0.35663802856995147,0.3233070030064265,0.2542839930250986,0.06320254380244991,0.00254888122569006,1.955037038322179e-05,WPW,230m (0).mat
-7.894919286223335e-18,0.999999999986081,0.999999999972162,3.49021929453471,16.466206393452985,0.999999999986081,-3.0709161468681243,6.258629249323173,9.329545396191296,0.49914133180106457,-0.6290351745103117,-0.3480262779176425,0.06580859586248572,0.44638509580415126,0.41383487378012823,0.025277777777777777,0.999999999972162,0.07074024407068275,11,66.0,0.8886111111111111,0.039780454596462775,0.85,0.9611111111111111,0.04476700105848852,0.04270315762074152,0.3333333333333333,5.817097364466392,0.30007454248449633,4.21875,0.9925329440137847,0.2560585912594747,0.394909242381996,0.19433452009641622,4.086080643891084,0.37921138516995867,0.26843100913083523,0.2918191041692503,0.05804785269115811,0.0024712053471529624,1.9443491644403642e-05,WPW,230m (1).mat
-1.1842378929335004e-17,0.9999999999842597,0.9999999999685194,2.987231753472594,14.438660633994921,0.9999999999842597,-3.840382298040643,6.266995896629204,10.107378194669847,0.5236831723947492,-0.518277095093969,-0.35271045841480286,0.03540837766579161,0.7042621900816821,0.3881188360805945,0.020555555555555556,0.9999999999685194,0.07142989679944511,11,66.0,0.9100000000000001,0.026328879135717305,0.8833333333333333,0.9777777777777777,0.028932834183279636,0.0368630171062859,0.2222222222222222,5.5641856819361415,0.555277232954195,4.21875,0.9665195270310531,0.2420525946836245,0.37254259177563137,0.21094663625294183,4.128571738567933,0.3920265657388503,0.29154398996103126,0.22346627558621066,0.09029034393121872,0.002652484525415484,2.0340257273531108e-05,WPW,230m (10).mat
-1.4802973661668754e-17,0.9999999999809129,0.999999999961826,1.2145792886402478,9.474511492709274,0.9999999999809129,-5.029442083524868,5.838839290533388,10.868281374058256,0.6177479169793163,-0.5950163148549403,-0.4396708842448057,0.1981186140518321,1.1466309438147335,0.6377894982966378,0.0175,0.999999999961826,0.07921879931747679,11,66.0,0.8558333333333333,0.05045242839412389,0.775,0.9472222222222222,0.05895123077137993,0.04625924443258073,0.3333333333333333,4.9727171416290386,0.6797044151260506,1.40625,0.9512880480501382,0.2049986768411795,0.3491439640476259,0.2796481774552993,4.263552378318296,0.295289302420179,0.23724257706847388,0.3648699879319345,0.0992479673406408,0.003325255235079105,2.4910003692520424e-05,WPW,230m (11).mat
0.0,0.9999999999843329,0.9999999999686658,2.510738961529894,12.26036478098104,0.9999999999843329,-3.8240964893366467,6.85699909516293,10.681095584499577,0.5720802731996928,-0.5580642379776259,-0.39268933025791053,0.09564119390268498,0.9768366794879206,0.4883305241605955,0.01888888888888889,0.9999999999686658,0.07215227785792022,11,66.0,0.8847222222222222,0.0355349332556216,0.8138888888888889,0.9305555555555556,0.04016507365012355,0.03090429494125674,0.1111111111111111,5.171236141610588,0.9134642111592083,1.40625,0.8233175148389991,0.21068710111684325,0.30325650733800785,0.19900965950803529,4.191769435435347,0.38820440718061056,0.23144330137431574,0.32348426799476276,0.05437803272262332,0.0024712326818357813,1.8758045851569905e-05,WPW,230m (12).mat
-2.960594732333751e-18,0.9999999999831143,0.9999999999662287,3.1214651863740572,15.371793761179788,0.9999999999831143,-4.175642259506647,6.178804418697038,10.354446678203686,0.5087003758919046,-0.4353164752673437,-0.3343674251730179,-0.004240138459249794,0.6301921178149898,0.33012728671376806,0.020555555555555556,0.9999999999662287,0.0703931647636998,11,66.0,0.8766666666666666,0.023379583791667567,0.8472222222222222,0.9166666666666666,0.026668726728135562,0.027404904790645796,0.1111111111111111,5.655460660017056,0.49087105916035856,4.21875,1.012337885042785,0.23573759144841216,0.40033145999632913,0.23053010908718546,4.146720500531469,0.3566567102027384,0.2800919392264403,0.295101359781237,0.06546147175482867,0.0026682325451410824,2.0286489614262055e-05,WPW,230m (13).mat
3.947459643111668e-18,0.9999999999852875,0.9999999999705751,3.146987778231317,14.498191626489803,0.9999999999852875,-3.771215565856463,6.230991688178003,10.002207254034467,0.5170052420863747,-0.4554002423138105,-0.3449431630576841,-0.004838327281450359,0.6933205774143859,0.34010483577623374,0.02,0.9999999999705751,0.07039321242854137,12,72.0,0.8459595959595959,0.05201284639571916,0.7777777777777778,0.9277777777777778,0.061483842233902054,0.04212708580028642,0.2,5.428573714001029,0.5679142297815898,4.21875,1.0030507662347088,0.25072281656869133,0.39571872255230967,0.20818898586119913,4.09114178892167,0.34452972040993574,0.3136030313524498,0.2530675961325526,0.08643714306862324,0.002344749271713626,1.7759764724715647e-05,WPW,230m (14).mat
-9.86864910777917e-19,0.9999999999835099,0.9999999999670198,3.2447966151361967,15.681892646682353,0.9999999999835099,-3.8422789942811404,6.330035497231983,10.172314491513124,0.5078580742453989,-0.4183210718840853,-0.33662008985649877,-0.01628263103200317,0.6283511333189702,0.3203374588244956,0.019444444444444445,0.9999999999670198,0.06915940807741276,11,66.0,0.9055555555555556,0.04245549594342843,0.8305555555555556,0.9666666666666667,0.0468833697017062,0.03024533883529828,0.0,5.703896581401196,0.4654387835368533,4.21875,0.9783442754680433,0.2432305643317637,0.37356779582341393,0.21997743250409052,4.135776875718977,0.42175470468163584,0.21490324153846802,0.26785376958377094,0.09290156929970483,0.00256733533083076,1.9379565589420095e-05,WPW,230m (15).mat
-6.908054375445418e-18,0.9999999999842455,0.999999999968491,2.8543998499478587,14.02206530463075,0.9999999999842455,-4.483735942031181,5.9595546196771485,10.44329056170833,0.5149219120407116,-0.42777301789839667,-0.32167731523691806,-0.015308872412245836,0.7531187701065287,0.30636844282467224,0.021111111111111112,0.999999999968491,0.07359761615450962,12,72.0,0.8835858585858586,0.028437976336449077,0.8361111111111111,0.925,0.03218473454269414,0.03173238794109962,0.0,5.413957132032116,0.4998535590843653,4.21875,0.9131044914532871,0.2389921378748009,0.3431442931311361,0.2001056694075225,4.13605878306406,0.3449697586540324,0.2725264469776683,0.29211612944764154,0.08759410539401201,0.0027723392298470827,2.122029679841039e-05,WPW,230m (16).mat
-5.921189464667502e-18,0.9999999999831405,0.999999999966281,3.322739563881091,15.108587721075143,0.9999999999831405,-3.5523938598624025,6.765865839370794,10.318259699233197,0.5204420484018594,-0.4914362781396835,-0.35841588878646913,0.027010191697672933,0.5309293298730992,0.38542608048414206,0.023055555555555555,0.999999999966281,0.0649565611066627,11,66.0,0.9177777777777777,0.028387747313424933,0.8833333333333333,0.9666666666666667,0.030930959508770676,0.03712951417733969,0.1111111111111111,5.560499788317116,0.684959509698367,4.21875,0.9099663644772371,0.26497517199659587,0.3478690317256836,0.16059587043852688,4.010917131779288,0.42298621489701843,0.24889271020856307,0.24115126150338845,0.08510900606821656,0.0018473423761855574,1.3464946627774186e-05,WPW,230m (17).mat
1.973729821555834e-18,0.9999999999837506,0.9999999999675012,2.7882349396400756,13.955357216638575,0.9999999999837506,-3.8241124234980854,6.285081428063179,10.109193851561264,0.5332199263334031,-0.4815697639888398,-0.34920770781071675,0.03962999814454029,0.8710888076537653,0.388837705955257,0.0225,0.9999999999675012,0.07041424521966388,11,66.0,0.9169444444444445,0.047991286503353006,0.8444444444444444,1.0055555555555555,0.05233827059183673,0.05498160310853155,0.4444444444444444,5.50732169854385,0.5838040311888791,4.21875,0.9385572092428587,0.2352033824767525,0.35537877689117264,0.21516183801199204,4.1595829553333425,0.36365069513198445,0.2871085705227532,0.24924769143136413,0.09758538454725743,0.002389722678586663,1.7935688053970804e-05,WPW,230m (18).mat
0.0,0.9999999999837396,0.9999999999674792,3.32394146296425,15.713498729529498,0.9999999999837396,-3.7906046569685174,6.295797211376622,10.08640186834514,0.5075816765036162,-0.4415033054257376,-0.3346029481914756,-0.007360759543754743,0.4922453811464503,0.32724218864772087,0.01861111111111111,0.9999999999674792,0.0680630217898385,11,66.0,0.9280555555555556,0.02485917124647821,0.8777777777777778,0.9638888888888889,0.026786296435465692,0.02850889688581605,0.1111111111111111,5.71196821351571,0.46104372344377537,4.21875,1.0143084799712863,0.2585976844459329,0.39548832334236356,0.21018485855030006,4.085842566471402,0.3792013258761112,0.2668330104077961,0.2519420091002464,0.09963778355026481,0.0023681307528686177,1.774031271253713e-05,WPW,230m (19).mat
7.894919286223335e-18,0.9999999999820098,0.9999999999640197,3.6843223782574746,18.39035583675303,0.9999999999820098,-3.868880284042938,6.561330365496971,10.430210649539909,0.4694778306016946,-0.3976211233621102,-0.3151199747416837,-0.04122912981545997,0.2798150663501543,0.27389084492622373,0.02,0.9999999999640197,0.06480587440856365,10,60.0,0.965432098765432,0.0238993341760567,0.9333333333333333,1.0194444444444444,0.0247550647858751,0.032808366141715874,0.125,6.058663032554483,0.3464650428977456,4.21875,0.9982195208272087,0.25794554042769924,0.39710620225781923,0.1930361038306878,4.059650318403243,0.386114564903912,0.3135881693745127,0.23111659146890612,0.06694409884008089,0.002219944498186377,1.6630914401628636e-05,WPW,230m (2).mat
4.934324553889585e-18,0.9999999999831045,0.999999999966209,2.2042261253033777,12.135565623527604,0.9999999999831045,-4.25800577516549,6.5450145379229765,10.803020313088467,0.5759199993093059,-0.5091776451261895,-0.40286156405628126,0.0669559679345019,1.0963203382663438,0.46981753199078313,0.02,0.999999999966209,0.07424760751276374,11,66.0,0.8997222222222223,0.029039404901564994,0.8638888888888889,0.9583333333333334,0.0322759671285707,0.0381432035630481,0.1111111111111111,5.280868632723493,0.7375075720022636,1.40625,0.9903518419626969,0.22669580237628395,0.3748667505910448,0.2584830135670652,4.206004060177014,0.33868537686116484,0.255206879667317,0.3065931325735149,0.0967810103919099,0.002713629915369211,1.997059072385093e-05,WPW,230m (20).mat
-5.921189464667502e-18,0.9999999999848583,0.9999999999697168,2.6075591868276025,13.532507223202447,0.9999999999848583,-3.798435485494724,6.28074663024824,10.079182115742963,0.5436620794817051,-0.4899264576758532,-0.3583443234471196,0.04782163230436462,0.880156119103338,0.4061659557514842,0.021388888888888888,0.9999999999697168,0.0760127456435307,12,72.0,0.871969696969697,0.06308179876457189,0.7944444444444444,0.9694444444444444,0.07234402630212057,0.051000786728378815,0.4,5.296180049658884,0.7827162776757953,4.21875,0.9389308017328144,0.19456564969006018,0.36735820894261123,0.2473443955149158,4.222400342990146,0.3461582812850239,0.22113186166800727,0.33190191589778156,0.09773855206841402,0.0030462011369016256,2.3187943871310717e-05,WPW,230m (3).mat
4.934324553889585e-18,0.9999999999844845,0.999999999968969,3.0748288319174124,16.121430329591824,0.9999999999844845,-4.200132146492309,6.667486535395897,10.867618681888207,0.5095362769571988,-0.4830774494785077,-0.3426295326314844,0.03538270013557495,0.6736399413706937,0.3780122327670593,0.025,0.999999999968969,0.07205334074289836,11,66.0,0.9033333333333333,0.05807880980313001,0.8277777777777777,0.9861111111111112,0.0642938853197448,0.04820153735118657,0.4444444444444444,5.631853095651545,0.7803757656212519,2.8125,0.984281740852635,0.2291587278442206,0.38729252372239054,0.231251391520571,4.173518403375709,0.3844265930714678,0.2485824380954371,0.2882897953932436,0.07582065928625313,0.002858194868487231,2.231928511089391e-05,WPW,230m (4).mat
-9.86864910777917e-19,0.9999999999839625,0.9999999999679251,3.102311187995457,15.982806494509909,0.9999999999839625,-4.00228076039772,6.4626327222516196,10.46491348264934,0.5132787664218884,-0.4333085453694827,-0.32775281701789816,0.02810565107506867,0.6933638180203915,0.35585846809296684,0.019166666666666665,0.9999999999679251,0.06921419916018598,11,66.0,0.9372222222222224,0.04137303947091304,0.8444444444444444,0.9833333333333333,0.04414432185428789,0.03202151197368625,0.1111111111111111,5.545878583988278,0.8481535842966282,4.21875,0.9997121155491995,0.23585734304550937,0.3992925494678906,0.21749833163770882,4.126099254191242,0.38272298315185405,0.34899541803931006,0.17774750431935174,0.08815470507408732,0.002361784046384817,1.7605369011819997e-05,WPW,230m (5).mat
3.947459643111668e-18,0.999999999982589,0.9999999999651782,3.9291511231273253,18.810519283947507,0.999999999982589,-3.1120220762557476,6.967142003656333,10.079164079912081,0.47305854140684006,-0.412522484941143,-0.336046898654682,-0.016501525594817875,0.23294161080748313,0.31954537305986414,0.023333333333333334,0.9999999999651782,0.06105339024730531,10,60.0,0.9608024691358025,0.04659982802495622,0.8833333333333333,1.038888888888889,0.048500945275848084,0.04354559835164134,0.125,5.972391782911721,0.5456387071086223,4.21875,0.980738179478212,0.2939696192770268,0.38544580226404235,0.14878154549459388,3.9241062998619998,0.43580070045724756,0.29531316486377474,0.19778280987047828,0.06951748020232175,0.0015743156701508456,1.1528936026600003e-05,WPW,230m (6).mat
-3.157967714489334e-17,0.9999999999853659,0.9999999999707319,0.8143580814149397,11.198142723886448,0.9999999999853659,-6.079863314712738,5.660165525510265,11.740028840223003,0.47246715521773036,-0.3189505787148496,-0.19386797192126148,0.12578838675158352,0.5182939784688085,0.31965635867284503,0.025555555555555557,0.9999999999707319,0.055618391547084096,11,66.0,0.9722222222222223,0.03035286306588384,0.925,1.0166666666666666,0.031220087692797,0.04760195901491462,0.3333333333333333,4.446306805248395,1.4373463242313804,1.40625,0.6551773409289308,0.17595570807792288,0.2523550326933919,0.13172148825478416,4.077972115601697,0.6666961025114,0.15093631105999236,0.1417954383790052,0.03887101539712061,0.001690502307083271,1.063034539815512e-05,WPW,230m (7).mat
-5.921189464667502e-18,0.9999999999845622,0.9999999999691245,2.3410147927094136,10.868189504201814,0.9999999999845622,-3.640937209328633,5.986778924915462,9.627716134244094,0.5528361192707276,-0.5674512788797788,-0.3143196237920047,0.06030876637184736,0.943041974375326,0.374628390163852,0.017777777777777778,0.9999999999691245,0.0588947433749407,10,60.0,0.9379629629629629,0.03578916312979201,0.8694444444444445,0.9888888888888889,0.03815626469789399,0.031040967553648623,0.0,5.28863309786143,0.48435118076961,1.40625,0.8147270466818218,0.24890468996627674,0.30584714790355844,0.142623055574455,4.020051707950667,0.5223423480032273,0.2549304875436475,0.16414261191742943,0.05689212935218169,0.0016799968583245321,1.2426325189156215e-05,WPW,230m (8).mat
-4.934324553889585e-18,0.9999999999828478,0.9999999999656957,3.31571019053395,17.546728130812095,0.9999999999828478,-4.19624846942314,6.590076693442525,10.786325162865666,0.4961520998737067,-0.4237188370325593,-0.33603151684798477,-0.00406745707389752,0.5618704955080243,0.3319640597740873,0.019166666666666665,0.9999999999656957,0.06824865947252712,10,60.0,0.9348765432098767,0.049623256761770144,0.8555555555555555,1.0138888888888888,0.05308001047743678,0.04819264325804855,0.5,5.903432065145394,0.7283275764122882,4.21875,0.9923798288750051,0.2449255558364815,0.38952345318489057,0.2156506376339817,4.123184505344779,0.3421387974463276,0.3400666032699059,0.24370610985007068,0.07155685240579253,0.0025127539844862134,1.8883043416632748e-05,WPW,230m (9).mat
-1.8750433304780422e-17,0.9999999999840005,0.9999999999680009,-1.296090853328792,20.294087235586932,0.9999999999840005,-8.71115932149502,4.51173845705458,13.2228977785496,0.48414901130177795,-0.45565671638469335,-0.2523751818374117,0.15389564699662783,0.5733153072553817,0.40627082883403953,0.020833333333333332,0.9999999999680009,0.05156270690078592,1,6.0,0.0,0.0,0.0,0.0,0.0,0.0,0.0,0.0,0.0,1.40625,0.7653696126753519,0.3215929734713567,0.22831392176891951,0.12247096958433765,3.8985194988273446,0.5959799111687891,0.22389501049586766,0.14917117634031032,0.028450481924142804,0.002481497847923901,2.1922222965972004e-05,PVC,100m (0).mat
-4.934324553889585e-18,0.9999999999833354,0.9999999999666709,3.091782115367989,11.27310088184697,0.9999999999833354,-1.5088795427842039,6.589936143500258,8.098815686284462,0.5522519070467812,-0.8303273075297534,-0.42409314943527077,0.09873169707050813,0.5026154029981367,0.5228248465057789,0.02277777777777778,0.9999999999666709,0.054140924473362224,13,78.0,0.7314814814814815,0.11771100774484632,0.4305555555555556,1.0,0.16092137745650498,0.20491471221390117,0.2727272727272727,4.850064051729611,0.5070721491301653,2.8125,1.042830007366494,0.3668457735775785,0.45324459515853915,0.04066185137233462,3.429496453991051,0.5536189654874232,0.29112805920173473,0.1386486517494551,0.01627012832524125,0.00033163101206721293,2.5642240783780662e-06,PVC,105m (0).mat
-9.86864910777917e-19,0.9999999999840822,0.9999999999681644,3.030476170770106,10.697540880595367,0.9999999999840822,-1.4932371222179943,6.588262394912645,8.08149951713064,0.5573282614119797,-0.8031587882556561,-0.4604365827913237,0.06718816113736384,0.5059688705317595,0.5276247439286875,0.023333333333333334,0.9999999999681644,0.05619083802636632,14,84.0,0.7147435897435899,0.10274245532653453,0.49166666666666664,1.0055555555555555,0.14374729155618662,0.18127704849968512,0.25,4.690404598166471,0.5337161430506382,4.21875,1.1779231582828595,0.41455517484481247,0.5101242857935061,0.04684789030708089,3.438954669836488,0.5934830760928259,0.24970459616718774,0.1406389482693787,0.015855505512947253,0.0003154630834430212,2.4108742172728908e-06,PVC,105m (1).mat
6.41462192005646e-18,0.9999999999845736,0.9999999999691472,2.9931234644617,10.177886992953963,0.9999999999845736,-1.3957239718568502,6.1651844058363565,7.560908377693207,0.5595154379198422,-0.7985186583640059,-0.49066801783597636,0.08608335694220146,0.4789785777690543,0.5767513747781778,0.024444444444444446,0.9999999999691472,0.05460631441030843,14,84.0,0.7217948717948718,0.11121173944258698,0.475,1.0305555555555554,0.15407665478692373,0.17494487667989367,0.16666666666666666,4.6811362614516225,0.42139557595945326,5.625,1.0064451421936116,0.348431881788685,0.4421177732593585,0.039274900166668215,3.452195941899272,0.46693241752813486,0.40769762220449113,0.110975586678427,0.014123420685774804,0.00026894862026051285,2.00428291144136e-06,PVC,105m (10).mat
7.894919286223335e-18,0.9999999999831362,0.9999999999662724,2.7249567683259177,9.388834837193311,0.9999999999831362,-3.740414396646032,4.921803566678482,8.662217963324514,0.5892165771978216,-0.8450196623411749,-0.41904927506403367,0.16237845070061657,0.6342712117933103,0.5814277257646503,0.02388888888888889,0.9999999999662724,0.06067913280742687,14,84.0,0.7128205128205127,0.09117348853325159,0.4888888888888889,0.9416666666666667,0.12790525351829166,0.15432091049380786,0.25,4.692821564344591,0.31531637833097564,2.8125,0.8981186911032142,0.32964134760911457,0.37676992201651177,0.04515266340477692,3.435897130761805,0.4700168364883331,0.35574439082565157,0.163902872416627,0.009842033070253732,0.0004900955036880131,3.7716954464331583e-06,PVC,105m (11).mat
7.894919286223335e-18,0.9999999999833452,0.9999999999666905,2.256544824137445,8.005599585717304,0.9999999999833452,-2.730367906639291,6.264828677793233,8.995196584432524,0.5900042318179466,-0.7558215848241095,-0.47405629178778097,0.15943882948559734,0.734955007903995,0.6334951212733784,0.02388888888888889,0.9999999999666905,0.06488853886643328,15,90.0,0.694642857142857,0.11226810454918963,0.3861111111111111,0.9722222222222222,0.16161989320575595,0.17987709479188624,0.15384615384615385,4.479687546336177,0.5465150687208219,2.8125,0.8952363414318596,0.3097473603498011,0.37998160659543173,0.06587214331495107,3.6307321736999354,0.47698183573001096,0.3467353467940381,0.14874596914056043,0.0262890793646946,0.0012362160654159106,1.1552905279771126e-05,PVC,105m (12).mat
9.86864910777917e-18,0.9999999999844678,0.9999999999689356,3.015964312345155,10.366914404933265,0.9999999999844678,-1.4223080262556795,6.389967297720514,7.812275323976194,0.5607476799038406,-0.8095331929959069,-0.46067821260201736,0.0831622763854668,0.5013375568710984,0.5438404889874842,0.023333333333333334,0.9999999999689356,0.05603247227930441,14,84.0,0.7232905982905982,0.10959184865866882,0.43333333333333335,0.9833333333333333,0.15151841979718286,0.19749752563955036,0.25,4.649155637108126,0.5049839472075836,4.21875,1.168210722711759,0.38787034772492324,0.5279445823520638,0.0454615604670242,3.4319165504836207,0.4697997628849338,0.3546127630272299,0.1588369372463081,0.016455536353043636,0.0002927624996462203,2.2379888381575405e-06,PVC,105m (13).mat
-4.934324553889585e-18,0.9999999999840316,0.9999999999680632,2.9564646962711243,10.25294042889838,0.9999999999840316,-1.7159088589146003,6.362738932752607,8.078647791667207,0.5609868900608064,-0.7809695204260537,-0.5068366705954296,0.08696790119562431,0.5253718873518255,0.5938045717910538,0.024166666666666666,0.9999999999680632,0.05595891012587243,14,84.0,0.726068376068376,0.11639436303518177,0.4361111111111111,1.0194444444444444,0.16030771578999725,0.20334459086423923,0.25,4.672610065802353,0.4884148741575908,2.8125,0.9487729799917619,0.3859117062828562,0.37888112323709483,0.032964189810396144,3.329287685130244,0.5325151782556434,0.30410016411434665,0.14524687713840903,0.017773609597795583,0.00036151766591770504,2.653227887227664e-06,PVC,105m (2).mat
5.921189464667502e-18,0.9999999999852204,0.9999999999704409,2.656870261662204,9.052553097737738,0.9999999999852204,-1.8327353062201288,6.517291853055144,8.350027159275273,0.5791117983354287,-0.7604409991683065,-0.5328265386250195,0.11487077491723484,0.6157372213407427,0.6476973135422543,0.021388888888888888,0.9999999999704409,0.05154909219453508,14,84.0,0.7284188034188035,0.11198986823191813,0.4777777777777778,1.038888888888889,0.15374379073213726,0.1800009287813258,0.25,4.39547643550508,0.6576846026839115,2.8125,0.7682532490347665,0.3216907634551791,0.2975432765626996,0.026613729013800602,3.38185191787415,0.6209429183128196,0.2814168654285583,0.0855416782391636,0.011842081113860323,0.0002545104937214437,1.9464118765044594e-06,PVC,105m (3).mat
-1.1842378929335004e-17,0.9999999999841539,0.9999999999683079,2.7352779749932035,9.321071521566608,0.9999999999841539,-1.674662002587394,6.335315142183609,8.009977144771003,0.6042331014597191,-0.8253555697963469,-0.49653260579374087,0.1648580278455298,0.7025632876878756,0.6613906336392706,0.02722222222222222,0.9999999999683079,0.05968019962571294,13,78.0,0.6958333333333333,0.07326964827283321,0.4638888888888889,0.7666666666666667,0.1052976979653205,0.07061140714717526,0.09090909090909091,4.643214929564505,0.5267123025948721,4.21875,1.1208683763433145,0.4038332371362887,0.4788323247520924,0.04065339023539965,3.3947552665520466,0.6193153976148016,0.2585511742176694,0.10395588192976994,0.017763434576135502,0.0004107468241340116,3.3648374893273646e-06,PVC,105m (4).mat
-9.375216652390211e-18,0.9999999999839875,0.999999999967975,2.91954635809969,10.04844546762725,0.9999999999839875,-1.7282903245964418,6.483638984880456,8.211929309476899,0.5760506600995839,-0.7987897839376223,-0.47956341000562197,0.12308034600851485,0.5796043519897248,0.6026437560141368,0.02277777777777778,0.999999999967975,0.05827151838505432,14,84.0,0.7232905982905982,0.10910332573110211,0.44722222222222224,0.9944444444444445,0.15084300257477481,0.196413639804456,0.25,4.670104261140766,0.524856367384931,4.21875,1.1923907564771397,0.4015832198659469,0.5281909516096067,0.04986702854963193,3.438141591688424,0.45517212475805363,0.4136212716115379,0.11314350385274606,0.01763535757266903,0.0004243270891279645,3.4151158651273992e-06,PVC,105m (5).mat
9.86864910777917e-19,0.9999999999837278,0.9999999999674557,3.0104954115617417,10.707825545465907,0.9999999999837278,-1.4981385420762294,6.598043187792097,8.096181729868327,0.5667521023584278,-0.8216879606633558,-0.4429962589144699,0.10633310329461546,0.5461292006810047,0.5493293622090853,0.02361111111111111,0.9999999999674557,0.059227163075383504,14,84.0,0.6991452991452992,0.10202359357517815,0.4305555555555556,0.9388888888888889,0.14592616664086164,0.1892714671354479,0.25,4.768903925549111,0.5164030700080662,2.8125,1.0600449324227703,0.3881940314579684,0.4480601355780171,0.0467805235197458,3.394366250253673,0.45905104885396997,0.3973600681719147,0.1250650681840138,0.01803347093967927,0.0004865890127806931,3.754837641275887e-06,PVC,105m (6).mat
4.934324553889585e-18,0.9999999999842402,0.9999999999684804,3.072268687526859,10.869870015614946,0.9999999999842402,-1.5090302348906401,6.5866181032598075,8.095648338150447,0.5577363639062536,-0.8062857455986402,-0.4660000797075217,0.09185342135295838,0.4826051687268684,0.5578535010604802,0.025,0.9999999999684804,0.05678960450065756,14,84.0,0.6916666666666665,0.08197612744016071,0.4166666666666667,0.7611111111111111,0.11851970215177016,0.0794504335996787,0.16666666666666666,4.748106984954703,0.517623797421298,2.8125,0.9780360122651659,0.37976017565871056,0.39981848419608973,0.037990723236956736,3.3627033356569673,0.5757378788608596,0.26139489313854447,0.14064183704878858,0.021857881398382305,0.0003647501741843899,2.75937924036551e-06,PVC,105m (7).mat
-7.894919286223335e-18,0.9999999999842323,0.9999999999684646,2.9286571535806947,10.323368016946517,0.9999999999842323,-1.461579565170931,6.659594726123101,8.121174291294032,0.5732241633804965,-0.8311622207271743,-0.4926637875387144,0.10899096892364457,0.6042960446806322,0.601654756462359,0.025833333333333333,0.9999999999684646,0.05911052450447827,14,84.0,0.7025641025641025,0.10809178384648756,0.4527777777777778,0.9972222222222222,0.15385326875958896,0.19357278168869607,0.25,4.663210061987773,0.5678256670928763,4.21875,1.2190291957513528,0.41314430852536893,0.5393312283180907,0.05338370139951619,3.450058920198004,0.528617549439685,0.30323111620325155,0.150792768155397,0.01690681143366603,0.00044823655772345647,3.5182102766446828e-06,PVC,105m (8).mat
3.947459643111668e-18,0.9999999999852044,0.9999999999704088,2.943300302523497,10.411853833465603,0.9999999999852044,-1.7188614539411022,6.444967042584834,8.163828496525937,0.5689985962679448,-0.7871097070727187,-0.4256631990292853,0.11711462978391116,0.5169594385016812,0.5427778288131965,0.022222222222222223,0.9999999999704088,0.05540149561945517,14,84.0,0.7224358974358975,0.16268192949236526,0.39166666666666666,1.0,0.22518527919858097,0.28568378731991173,0.5,4.590848521756788,0.6815736245465196,2.8125,1.1142985032242654,0.4366342430874519,0.45241683113691994,0.03842200402558899,3.332890831572312,0.5534313850599533,0.28678865282821786,0.14435129402682897,0.015090210656063995,0.0003358600177125492,2.5974112229776447e-06,PVC,105m (9).mat
-4.934324553889585e-18,0.9999999999861173,0.9999999999722347,3.09564692565564,13.66286669725394,0.9999999999861173,-3.139481382581711,6.4525249820314725,9.592006364613184,0.6154030747493857,-0.6421236018727355,-0.4875808785666899,0.10261262504046073,1.1044734109705265,0.5901935036071506,0.01888888888888889,0.9999999999722347,0.06629002175165244,11,66.0,0.9155555555555555,0.15418643516899747,0.525,1.1972222222222222,0.16840751395695508,0.2811691127397313,0.5555555555555556,5.564522833522253,1.1527592429573064,2.8125,1.0367207753815035,0.34295102850660997,0.3738565998322205,0.1995654998990945,4.044197354506279,0.42593558680302956,0.19585800259555092,0.3014153409885472,0.07422386580699279,0.002546387634032207,2.0816171847205386e-05,PVC,106m (0).mat
-1.578983857244667e-17,0.9999999999880794,0.9999999999761588,2.2418128826905934,10.827351472362118,0.9999999999880794,-3.774177090149011,6.116447147168389,9.8906242373174,0.613060231440706,-0.6868568804334061,-0.45707930855581536,0.26788918837088477,0.8358856311110203,0.7249684969267001,0.021388888888888888,0.9999999999761588,0.07013283168871869,13,78.0,0.7710648148148148,0.2344315489622376,0.4777777777777778,1.1916666666666667,0.30403611233966693,0.4111034329067311,0.7272727272727273,4.689863008685007,1.581756306565028,2.8125,0.9213261333085576,0.3133904731320594,0.3362185166087451,0.17578295892398688,4.029604154990137,0.4308970921922898,0.3060992530055434,0.19385476974170107,0.06668585316914856,0.002442538197102909,2.049369421409788e-05,PVC,106m (1).mat
7.894919286223335e-18,0.9999999999864407,0.9999999999728815,2.4904154561061236,9.836637911633101,0.9999999999864407,-3.1587243996519856,5.87745031481739,9.036174714469375,0.6275319406525083,-0.6276279197338366,-0.48159212609104485,0.06769402023566647,1.2692445363295488,0.5492861463267114,0.01888888888888889,0.9999999999728815,0.06621337345984955,11,66.0,0.953888888888889,0.22685517760222768,0.5361111111111111,1.3138888888888889,0.23782138570525993,0.34711232828859795,0.6666666666666666,5.302765414082388,0.7446846164503745,2.8125,0.9064572935812101,0.32980683963269203,0.29551723620827325,0.17727944904346524,3.981073694573437,0.4211641230220274,0.30847911760774516,0.18248134397950236,0.08513636477601857,0.002716844700777718,2.220591392866116e-05,PVC,106m (10).mat
-1.1842378929335004e-17,0.9999999999780597,0.9999999999561194,1.1055758251210115,4.1149649840481715,0.9999999999780597,-3.238030345064848,5.517720125209604,8.755750470274453,0.6851539244670981,-0.8550388487317946,-0.5227477978501759,0.34422912649824533,1.1018210338184877,0.8669769243484212,0.020277777777777777,0.9999999999561194,0.057124906743748954,12,72.0,0.8022727272727272,0.21282800717168252,0.5111111111111111,1.1722222222222223,0.26528136838191646,0.35073445866328445,0.9,3.4422696453835964,1.2406014243610086,1.40625,0.8963127741137965,0.5223067679732609,0.22104056763068022,0.0516552590907714,3.2901084521560997,0.7392222007745375,0.14979836118982448,0.09200643469683274,0.01828470250639946,0.0006824042690998231,5.896563305795253e-06,PVC,106m (11).mat
1.1842378929335004e-17,0.9999999999889321,0.9999999999778643,0.9435860263461217,5.505081589082279,0.9999999999889321,-2.866695731407883,4.823762386480578,7.690458117888461,0.5973362674422142,-0.8175325485505948,-0.3249935808189337,0.26116644029071756,0.8298868581771359,0.5861600211096513,0.019166666666666665,0.9999999999778643,0.05010769303099183,11,66.0,0.8344444444444445,0.3465375471791452,0.4527777777777778,1.3833333333333333,0.4152913343375079,0.6031275653477501,0.8888888888888888,3.7102893380482853,1.4370211970222115,1.40625,0.818730331469075,0.4484158159219491,0.20669871532844672,0.07908938309349053,3.4842987437617987,0.7155225303548391,0.12614549085977564,0.13379451126962275,0.023063361026137402,0.001463096023425097,1.101046619972695e-05,PVC,106m (12).mat
-5.921189464667502e-18,0.9999999999762373,0.9999999999524747,1.4209817029265317,5.21337001034947,0.9999999999762373,-3.7392962979500806,5.234856969837994,8.974153267788074,0.6692263095073594,-0.7248006905055634,-0.5561914134604168,0.21745035216847242,1.3108298867702115,0.7736417656288892,0.018333333333333333,0.9999999999524747,0.05044751150417187,10,60.0,0.9675925925925924,0.2587693784450751,0.5333333333333333,1.325,0.26743629515009565,0.4581302159354766,0.875,3.8606141778181184,1.2241650698316908,1.40625,0.9342534287254287,0.5501852056268979,0.21667706612208054,0.05408778267799746,3.298937527678098,0.7065339817584412,0.17827068743529992,0.08986443312605867,0.02463647619985296,0.0006889119318221895,5.509548524866465e-06,PVC,106m (13).mat
-8.881784197001253e-18,0.9999999999869511,0.9999999999739023,2.283985461553305,9.633658218879022,0.9999999999869511,-3.4879969572774314,5.98157885133905,9.469575808616481,0.6272516705741225,-0.6848745312675387,-0.4869247742184704,0.1090681423504835,1.2413265118730723,0.5959929165689539,0.01888888888888889,0.9999999999739023,0.06311770431307773,10,60.0,0.9759259259259259,0.18095634529522944,0.5527777777777778,1.2305555555555556,0.1854201638696338,0.30952752973954784,0.625,5.270502912567315,0.9202951910627174,2.8125,0.9822549209118451,0.3729041259138554,0.32049417070630903,0.17170485224048038,3.936574822209847,0.4712917389943867,0.2571636939522609,0.19073593962622765,0.07843580591722615,0.0023533394199277747,1.948208997045091e-05,PVC,106m (14).mat
3.947459643111668e-18,0.9999999999894689,0.9999999999789377,1.4355735068936197,5.664927276531381,0.9999999999894689,-3.562827383147409,5.1719788351893765,8.734806218336786,0.6158053526338796,-0.6901595828039018,-0.4314304261190608,0.19916057333291415,0.960393780435627,0.6305909994519749,0.02722222222222222,0.9999999999789377,0.06033285499088248,12,72.0,0.8323232323232325,0.24860800101681066,0.4861111111111111,1.2222222222222223,0.29869165134822545,0.4371069663137388,0.9,3.840532905110715,1.3029225857163003,1.40625,0.8227870202212035,0.4077686427555425,0.23308398349410048,0.09949324716836233,3.6509391360027332,0.611375806575758,0.1884488203841973,0.15106759535581749,0.04763366548403076,0.0014615398905992775,1.2572309597097253e-05,PVC,106m (2).mat
-1.973729821555834e-18,0.9999999999864944,0.9999999999729887,3.1730159758902063,15.935575685006597,0.9999999999864944,-4.1495065044841315,6.360668280841039,10.51017478532517,0.5591409999956394,-0.6120254937966441,-0.4241204383878641,0.10832993522792472,0.7712610590487553,0.5324503736157888,0.02277777777777778,0.9999999999729887,0.06842605216564825,11,66.0,0.9097222222222223,0.17310370295088617,0.4888888888888889,1.2416666666666667,0.1902819328055497,0.29992282958071687,0.6666666666666666,5.768072113370551,1.0859298824136896,2.8125,0.9622242319204425,0.28741197548097824,0.3543444824659356,0.20328319715806736,4.105840565383715,0.3986682410796453,0.24931181812505948,0.25469966619971285,0.09433154928204382,0.002964313329921993,2.441198361639807e-05,PVC,106m (3).mat
7.894919286223335e-18,0.999999999986181,0.9999999999723621,2.458596115124666,10.309629957709483,0.999999999986181,-3.4243179890123407,6.362671105486113,9.786989094498454,0.6075779968182698,-0.7508256406569052,-0.44291461083352524,0.19286953261284054,0.9684361376680584,0.6357841434463658,0.021666666666666667,0.9999999999723621,0.07059633823636603,12,72.0,0.8494949494949495,0.2786773770904083,0.44722222222222224,1.6055555555555556,0.32805065754427354,0.4269309800522739,0.5,5.080622195523713,0.8562808670887511,2.8125,1.028582912194942,0.3632948794416342,0.35843015882427576,0.19073303904690278,3.990515566684821,0.4273920010214907,0.2334666355309081,0.23993496954596732,0.09641065694875178,0.0027723470999954673,2.3389852886293504e-05,PVC,106m (4).mat
1.973729821555834e-18,0.999999999979326,0.9999999999586521,1.4324830369487145,6.662156355855085,0.999999999979326,-3.4206262170002004,5.996427409691977,9.417053626692176,0.6276454809692135,-0.702725261429334,-0.4649956534564213,0.25213963815128815,0.9540831282108249,0.7171352916077094,0.01611111111111111,0.9999999999586521,0.0502863579669981,9,54.0,0.8847222222222222,0.3918513158121377,0.4388888888888889,1.7583333333333333,0.44290886509551775,0.5106720422583051,0.8571428571428571,4.166738486718725,1.170336119648096,1.40625,0.9656286011579003,0.6018384980595133,0.215126842751583,0.06021542979496973,3.2600622443600304,0.6964026148268468,0.19421084457349236,0.0781014564420432,0.030504949737809678,0.0007738901899297983,6.244229877945564e-06,PVC,106m (5).mat
6.41462192005646e-18,0.9999999999858049,0.9999999999716098,3.5512432625769317,16.219837997856068,0.9999999999858049,-1.7499731340722033,6.615233642052549,8.365206776124753,0.5645606627319736,-0.6774904166081688,-0.43255869312105216,0.09724297216174063,0.8251213717872735,0.5298016652827928,0.022222222222222223,0.9999999999716098,0.06695761352405181,10,60.0,0.9330246913580247,0.06187020747321395,0.8055555555555556,1.0,0.06631143632099376,0.0628692794319793,0.625,6.119510799609612,0.250945167191183,2.8125,1.0134549844976657,0.3039328835995543,0.36839422402606337,0.22001619932512928,4.095546722041579,0.40231211913128684,0.24425521212587753,0.2621454913928881,0.08833141022513423,0.002931602606595499,2.4164518217575457e-05,PVC,106m (6).mat
-1.1842378929335004e-17,0.999999999986873,0.999999999973746,1.9002079385863886,8.537784952664085,0.999999999986873,-3.0032597712418236,5.843817412797909,8.847077184039733,0.6197550535277563,-0.7460333648685088,-0.45755146115126616,0.2521318718460107,1.016846914908391,0.7096833329972769,0.02,0.999999999973746,0.06389661049533268,11,66.0,0.8822222222222222,0.388819835139015,0.4888888888888889,1.6944444444444444,0.4407277723280334,0.5986889826465716,0.8888888888888888,4.8362584184708926,0.8981334000055744,1.40625,1.0342622315661207,0.4499994274933366,0.32024762921022304,0.1523572683694774,3.804688416941241,0.5242466942682642,0.20093071345372718,0.22526543324049197,0.04734101811475097,0.0021975606032254773,1.8580319539907387e-05,PVC,106m (7).mat
-3.947459643111668e-18,0.9999999999796182,0.9999999999592365,1.90181448044532,4.470417416686924,0.9999999999796182,-2.2688866078665613,4.555167365392758,6.8240539732593195,0.6920053675948353,-0.7221778146728982,-0.5944653720333368,0.17377878922743958,1.435975819168938,0.7682441612607764,0.013333333333333334,0.9999999999592365,0.04439158278113249,9,54.0,1.1104166666666666,0.08144563342318423,0.9916666666666667,1.2861111111111112,0.0733469118347503,0.09322272357358038,0.5714285714285714,4.24002215383622,0.1911735531249663,2.8125,0.8410103450571265,0.47147403773695346,0.20551643159458524,0.05216925323947294,3.2983953369167462,0.7311866545460386,0.16247977542955455,0.08906113709750267,0.016753845464918954,0.0005145311038716854,4.056358113316977e-06,PVC,106m (8).mat
1.973729821555834e-18,0.9999999999874228,0.9999999999748457,1.3456851940604289,6.154444023786107,0.9999999999874228,-3.4775010536590556,5.147736827893094,8.625237881552149,0.6456231147901086,-0.6680734926210209,-0.42494096392358555,0.27103638683129716,1.018984823387023,0.6959773507548828,0.018055555555555554,0.9999999999748457,0.05850682564389215,10,60.0,0.865432098765432,0.32394735911866507,0.49166666666666664,1.2861111111111112,0.37431863135937327,0.5264520996934147,1.0,4.122311631970531,1.2959517664356908,1.40625,0.932152023017873,0.4589163432127283,0.2585053738449988,0.10722996351960044,3.6879008382797775,0.632851059645359,0.1577436456774502,0.1688865324006009,0.038889263785801084,0.0016155605855137458,1.393790527481804e-05,PVC,106m (9).mat
-3.947459643111668e-18,0.9999999999749464,0.9999999999498929,2.32285109442432,7.1052234189098655,0.9999999999749464,-2.662950547085924,4.834984639018406,7.49793518610433,0.5719268760390679,-0.7734447291415611,-0.4631537858458424,0.08424046396099233,0.8404232402599032,0.5473942498068347,0.021944444444444444,0.9999999999498929,0.054862756986461717,11,66.0,0.968888888888889,0.21111768995597144,0.425,1.1527777777777777,0.21789669812415968,0.2519590594261023,0.5555555555555556,4.246666026809367,0.3409619754183464,5.625,0.7904210436090767,0.2766158345269883,0.35443234993586914,0.04008736276225608,3.5935650996121593,0.48011862816156886,0.3961355726889918,0.10481635981887077,0.018215480014601694,0.000707903518655966,6.0557973107273915e-06,PVC,108m (0).mat
-3.947459643111668e-18,0.999999999972646,0.9999999999452921,0.29892827794419286,6.387835907416129,0.999999999972646,-6.627254848530247,4.242303548907916,10.869558397438162,0.6305755192865755,-0.8030104661615773,-0.4741903059244444,0.28073693526120347,1.0787502513996143,0.7549272411856478,0.03027777777777778,0.9999999999452921,0.06458648619873711,10,60.0,0.9481481481481482,0.18193443097503909,0.5972222222222222,1.35,0.19188396996660892,0.31669712329169425,0.5,3.2275572593324178,1.016272204397098,1.40625,1.0075860085435493,0.4332510505223567,0.3821626263760338,0.051102758968420044,3.5221158856441774,0.513106647738734,0.35614843272553653,0.10606026415623449,0.023510369122563324,0.0011604594127470754,1.3826844184267332e-05,PVC,108m (1).mat
-2.960594732333751e-18,0.9999999999765988,0.9999999999531978,1.4309866547256593,8.664179933028233,0.9999999999765988,-6.409749634843116,4.751985166920218,11.161734801763334,0.5643776451283411,-0.7425896066611947,-0.42321008421530404,0.0658616905357708,0.9255053200948301,0.48907177475107483,0.028333333333333332,0.9999999999531978,0.048176819065871304,9,54.0,1.0694444444444444,0.2659568098232456,0.6027777777777777,1.65,0.24868688687491203,0.4486323032981577,0.5714285714285714,3.8154107450312336,1.4036637844882327,1.40625,0.9005681446618026,0.45136491092504966,0.29441053084328483,0.026778002669955777,3.313126639017648,0.6366100528645907,0.2619072579127896,0.0867719139814725,0.014119493535122951,0.0005855355055427859,5.74620048126745e-06,PVC,108m (2).mat
5.921189464667502e-18,0.9999999999824165,0.9999999999648331,2.6606222485094984,20.161403105724446,0.9999999999824165,-6.99299551460288,6.549131403399012,13.542126918001891,0.459475656538683,-0.5087051933079557,-0.2929195941429347,-0.03609813612101378,0.44227185734917346,0.25682145802192097,0.014722222222222222,0.9999999999648331,0.046878172820526,9,54.0,1.1006944444444444,0.24819856366661924,0.5777777777777777,1.5611111111111111,0.2254927011704872,0.4490669829800694,0.5714285714285714,5.756882098440513,1.3116217448312693,2.8125,1.0174181212507085,0.43397825170939497,0.3488676170782711,0.09659939712828859,3.681657376732907,0.5557719008715541,0.25130419947361554,0.14424795120651113,0.0469270688690543,0.0017327257741100413,1.6153805154366288e-05,PVC,114m (0).mat
3.947459643111668e-18,0.9999999999827882,0.9999999999655764,2.537061662706096,20.307531575750012,0.9999999999827882,-7.256494764858878,6.478083608282865,13.734578373141742,0.47695965061792234,-0.5413767427968085,-0.3161422352137307,-0.026896260559359446,0.5441354664327342,0.28924597465437124,0.015555555555555555,0.9999999999655764,0.047016767684031055,9,54.0,1.0815972222222223,0.0695823283915012,0.9083333333333333,1.1416666666666666,0.0643329391917318,0.11684132806315843,0.42857142857142855,5.802666416963183,1.1551447257233733,2.8125,0.9438331046280339,0.3936446170117064,0.33475195715630307,0.08418350228046896,3.6768811326180235,0.4809360246865783,0.334330161090437,0.14706798324486542,0.036178799989758835,0.0014737079258889914,1.3323062471204575e-05,PVC,114m (1).mat
7.894919286223335e-18,0.9999999999852119,0.999999999970424,2.656809769616932,20.104594508514023,0.9999999999852119,-6.988746617813462,6.540050897949363,13.528797515762825,0.46170097502215734,-0.4922872152361774,-0.30793053298961653,-0.03506721306396498,0.4384485168023878,0.27286331992565155,0.017777777777777778,0.999999999970424,0.045904763764531585,9,54.0,1.1114583333333332,0.29844128730387254,0.5027777777777778,1.6916666666666667,0.26851324794184156,0.537127911486696,0.5714285714285714,5.606351811548679,1.495501846680272,2.8125,1.0131321160133018,0.4513215707560934,0.3491616661828084,0.07769458969231906,3.555151089850349,0.5457348557793992,0.28899345231944557,0.1432713755299836,0.02065805456070905,0.0013300194106414256,1.2242399820834666e-05,PVC,114m (10).mat
-7.894919286223335e-18,0.9999999999869041,0.9999999999738083,1.8373781961125337,10.907566208417196,0.9999999999869041,-5.559393354126469,6.130400997893283,11.689794352019753,0.533294719148537,-0.517660732226326,-0.36301590665925043,0.057609502770583895,0.6803328260167996,0.42062540942983434,0.014722222222222222,0.9999999999738083,0.040784879393805956,10,60.0,1.055246913580247,0.20764885270467706,0.6027777777777777,1.4694444444444446,0.19677750281532452,0.3681564327166067,0.75,4.836994744621043,1.1877661814915006,1.40625,0.8322682087291352,0.36961253977221864,0.28182857479741324,0.06821362255189978,3.647335495841247,0.6892655854493763,0.1840804436434903,0.0982489059703907,0.02744172248860581,0.0009543621600397147,8.980288096828024e-06,PVC,114m (11).mat
1.973729821555834e-18,0.9999999999849285,0.9999999999698571,1.380906244788934,15.981345128951578,0.9999999999849285,-6.608410202542037,5.76122114728225,12.369631349824287,0.4821311129704423,-0.47881254222968767,-0.32582317180022347,0.002472400892604389,0.6019636833849703,0.32829557269282783,0.015277777777777777,0.9999999999698571,0.0455516596833247,10,60.0,1.030246913580247,0.29224500112024915,0.5944444444444444,1.65,0.28366500979944054,0.47330553843796225,0.625,4.903826999707161,1.3725819916626534,1.40625,0.9050448197737603,0.4114759742445748,0.29824588719257034,0.07622742527858827,3.6509410597109615,0.5594216764762514,0.26004451691684816,0.1489584755329318,0.03029501702980094,0.0012682452628553246,1.2068781312082942e-05,PVC,114m (12).mat
6.908054375445418e-18,0.9999999999836662,0.9999999999673325,2.6516141109574343,20.066070248092796,0.9999999999836662,-6.8035644990954305,6.522651237469732,13.326215736565162,0.4620367676066927,-0.5262163608100461,-0.28674593644496,-0.026540840039147542,0.45316072493175474,0.26020509640581246,0.012777777777777779,0.9999999999673325,0.04467130678423304,9,54.0,1.1076388888888888,0.2890382559903203,0.5361111111111111,1.6861111111111111,0.2609498985895256,0.5199821086326528,0.5714285714285714,5.7205495636774675,1.4337326147451328,2.8125,0.9675408833482595,0.4201020586791655,0.33291532613736685,0.08785102459817899,3.656838344251431,0.5932569775408189,0.18137366007674546,0.2028875704201659,0.021021024184697146,0.0014474791837076149,1.3288593864774628e-05,PVC,114m (13).mat
-4.934324553889585e-18,0.999999999984657,0.9999999999693141,2.791018477390481,20.213001000493474,0.999999999984657,-6.724660279873072,6.5440980641082795,13.268758343981352,0.46538211672591323,-0.5322309552939142,-0.31549704188214045,-0.020477925843816764,0.4602055258762318,0.2950191160383237,0.016944444444444446,0.9999999999693141,0.04701395442862183,9,54.0,1.075,0.04892754153835702,1.0333333333333334,1.1916666666666667,0.045513992086365605,0.06295031774668947,0.2857142857142857,5.756297574326292,1.3948997718632692,2.8125,0.9292353722777249,0.4027790203832968,0.3219561147435973,0.08009756164468541,3.6125623666462436,0.5304542496413712,0.23859333158916224,0.20273346413143326,0.026796332022011177,0.001409491607426017,1.3131008595672692e-05,PVC,114m (14).mat
-3.947459643111668e-18,0.9999999999854949,0.9999999999709899,1.5901175981264086,15.183509173975356,0.9999999999854949,-6.092641744369503,5.93989093558704,12.032532679956542,0.4755458750676322,-0.5451224025623744,-0.3027325389027471,0.002508706303921091,0.45572759328659945,0.3052412452066682,0.01861111111111111,0.9999999999709899,0.043352903048056356,9,54.0,1.1052083333333333,0.355518763016077,0.575,1.5944444444444446,0.3216757890543121,0.6204126180039243,0.8571428571428571,4.817940302241862,1.6407504469788676,1.40625,0.9672116385529367,0.4898670130369162,0.2906960201017556,0.06663479172743383,3.514924181316387,0.5942695265190392,0.20997722185956247,0.16845729900681397,0.026145307220376612,0.0011403615067814101,1.0283887426110749e-05,PVC,114m (15).mat
-7.894919286223335e-18,0.999999999985894,0.9999999999717879,1.4413281028650706,17.39827378105531,0.999999999985894,-6.816062297022037,5.924342805784809,12.740405102806847,0.4757601316091287,-0.48388386082846785,-0.29073489817698633,-0.004714883392009903,0.5116683659338173,0.2860200147849764,0.015833333333333335,0.9999999999717879,0.0448414570617473,9,54.0,1.071875,0.3573831002756766,0.48055555555555557,1.6111111111111112,0.333418635514643,0.7071769271895162,0.7142857142857143,4.84595618531056,1.7892915972359655,1.40625,0.8615798495146927,0.44299263860079696,0.25583469572590545,0.06831107037698116,3.4744913677940006,0.5622009365263009,0.24126325216322825,0.1679549264615987,0.027221474303648463,0.0013470070829775102,1.2403462245912682e-05,PVC,114m (16).mat
-7.401486830834377e-18,0.9999999999839981,0.9999999999679963,2.8243093623442754,20.60242500499857,0.9999999999839981,-7.009698213154552,6.711198605742885,13.720896818897437,0.4474318327725684,-0.5218904327162414,-0.2610933867998624,-0.034532744865194503,0.3736160220929621,0.22656064193466788,0.015,0.9999999999679963,0.044573804390862774,9,54.0,1.1420138888888889,0.2551001282327837,0.6277777777777778,1.6416666666666666,0.22337743042477654,0.4606495107794049,0.5714285714285714,5.763501643321636,1.342723839318643,2.8125,0.961409653082689,0.418495146307358,0.33047379697225576,0.08216285475832112,3.6573761655737935,0.5920956450127891,0.25130560851628464,0.11676336411112569,0.038393601294380464,0.001428893116420872,1.2887948998997455e-05,PVC,114m (17).mat
1.3816108750890837e-17,0.999999999984438,0.999999999968876,2.7044223382165056,19.713175925415438,0.999999999984438,-6.7919808344216435,6.575921489366652,13.367902323788297,0.4588891617976749,-0.5426291154568698,-0.281044447432743,-0.028554899184114618,0.41356808164023373,0.25248954824862835,0.015,0.999999999968876,0.04454858083302313,9,54.0,1.0527777777777776,0.3092641106295019,0.48333333333333334,1.7138888888888888,0.29376010480439857,0.566871850496531,0.5714285714285714,5.683986137868532,1.459363578706247,2.8125,1.1256587680401375,0.47917863903072644,0.39170404756904054,0.10132994737027626,3.69626811321946,0.545625902626995,0.2488527497046168,0.17269990455550788,0.0313535847971729,0.0014543593518577024,1.3498963849400968e-05,PVC,114m (18).mat
0.0,0.9999999999854768,0.9999999999709537,2.65558290358928,19.342908417368136,0.9999999999854768,-6.68074602747463,6.376198352313443,13.056944379788073,0.4600916671847267,-0.5269244702886305,-0.2901163527473397,-0.036914532897023566,0.4554031535071544,0.25320181985031615,0.01611111111111111,0.9999999999709537,0.04381160104059861,9,54.0,1.095486111111111,0.18123237196098538,0.7638888888888888,1.4805555555555556,0.1654355723521976,0.33063891172560134,0.5714285714285714,5.606767055974066,1.457254701077414,2.8125,0.9475966372681546,0.4397579010412612,0.3128459369086891,0.07474976305572789,3.5381744161595523,0.5496034401091329,0.24896852243241424,0.1621568859325118,0.03792670387439033,0.0013320795612697604,1.2368090280729304e-05,PVC,114m (19).mat
1.1842378929335004e-17,0.9999999999842082,0.9999999999684165,2.4667480174608425,19.52159898279552,0.9999999999842082,-6.835495322524019,6.469563396004104,13.305058718528123,0.44848205303390537,-0.5299325314026999,-0.2678208517022106,-0.02014000398025881,0.3733066333722356,0.24768084772195179,0.018333333333333333,0.9999999999684165,0.044156851604941656,9,54.0,1.0621527777777777,0.25640309902537217,0.5722222222222222,1.5888888888888888,0.24139945227127865,0.4652804430153467,0.7142857142857143,5.6078833220797115,1.3416704118270986,2.8125,0.9434390035250643,0.44188548792342974,0.3029864085234941,0.08131955545316293,3.612508639276545,0.588774394663507,0.2002183701337664,0.1699129497516597,0.03954635320048727,0.001533556453295321,1.4375797283992887e-05,PVC,114m (2).mat
-9.86864910777917e-19,0.9999999999864879,0.9999999999729758,1.6148370491266746,19.02647596265221,0.9999999999864879,-7.7057728326723804,5.96132300146733,13.667095834139712,0.4716324916095794,-0.533078144418744,-0.26862069778356407,0.0024744185987374077,0.4370912191931897,0.2710951163823015,0.01361111111111111,0.9999999999729758,0.04419581673519861,10,60.0,1.0478395061728394,0.10158025891715661,0.775,1.1305555555555555,0.09694257395507908,0.11066751728811867,0.625,5.108735201754506,1.4472769744625407,2.8125,0.7858194646646722,0.3497246035699347,0.2732780056772572,0.06107523176447232,3.6083235847577373,0.6333820608806898,0.20753319079005678,0.13061579232261045,0.027339341314555704,0.001119291865355117,1.0322826731916748e-05,PVC,114m (20).mat
-1.1842378929335004e-17,0.999999999988294,0.9999999999765881,2.572065826613724,15.525878941348658,0.999999999988294,-6.275565635717836,5.872128710053192,12.14769434577103,0.46720046173113694,-0.6218697742119322,-0.31003277416825314,-0.012211505115980296,0.24114997238784333,0.29782126905227285,0.0225,0.9999999999765881,0.044975135218319744,10,60.0,1.0021604938271604,0.1384980784197254,0.7416666666666667,1.3138888888888889,0.13819949911676743,0.2351778943168525,0.375,5.092032960073696,1.35534634685875,2.8125,1.0176726552743989,0.4899747649421798,0.33776372410254324,0.05361083031796303,3.47464798263019,0.5727292883189613,0.29595631430311775,0.11554689901331788,0.015028129266512799,0.0007325705586107326,6.7985394792367524e-06,PVC,114m (21).mat
9.86864910777917e-18,0.999999999984374,0.9999999999687481,2.735820030381732,19.3351704839672,0.999999999984374,-6.6083390867730145,6.406796218754181,13.015135305527195,0.46039007498321755,-0.5342247514547315,-0.29414073395170487,-0.032551788916512184,0.4282724466318108,0.2615889450351927,0.01611111111111111,0.9999999999687481,0.04466827254654541,9,54.0,1.0809027777777778,0.23817900622143343,0.6166666666666667,1.5583333333333333,0.22035192331613063,0.4518358592884999,0.7142857142857143,5.713107914125997,1.3154546118684536,2.8125,1.1341943586196501,0.4760726487693402,0.4003045160136174,0.09462195434721284,3.6902981817843736,0.6069522077193629,0.23507232499498767,0.14053033265034104,0.015959220325370404,0.0014723145203475174,1.3599789590291821e-05,PVC,114m (22).mat
3.947459643111668e-18,0.9999999999866546,0.9999999999733092,1.29396931809612,17.03057272040283,0.9999999999866546,-6.969786785252855,5.937672437581561,12.907459222834415,0.4646090110393901,-0.5238681029750324,-0.300632283892992,0.019766519370443204,0.4214467226309608,0.32039880326343523,0.020555555555555556,0.9999999999733092,0.04643408869119902,10,60.0,1.0092592592592593,0.31646083845729145,0.4361111111111111,1.5611111111111111,0.31355752770204826,0.4842683325401678,0.5,4.660589332481354,1.8043872409850277,2.8125,0.9437652788871809,0.44114824231178956,0.31137862439564,0.07023299779500189,3.5352575285850727,0.5868501603368083,0.23175086661238342,0.14374786026727154,0.03641933637579022,0.0012206181985003853,1.1158209245746614e-05,PVC,114m (23).mat
1.0855514018557087e-17,0.9999999999868173,0.9999999999736348,2.7947136628196194,18.639926959704525,0.9999999999868173,-6.408933830459946,6.344022548922469,12.752956379382415,0.446952329270008,-0.5934515371517631,-0.2841713494506324,-0.014743052301580125,0.27295029205938826,0.26942829714905225,0.01888888888888889,0.9999999999736348,0.04280095747280381,9,54.0,1.0510416666666667,0.13713431661970352,0.8277777777777777,1.3611111111111112,0.13047467178360722,0.24237717120573288,0.42857142857142855,5.520619291107218,1.4689598119815912,1.40625,0.8976946977210197,0.43290293101572636,0.29543804676277335,0.05419067711682295,3.458658026677061,0.5965698540025459,0.21945276493892396,0.15588664339291639,0.027148679265883244,0.0009331458938458601,8.912505884456974e-06,PVC,114m (24).mat
1.3816108750890837e-17,0.9999999999860721,0.9999999999721443,3.020165656882228,17.46523252372733,0.9999999999860721,-5.916014282529914,6.31191462768666,12.227928910216573,0.45500414911661347,-0.5714219725024385,-0.3396136075337655,-0.015469911007550461,0.23919992855266686,0.32414369652621505,0.027777777777777776,0.9999999999721443,0.05116331682004357,10,60.0,1.0589506172839507,0.22026054599896372,0.6,1.525,0.2079988832301737,0.41303626757626655,0.625,5.4430848229008655,1.396596772276394,2.8125,1.1234398346611607,0.48057007896989823,0.3998113909936388,0.0829250516399768,3.6152377388527244,0.5827506525022768,0.23107259173533373,0.15770136800480494,0.02729475539779313,0.0011692320750566387,1.1400284734481214e-05,PVC,114m (25).mat
1.578983857244667e-17,0.9999999999877295,0.999999999975459,3.3125349199694143,17.302597240014375,0.9999999999877295,-4.9383846165427885,6.249935132806511,11.1883197493493,0.4591818904318411,-0.6769276646457899,-0.27921738527973206,0.00034581794480519014,0.26427890546501054,0.27956320322453726,0.0225,0.999999999975459,0.04403375624283353,9,54.0,1.03125,0.22221679680877102,0.6194444444444445,1.4944444444444445,0.21548295427227931,0.3587514479565689,0.7142857142857143,5.446933019705387,1.6053166720587149,1.40625,0.9617138418143705,0.4592658527607518,0.3264478932927666,0.04497950612404489,3.426389578040967,0.6614809284879601,0.21109612764131785,0.1117198230277741,0.015077558357078764,0.0006197038199938324,5.858665875202527e-06,PVC,114m (26).mat
-9.86864910777917e-19,0.999999999988248,0.9999999999764959,3.0238103870618316,16.648471188086877,0.999999999988248,-5.768553030939036,6.1558333079323875,11.924386338871424,0.45530121391014455,-0.6732273649729134,-0.3160501680306561,-0.010318123248890237,0.21358002892024805,0.30573204478176585,0.02,0.9999999999764959,0.04459517787973577,10,60.0,1.019753086419753,0.12590171638500705,0.7777777777777778,1.2944444444444445,0.12346294209667158,0.23961251835122738,0.5,5.305230983824679,1.431716888467261,2.8125,1.0042429104060138,0.4631797920652464,0.34706795405968427,0.05676668574202312,3.4983277504630905,0.5872788450968364,0.22560874773473746,0.1615893982418754,0.024804653914898687,0.0007117920410957816,6.562970556075658e-06,PVC,114m (27).mat
-3.947459643111668e-18,0.999999999984846,0.999999999969692,2.5754458113822567,18.30646324753368,0.999999999984846,-7.086043629656187,6.366008453373295,13.452052083029482,0.47761101748178963,-0.5347935819319386,-0.32292047941620705,-0.03318264021630453,0.46088096363437636,0.28973783919990254,0.0175,0.999999999969692,0.050909999311891004,10,60.0,1.0564814814814814,0.2613802133142608,0.4777777777777778,1.5694444444444444,0.247406336645226,0.4829390553401531,0.875,5.397286956557209,1.3828476117570072,2.8125,0.9588015958820882,0.4125497703537454,0.33259413807960553,0.08150637363146242,3.6401390646909113,0.5237791827384157,0.2384324312164146,0.20577782244209086,0.030441658291796275,0.001554321224311098,1.4584086971319818e-05,PVC,114m (3).mat
-1.1842378929335004e-17,0.9999999999846245,0.9999999999692492,1.1156855067298757,16.524204622643627,0.9999999999846245,-6.795565082084391,6.165519961588179,12.961085043672568,0.4846428598066384,-0.46098316749978313,-0.2931320157501808,0.0045734676583634075,0.5093142192303591,0.2977054834085442,0.01611111111111111,0.9999999999692492,0.04623768994411862,9,54.0,1.0871527777777779,0.27808641707687615,0.5805555555555556,1.5444444444444445,0.25579331857065424,0.49930286497277143,0.7142857142857143,4.808037049276912,1.4703440937143197,1.40625,1.0017392906135747,0.4683171896348317,0.32391004989786526,0.07988482320417177,3.6164716789763696,0.5577810293146784,0.27680242471731037,0.13479446670821782,0.029413898493512954,0.001197159516343508,1.1021249936692616e-05,PVC,114m (4).mat
-7.894919286223335e-18,0.999999999983683,0.9999999999673661,2.81419553624506,19.97433180637856,0.999999999983683,-6.804978214586367,6.480434479827159,13.285412694413527,0.4667747264826273,-0.5436995218431125,-0.285144737369919,-0.04586580491072891,0.49335571626496055,0.2392789324591901,0.015,0.9999999999673661,0.04511103338225635,9,54.0,1.1083333333333334,0.07043734629503313,1.0138888888888888,1.2638888888888888,0.06355249284043366,0.0672264855003866,0.5714285714285714,5.773932969725173,1.2481242771695003,2.8125,0.9808159033285883,0.41690708969479745,0.3495593827263703,0.0773252304160388,3.6140872653615563,0.5364655261107327,0.25532118383485586,0.18022419069181622,0.02669243748266398,0.0012846528084086122,1.2009071522190556e-05,PVC,114m (5).mat
-7.894919286223335e-18,0.9999999999835305,0.999999999967061,2.5967272360716476,21.088803167332635,0.9999999999835305,-7.200798106531886,6.516012799770599,13.716810906302484,0.4606421333464212,-0.4697297931006715,-0.27655067130602573,-0.06820499553516648,0.48796497990089194,0.20834567577085925,0.013888888888888888,0.999999999967061,0.046287798640362025,9,54.0,1.078125,0.04169992885315302,1.0194444444444444,1.1388888888888888,0.038678194842411424,0.06559152900526617,0.42857142857142855,5.768683922178091,1.2844004654840435,2.8125,1.13135242426155,0.4538813679457657,0.4189045970303186,0.09754990523770529,3.686728481952639,0.5261857244140458,0.2561498355962383,0.18669241310856882,0.029592232220059425,0.0013670048577275825,1.2789803359932296e-05,PVC,114m (6).mat
1.6776703483224588e-17,0.9999999999849609,0.999999999969922,2.7249532003272177,20.70129071309763,0.9999999999849609,-7.1186606202368505,6.636958972431757,13.755619592668609,0.4467839048072688,-0.5628720648430943,-0.2440215522537489,-0.03159405778241429,0.35461904878357337,0.21242749447133463,0.014444444444444444,0.999999999969922,0.044510645522130805,9,54.0,1.0618055555555554,0.2890549402581702,0.5083333333333333,1.6583333333333334,0.2722296360887864,0.5241742056641073,0.5714285714285714,5.742944705120153,1.5130421652749153,2.8125,1.1624259934657857,0.4673657388006076,0.42007827464772285,0.1125674670391916,3.7384686098060294,0.5909364810801249,0.21823050306396433,0.13494196789380647,0.0543050258781557,0.001571560071336717,1.4462012611439084e-05,PVC,114m (7).mat
7.894919286223335e-18,0.9999999999850389,0.9999999999700778,0.9772943722619801,16.32796377464667,0.9999999999850389,-6.939144617034862,5.835692186988167,12.774836804023028,0.4664700181725617,-0.4727449958080292,-0.26121859566031347,-0.00737012111793711,0.46381721182936014,0.25384847454237636,0.019166666666666665,0.9999999999700778,0.04524183673762899,8,48.0,1.1773809523809524,0.5473529949524314,0.5,2.2194444444444446,0.46489030876596005,0.8785663651794846,0.8333333333333334,4.555341697777891,1.6930929646398143,1.40625,1.0053752907882196,0.5007679785764915,0.30716448612851666,0.07212729601099971,3.5170908857861107,0.574951785651041,0.2732414126151244,0.11515431593671491,0.03552616615790926,0.001116077454388688,1.024218482157868e-05,PVC,114m (8).mat
1.3816108750890837e-17,0.9999999999837403,0.9999999999674808,2.1990344930540147,16.221583468534956,0.9999999999837403,-6.704845265638141,6.217367708837003,12.922212974475144,0.5211429455383926,-0.5543989460884199,-0.4207472881479781,0.04654761326412127,0.6230647538810485,0.4672949014120994,0.015277777777777777,0.9999999999674808,0.04231251872101611,8,48.0,1.0821428571428573,0.1970844429471831,0.7222222222222222,1.45,0.18212423753866822,0.3527431449900176,0.6666666666666666,5.525219602630266,1.3500765586951144,2.8125,1.0544527951471923,0.4481652343137187,0.36708994541841944,0.09201389900710383,3.704605787808881,0.6367879441726987,0.2252640104814894,0.1192197175197197,0.017547834482083847,0.0011700696283102774,1.0423715697780105e-05,PVC,114m (9).mat
-1.282924384011292e-17,0.9999999999930637,0.9999999999861273,2.8645829945098114,9.991085725760307,0.9999999999930637,-1.9157703000176844,5.399799218034425,7.31556951805211,0.5802103309931396,-0.5066571579455411,-0.37601006977787305,0.058788204903296414,0.6671305649641924,0.43479827468116944,0.019166666666666665,0.9999999999861273,0.06007834625427497,14,84.0,0.7497863247863248,0.13777097764814014,0.48333333333333334,1.0666666666666667,0.1837469861879054,0.22298768627539203,0.3333333333333333,4.70823247856933,0.34482143085822864,4.21875,0.7715517455092311,0.26279095237086775,0.286750050214291,0.09504052287880274,3.857273251484948,0.5390889161640651,0.23179171816248445,0.1888246441348873,0.03889135537595118,0.0013910986199427336,1.2267542669038884e-05,PVC,116m (0).mat
5.921189464667502e-18,0.999999999991581,0.9999999999831619,3.428237060447442,14.256662319352618,0.999999999991581,-1.940803220647282,5.913920254043295,7.8547234746905765,0.5859729745952583,-0.5482181363385827,-0.4327414875613724,0.0734497362111156,0.7569918078241775,0.5061912237724879,0.019444444444444445,0.9999999999831619,0.06559780884952332,12,72.0,0.8613636363636363,0.21976052720499328,0.7805555555555556,1.5555555555555556,0.25513095477028874,0.23387998135584917,0.1,5.464855162246209,0.6996196464715202,4.21875,0.9452979352861502,0.27041094794876663,0.37669967064913384,0.13871132503548786,3.931635798562002,0.3966922867200956,0.32085503702304985,0.22895906407771327,0.050452960615763265,0.0030198565870586465,2.0794976319121615e-05,PVC,116m (1).mat
-1.0855514018557087e-17,0.9999999999912442,0.9999999999824885,3.6754750086681063,15.494866339260188,0.9999999999912442,-2.3302688392485433,6.0627409734897,8.393009812738244,0.5320733570380152,-0.5024349483350198,-0.39905666759945063,-0.030344285506093624,0.6000956072542186,0.368712382093357,0.021111111111111112,0.9999999999824885,0.06655159838181353,13,78.0,0.7599537037037037,0.12028910183911927,0.4722222222222222,1.0583333333333333,0.15828477589436643,0.21726316491362,0.2727272727272727,5.533713403644244,0.33787403054873233,4.21875,1.0578445550185547,0.3176082031275353,0.4086565452109885,0.16910042859183097,3.95694653237716,0.4404099470670939,0.3186306189436364,0.1840410937988404,0.05436214346621257,0.002534568356337752,2.1628367878596245e-05,PVC,116m (2).mat
-4.934324553889585e-18,0.9999999999916945,0.9999999999833891,3.7427911149781776,15.870728718817539,0.9999999999916945,-2.0543990757329005,6.277931117961031,8.332330193693931,0.5254027818526856,-0.48512875657108767,-0.3767912671894064,-0.052743552189207774,0.5760032754813015,0.32404771500019863,0.020555555555555556,0.9999999999833891,0.06399273410099705,13,78.0,0.769212962962963,0.11433662179280268,0.4888888888888889,1.0472222222222223,0.14864104890243102,0.20730554557365136,0.2727272727272727,5.500443809695472,0.2695734592722778,4.21875,0.9429842682272839,0.2802258043780218,0.36359580697049143,0.1461640920694558,3.9607433602499977,0.4724947546754609,0.2368604304152434,0.21023206846661902,0.07817841367722693,0.002215318120100899,1.9014645348529286e-05,PVC,116m (3).mat
1.0855514018557087e-17,0.9999999999926292,0.9999999999852586,3.211306268955048,12.423215985300791,0.9999999999926292,-2.0386019945776503,5.548750333752532,7.587352328330183,0.5563862651781564,-0.5387277515717851,-0.3900535414065558,-0.0009167499957089962,0.6778439544742978,0.3891367914108468,0.01972222222222222,0.9999999999852586,0.05924088054090927,13,78.0,0.7585648148148149,0.140826568310989,0.5,1.0222222222222221,0.18564869523999697,0.2563626364094451,0.5454545454545454,4.85899402755298,0.47132189251513884,2.8125,0.9901123314522102,0.3899449967749703,0.3405599321786996,0.10875352163467214,3.7478150651994664,0.5302539521498567,0.2478458856833927,0.18178208995148007,0.038478477399984015,0.001625228873532336,1.4365941753992378e-05,PVC,116m (4).mat
-1.0855514018557087e-17,0.999999999991447,0.999999999982894,3.551129396427076,15.353557433874467,0.999999999991447,-1.8477155326336918,6.937600302139025,8.785315834772717,0.5312932543909687,-0.5817266610342712,-0.3707145635802073,-0.006248300705343394,0.5801107931412411,0.36446626287486394,0.01972222222222222,0.999999999982894,0.0659830105185033,11,66.0,0.8761111111111111,0.270351280401656,0.5055555555555555,1.4694444444444446,0.30858104259196895,0.39236432042826014,0.6666666666666666,5.112459158186268,0.7666442917962655,2.8125,0.9837172117348372,0.3635376004011761,0.3312157502132689,0.14200971998455808,3.8841577810658623,0.5043366633138803,0.24424932724045112,0.208919977287042,0.039938830350085844,0.002533081097400275,2.2120711140196557e-05,PVC,116m (5).mat
-3.947459643111668e-18,0.9999999999929512,0.9999999999859025,2.8378752925597683,10.040113426033273,0.9999999999929512,-2.028569825846661,5.695871006606939,7.724440832453601,0.5772924979043399,-0.5346450887264139,-0.4135258075721977,0.02820702655947151,0.7325976188899823,0.4417328341316692,0.016944444444444446,0.9999999999859025,0.05451326817026847,13,78.0,0.7729166666666667,0.1901751040910702,0.49166666666666664,1.0638888888888889,0.24604865187496047,0.3329237803861071,0.7272727272727273,4.671076259166168,0.3857613572829589,2.8125,0.8449311503597516,0.3715303919497561,0.26327489857042546,0.0841152399604501,3.6420178220774204,0.6286706245079274,0.18918762353802296,0.14744548752539108,0.03334487269787471,0.0013397915439759855,1.1600186807553305e-05,PVC,116m (6).mat
8.881784197001253e-18,0.9999999999831939,0.9999999999663878,3.4962002008655038,20.379369367852934,0.9999999999831939,-3.4704084479848065,7.141597371882887,10.612005819867694,0.5086342497737941,-0.4987951271764551,-0.3502311280290981,0.07291718575067321,0.709983149175601,0.42314831377977136,0.029166666666666667,0.9999999999663878,0.06945385989271208,8,48.0,1.1500000000000001,0.08840393504772509,1.0027777777777778,1.2722222222222221,0.07687298693117572,0.10236403207049041,0.6666666666666666,6.813257585243461,0.21659083813380725,2.8125,1.0035498418656807,0.24289452740796796,0.3761433877330944,0.24207647287282216,4.165229647316892,0.3212428376696354,0.2417637477859181,0.35306668246658796,0.0804239559078184,0.0034742729073240237,2.8503262715744543e-05,PVC,123m (0).mat
3.947459643111668e-18,0.9999999999842918,0.9999999999685836,3.4830469144215996,19.629557459339352,0.9999999999842918,-3.4106084244311345,6.918630477021588,10.329238901452722,0.5041303301362497,-0.5015044298272169,-0.3366984473130725,0.05642199058568252,0.7028218060538333,0.39312043789875506,0.02666666666666667,0.9999999999685836,0.07367032676966728,9,54.0,1.1052083333333333,0.13052923419655182,0.8527777777777777,1.3055555555555556,0.1181037367722056,0.14733822922747214,0.8571428571428571,6.632800250243648,0.21628568583400284,2.8125,1.0289476041168686,0.21802274781362244,0.38535110650260124,0.2738884557791263,4.236847791721776,0.33337056869371684,0.26854884932540574,0.2722806020599152,0.12168018218892014,0.004086239508398275,3.355822364352365e-05,PVC,123m (1).mat
-3.947459643111668e-18,0.9999999999686202,0.9999999999372405,3.3470106209666355,16.12578454376691,0.9999999999686202,-3.78469038088425,6.911799261007742,10.696489641891992,0.5430765404586042,-0.6186067296286326,-0.3685817966069408,0.023688160582069254,0.6268091065071083,0.39226995718901003,0.01361111111111111,0.9999999999372405,0.048684388040919624,7,42.0,1.3527777777777776,0.3838697267018973,0.7888888888888889,1.8916666666666666,0.283764068810119,0.3418676012583285,1.0,5.844810353788918,1.6528585039876078,2.8125,0.9645131441217201,0.41135248923166323,0.3158371326296091,0.07848511903799317,3.5434885984077553,0.5389888072030459,0.2963970303967728,0.13160064847446662,0.032112780473761295,0.0008934702458314636,7.263206121724946e-06,PVC,201m (0).mat
-2.960594732333751e-18,0.9999999999690855,0.999999999938171,3.7585090627076854,20.49537560852754,0.9999999999690855,-4.209263638774256,7.230286978049869,11.439550616824125,0.49396950764954,-0.48278560503119233,-0.3341527250406685,-0.02179825837358603,0.5636539231787654,0.3123544666670825,0.014166666666666666,0.999999999938171,0.04736508253945217,8,48.0,1.2218253968253967,0.40971564044062064,0.6638888888888889,1.9361111111111111,0.3353307609825692,0.3970360221449163,0.8333333333333334,5.976285248450399,1.7615727368636092,2.8125,1.0056374657259144,0.3843691053854996,0.3694348790954133,0.0867418403752921,3.647352430185142,0.4800262422065472,0.33743903484366405,0.14574270204956252,0.035850485628750046,0.0009338405128120193,7.694758663740848e-06,PVC,201m (1).mat
-1.2335811384723961e-17,0.9999999999672928,0.9999999999345857,3.993451681846646,21.91701036362328,0.9999999999672928,-3.6568966058275816,7.590332020177507,11.24722862600509,0.504448418720072,-0.49050270717264893,-0.37947736004422267,-0.03436376067720201,0.6251189080695737,0.3451135993670207,0.01361111111111111,0.9999999999345857,0.04861780059960231,7,42.0,1.3657407407407407,0.41999187561545803,1.1416666666666666,2.3027777777777776,0.30751947480174485,0.697205621758994,0.4,6.852342684074914,0.4207057636106442,4.21875,0.9163971809234317,0.3214529479139053,0.33979969740053373,0.10192566186141315,3.7316837500324427,0.557337125582722,0.2148463290642269,0.18478964461715236,0.04175020050428159,0.0012664808284659412,1.0219403150871773e-05,PVC,201m (2).mat
1.4309541206279795e-17,0.9999999999684828,0.9999999999369655,3.372086372582874,16.341805448018526,0.9999999999684828,-3.8942388873898337,6.6178558207358416,10.512094708125675,0.54947386910364,-0.5208349242433276,-0.39360603040842723,-0.0033733056547611733,0.8203397857200263,0.39023272475366605,0.015277777777777777,0.9999999999369655,0.050088788065720515,8,48.0,1.1519841269841269,0.13884693243827273,0.9111111111111111,1.3194444444444444,0.12052851169160021,0.10352580640880124,0.8333333333333334,5.737596251702543,1.5484597982212478,2.8125,0.9968320118419937,0.39193349388162513,0.34924105914717574,0.09422294591498671,3.693938646737697,0.5503858411863884,0.2580778253562791,0.15366984740113201,0.036856918138224795,0.0010013178668270097,8.25005114852277e-06,PVC,201m (3).mat
1.1842378929335004e-17,0.9999999999668236,0.9999999999336474,3.974854764856937,23.228749750742324,0.9999999999668236,-3.469713405775859,7.817902174405312,11.287615580181171,0.5375130143421646,-0.6215463522562688,-0.3848665797526563,0.09945846379392272,0.8083430241173114,0.484325043546579,0.013055555555555556,0.9999999999336474,0.04778422237282525,7,42.0,1.2898148148148147,0.05554783897026164,1.2194444444444446,1.375,0.04306652264276434,0.08899299459182027,0.6,6.981243348849439,0.48388981510515483,4.21875,0.9124175331558144,0.24983478409165388,0.391990944716638,0.10816342396591831,3.811040199580276,0.524703977877272,0.2609713063204241,0.18212870892578412,0.031015629401159893,0.0011709777607272623,9.39971463229364e-06,PVC,201m (4).mat
5.921189464667502e-18,0.9999999999661988,0.9999999999323977,4.1213597368652755,21.293254084552736,0.9999999999661988,-1.2123745669126644,7.586944203089496,8.799318770002161,0.5321731569743033,-0.6487252155039025,-0.38846528219195064,-0.01498470630283941,0.6864034594717101,0.3734805758891112,0.0125,0.9999999999323977,0.04893945826418178,7,42.0,1.4398148148148149,0.28469474423264296,1.2138888888888888,1.85,0.19773011161267257,0.4725733988323408,0.6,6.848151232562719,0.4448650335744598,4.21875,0.8711099606611659,0.25941816651559724,0.3554978617886626,0.09790502952889733,3.7650776579891407,0.5518254908398242,0.2599160731793787,0.14839193881835017,0.038916042211427644,0.0009431684181209076,7.286532898074494e-06,PVC,201m (5).mat
1.1842378929335004e-17,0.9999999999791621,0.9999999999583243,2.9548247337832136,12.548206150754835,0.9999999999791621,-2.48873845911634,6.054719809562222,8.543458268678563,0.5699011870021435,-0.6331033726729196,-0.4385924056691546,0.12648410149677275,0.7550232924912097,0.5650765071659274,0.01888888888888889,0.9999999999583243,0.054060293629197634,10,60.0,1.00679012345679,0.2703453537104425,0.8583333333333333,1.7666666666666666,0.26852205553397374,0.30525237484035894,0.25,5.366928649959599,0.649082157297849,4.21875,0.8334775809426604,0.3160841750541773,0.31716821273992324,0.05277305129754828,3.5305468571403593,0.594634481985321,0.29597692732610137,0.08110616075142989,0.027493545857607035,0.000783624365851267,5.259713689277182e-06,PVC,202m (0).mat
-1.4802973661668754e-17,0.999999999977448,0.9999999999548962,3.6111651968851253,16.81533036324114,0.999999999977448,-2.6472178090444607,6.565961318258171,9.213179127302631,0.5563221779200015,-0.4984349128850995,-0.4153226743050614,0.0020140618983850865,0.8604898210708057,0.4173367362034465,0.01361111111111111,0.9999999999548962,0.042468862764993474,7,42.0,1.1583333333333334,0.03808697000222797,1.1,1.2055555555555555,0.03288083738360903,0.043247778791174536,0.2,6.2549123817778165,0.18864800342278623,2.8125,0.9275178096795622,0.4314885366456578,0.3061303670156365,0.0466792123027941,3.3889917999341885,0.6788167154445542,0.2400448358586186,0.0672318618657926,0.01349334060583536,0.000409972857562019,3.273367636969016e-06,PVC,202m (1).mat
-3.947459643111668e-18,0.9999999999791968,0.9999999999583936,3.408326835967794,14.306726991938778,0.9999999999791968,-2.040136481373386,6.304088710303104,8.34422519167649,0.5746593067712843,-0.6338112506243964,-0.44844964711093976,0.07829330388005865,0.7493420522101835,0.5267429509909984,0.0175,0.9999999999583936,0.052246112879232885,9,54.0,1.03125,0.27743989867454755,0.8972222222222223,1.7638888888888888,0.26903262875686296,0.45329846387837813,0.2857142857142857,5.774807138596994,0.3299142597116753,4.21875,0.9375217939090781,0.3738666773289561,0.3432629855267088,0.06321939530388532,3.5589243691048407,0.5846240144829175,0.24696932512671962,0.1430838868053147,0.024520942733144205,0.000795319937893684,6.5109140100092365e-06,PVC,202m (2).mat
1.1842378929335004e-17,0.9999999999780902,0.9999999999561805,3.2123028815453,12.574969956905537,0.9999999999780902,-1.6043552524202307,6.100640873049953,7.704996125470183,0.6017502360701544,-0.6696104919770302,-0.4777256607268265,0.1051425778982518,0.8441490598974224,0.5828682386250783,0.017777777777777778,0.9999999999561805,0.05296271358126328,9,54.0,1.0576388888888888,0.28293050748885534,0.9388888888888889,1.8055555555555556,0.26751144477920896,0.4626849694472266,0.2857142857142857,5.596854417015903,0.34661146189517883,4.21875,0.9222731850830379,0.3749627431034443,0.3357887755972126,0.05877677804559742,3.528886684332559,0.617597128670371,0.21497591703596317,0.14472732749826847,0.022026875688588174,0.0006676845480495577,5.066558759378819e-06,PVC,202m (3).mat
9.86864910777917e-18,0.9999999999792695,0.9999999999585389,3.3243054940458685,12.879806216271055,0.9999999999792695,-1.3442049105015572,5.914375170039524,7.258580080541082,0.5986189321881294,-0.6284352088755631,-0.47390693973694276,0.08783725644822217,0.8444363421381906,0.5617441961851649,0.01861111111111111,0.9999999999585389,0.05673173506510067,10,60.0,1.0367283950617285,0.30093811308021934,0.875,1.8833333333333333,0.2902767149268871,0.4806237909166188,0.375,5.542168208457675,0.22643366822552471,4.21875,0.9516879179975368,0.3518688569449656,0.3663572461071464,0.0660388559931491,3.579995285667727,0.5676646814113682,0.2616035299281618,0.1525263235550821,0.01747392071212891,0.0007255446877908163,5.999705467887271e-06,PVC,202m (4).mat
9.86864910777917e-18,0.9999999999793832,0.9999999999587663,3.3426084458926044,13.28455625486012,0.9999999999793832,-2.225368029718998,5.948563888740774,8.173931918459772,0.5884255966220425,-0.5978452652023348,-0.4563781833715042,0.03593757423624177,0.8404185654951475,0.492315757607746,0.016666666666666666,0.9999999999587663,0.053717147955281645,10,60.0,1.000617283950617,0.3080948854925981,0.8583333333333333,1.8694444444444445,0.3079048204806929,0.47379639581929917,0.375,5.577472579150713,0.2501972238605595,4.21875,0.95592462563013,0.357993856395442,0.36522437893260773,0.06839453916146575,3.607758782950105,0.5224430765689795,0.33342542368515465,0.12436479361906591,0.018970916358403842,0.0007892917952235834,6.497973172367564e-06,PVC,202m (5).mat
-6.908054375445418e-18,0.9999999999843202,0.9999999999686404,1.889139630552151,11.715113308174358,0.9999999999843202,-4.020580307723449,6.423297523752769,10.443877831476218,0.5428629608611555,-0.5508047266869381,-0.3357603672967101,0.13379634893255554,0.8073194185617732,0.46955671622926565,0.02722222222222222,0.9999999999686404,0.0744303077828301,15,90.0,0.6420634920634922,0.02046249695929164,0.5972222222222222,0.6694444444444444,0.03186989632701037,0.032921241883341806,0.15384615384615385,4.2903557331630156,0.6134430675323048,2.8125,0.9647687953820469,0.38573872768441075,0.2288410522706663,0.22159521925563086,4.058017000698438,0.5274042988030896,0.16306144847924536,0.2080823405736559,0.09746012099690625,0.003957192574964258,3.4598572138480855e-05,PVC,209m (0).mat
3.947459643111668e-18,0.9999999999921283,0.9999999999842566,1.6479827166118721,4.536903114427573,0.9999999999921283,-2.128313065562366,4.58232467824549,6.710637743807856,0.6807457654524175,-0.9972767527038277,-0.5653222450972992,0.37055358203588296,0.850125765252686,0.9358758271331822,0.028055555555555556,0.9999999999842566,0.07065556983514683,17,102.0,0.5663194444444444,0.036679225016888056,0.4777777777777778,0.6416666666666667,0.06476773014230935,0.0658593088308007,0.4,3.7564681002545153,0.2812572889676596,2.8125,1.0513443382532752,0.44027094237309383,0.3211769736036191,0.1103641856477687,3.6117506992396,0.5537782070157155,0.2406936543130278,0.16554784028050173,0.0392535740771133,0.0007217528353670414,4.971478274340934e-06,PVC,213m (0).mat
5.921189464667502e-18,0.9999999999924155,0.999999999984831,1.6111529908448707,4.229965812676806,0.9999999999924155,-2.3999566888057084,4.360610916445768,6.760567605251476,0.6765824017490131,-0.9634978504600588,-0.5398065815881122,0.31548310514354927,0.9754857022752699,0.8552896867316615,0.0275,0.999999999984831,0.07101358440093371,18,108.0,0.5686274509803921,0.030529767874530656,0.5055555555555555,0.6277777777777778,0.053690281340098595,0.056711073286734165,0.25,3.6822085634364257,0.28763865437613134,2.8125,0.9405935515161591,0.3891965315937619,0.2924827531368887,0.1070099118562534,3.7052570152608406,0.5483968733489241,0.24080121696193782,0.16954442095261807,0.04047455401298183,0.0007774808840937355,5.453839444293128e-06,PVC,213m (1).mat
-1.8750433304780422e-17,0.9999999999921537,0.9999999999843074,1.5023622814696698,3.828272967892146,0.9999999999921537,-2.441686859782646,4.233832903624031,6.675519763406678,0.6949800105087396,-0.9673747399828718,-0.5738719079343299,0.37283396351077075,0.9803437289685045,0.9467058714451007,0.028333333333333332,0.9999999999843074,0.07184778048550754,18,108.0,0.5696078431372549,0.020511580505999924,0.5277777777777778,0.6138888888888889,0.036010003578984026,0.033122888938088395,0.125,3.575760641454307,0.25480840235996366,2.8125,0.936356738969925,0.40570034927995824,0.28347233089127327,0.09711782008789618,3.6391459942935174,0.5859943642544819,0.23585052544572982,0.14777407124447275,0.02965849627577243,0.0007173260541692329,5.216725373518229e-06,PVC,213m (2).mat
-1.1842378929335004e-17,0.9999999999927884,0.999999999985577,1.7165143510047651,4.527427623113744,0.9999999999927884,-2.1137045305957467,4.396798835960359,6.510503366556106,0.6629301397431853,-0.8952600359775646,-0.5582808066591175,0.30585277774983916,0.8664477332322318,0.8641335844089566,0.025555555555555557,0.999999999985577,0.06683583128897651,18,108.0,0.565359477124183,0.04354812744135124,0.48333333333333334,0.6611111111111111,0.0770273235461452,0.0725320544294251,0.3125,3.60211200963573,0.3352287417595096,2.8125,1.0069326167934727,0.47875797713671786,0.2776652278219834,0.08531065365728707,3.466648888409558,0.6008984290952778,0.2454699890811936,0.12244238048608826,0.030510365578972982,0.0006738311867468522,5.00457172016899e-06,PVC,213m (3).mat
8.388351741612294e-18,0.9999999999834865,0.9999999999669731,1.0557937867467648,4.574019077015173,0.9999999999834865,-4.028468550332931,6.36876716469107,10.397235715024001,0.684582253897435,-0.8797528192894251,-0.44307751878003376,0.38608223401332464,1.089596984224544,0.8291597527933584,0.03027777777777778,0.9999999999669731,0.09656407312398493,17,102.0,0.5652777777777778,0.12264368620288651,0.4527777777777778,1.0083333333333333,0.2169618032183435,0.19370361518304047,0.4666666666666667,3.5031166188413065,0.8273515059194524,5.625,0.8822888524955008,0.25200879516474706,0.30657237505881646,0.18072521089004018,4.103459355264824,0.5073791818638762,0.20688872406035472,0.20663096356019434,0.07642765427023078,0.002650053427601016,2.342281774261752e-05,PVC,215m (0).mat
3.947459643111668e-18,0.9999999999833282,0.9999999999666566,0.6282183727090525,7.56785157924179,0.9999999999833282,-5.7915550732338135,7.114752089169447,12.90630716240326,0.6404805515100475,-0.6579431242266769,-0.35829889958261285,0.3456712522231367,1.0937043486803868,0.7039701518057495,0.030555555555555555,0.9999999999666566,0.08752125101599678,2,12.0,0.42777777777777776,0.0,0.42777777777777776,0.42777777777777776,0.0,0.0,0.0,3.4369822486211166,3.6777698405483306,5.625,0.8763802243268002,0.2433239793251179,0.3232966915908625,0.16446268371659575,4.044541946792167,0.5487769457617598,0.2117731892207267,0.18500638762330465,0.05248749160066875,0.0019408702883055358,1.511550523458374e-05,PVC,215m (1).mat
3.947459643111668e-18,0.9999999999818837,0.9999999999637675,1.4555031723448584,5.628237508499263,0.9999999999818837,-2.799765201944484,6.255143347314811,9.054908549259295,0.6727605624692976,-0.6584588091814318,-0.4562371829426014,0.3258953755675741,1.1219601651178204,0.7821325585101755,0.03111111111111111,0.9999999999637675,0.10180395567805482,17,102.0,0.5788194444444444,0.11726399252499137,0.5027777777777778,1.0222222222222221,0.2025916604010265,0.18716808756867506,0.2,3.6232361501692023,0.7165593561078122,4.21875,0.9918166091700925,0.2885312528082888,0.33816153666455195,0.1998696588478942,4.036948293039524,0.3531975462773658,0.2868031649547148,0.2694144135279552,0.08770300070822501,0.0028564687501518846,2.5405781586892945e-05,PVC,215m (2).mat
-4.934324553889585e-19,0.9999999999822732,0.9999999999645464,2.248681006526281,12.978519668594856,0.9999999999822732,-2.640612091727844,8.458291973279882,11.098904065007726,0.6541953375448634,-0.5715582884906767,-0.45367912230851065,0.2966900314890225,1.1172627935608959,0.7503691537975332,0.02277777777777778,0.9999999999645464,0.08797743054992965,1,6.0,0.0,0.0,0.0,0.0,0.0,0.0,0.0,0.0,0.0,5.625,0.9573290474285696,0.24141234965829736,0.35244274386821994,0.19702293389723222,4.068740979557574,0.3596384311048746,0.29740859294975364,0.2656995637850017,0.07487133886358704,0.002363316637106254,1.8756659676565487e-05,PVC,215m (3).mat
-7.894919286223335e-18,0.9999999999850752,0.9999999999701504,2.3869049565159894,11.843498245736688,0.9999999999850752,-2.565931249727009,7.574727986236891,10.140659235963899,0.6163145586200974,-0.660479099799264,-0.38864618724959915,0.20855353417740313,0.9561438669603701,0.5971997214270023,0.029722222222222223,0.9999999999701504,0.08374661732421797,4,24.0,1.487962962962963,0.9057780155441358,0.28888888888888886,2.477777777777778,0.6087369359864535,1.6432439781130916,1.0,6.072662228862187,0.8886001444955587,4.21875,1.0412734102804846,0.2797370771830776,0.43180893967980827,0.1351594844743624,3.8471354772299904,0.49161270053526546,0.24489632346795376,0.21948619899878063,0.04240810305561475,0.0015830801862490634,1.359375613601784e-05,PVC,215m (4).mat
-4.934324553889585e-18,0.9999999999825402,0.9999999999650805,1.6114117486762758,6.066964506645066,0.9999999999825402,-2.9045738137472394,6.0837408228679015,8.98831463661514,0.6746558902177394,-0.7252711593030375,-0.4560685404235031,0.34829614985923685,1.1043222063174865,0.8043646902827399,0.02638888888888889,0.9999999999650805,0.09403037443256475,15,90.0,0.6519841269841269,0.27000111978715746,0.49166666666666664,1.5138888888888888,0.41412222813149663,0.4158089462386298,0.38461538461538464,3.5456788286015977,0.9319291883588181,2.8125,1.002947354599594,0.332311172035737,0.3171234401200472,0.18415470075443474,3.9459561645333463,0.4590896937397017,0.2321858578975988,0.23365764370697137,0.07251105536162213,0.0025336559459895945,2.2093348116262447e-05,PVC,215m (5).mat
1.7763568394002505e-17,0.9999999999803812,0.9999999999607626,1.4488883982204395,6.470366312764268,0.9999999999803812,-3.0475201132183973,7.051594570470308,10.099114683688706,0.6869814013199642,-0.6485868669298359,-0.48838352962763554,0.37962100629770834,1.1597741534704378,0.8680045359253439,0.02666666666666667,0.9999999999607626,0.09902504138405346,1,6.0,0.0,0.0,0.0,0.0,0.0,0.0,0.0,0.0,0.0,5.625,1.01462469404526,0.231109857945575,0.38810952664788023,0.22540670572876512,4.116814801369078,0.4016571838551817,0.2376852010198282,0.28347502099082544,0.07398462634868906,0.003171897271538563,2.6070513936873408e-05,PVC,215m (6).mat
1.282924384011292e-17,0.9999999999836152,0.9999999999672305,2.3687054404443106,13.43304287662978,0.9999999999836152,-2.495272430165874,7.88588391236613,10.381156342532003,0.6243584190390069,-0.6160934139729234,-0.38352357360527745,0.24897845661442675,0.9917355288618482,0.6325020302197042,0.02388888888888889,0.9999999999672305,0.08261172210075678,2,12.0,0.35,0.0,0.35,0.35,0.0,0.0,0.0,7.451293714380319,0.4345901979858109,2.8125,0.9093566468274535,0.2892943422524482,0.33041394252163464,0.14635581845657286,3.937613908935367,0.48130671998910507,0.20846235058891155,0.26161425401403554,0.04679518165595693,0.001806610413971936,1.488333801862584e-05,PVC,215m (7).mat
-2.7632217501781673e-17,0.9999999999825443,0.9999999999650886,1.5589830251002703,6.757567929550227,0.9999999999825443,-2.8459227488541883,6.537781580302602,9.38370432915679,0.6738924056959696,-0.6467045150121566,-0.4592611522726959,0.37803457747621116,1.0546682616098189,0.8372957297489071,0.02388888888888889,0.9999999999650886,0.09011639286974892,7,42.0,1.4143518518518519,1.2581252553276556,0.5361111111111111,3.6694444444444443,0.889541914758208,2.1742474219489956,0.6,3.760034073150154,1.1475401504605511,2.8125,0.9866928787432584,0.32939302941958226,0.3067947381205125,0.19609345310261345,3.9982836347150843,0.4425685788684442,0.23432366129242163,0.2492353251230475,0.0711357352542129,0.0027140088384492223,2.2690623424311213e-05,PVC,215m (8).mat
-6.908054375445418e-18,0.9999999999825961,0.9999999999651924,2.040370311829285,9.95306945507671,0.9999999999825961,-3.2348799183784576,7.715610112755465,10.950490031133922,0.6440694592726623,-0.5719789820064343,-0.42348750532090984,0.2512815227325863,1.054348334096285,0.6747690280534961,0.02388888888888889,0.9999999999651924,0.0883842471349315,2,12.0,5.35,0.0,5.35,5.35,0.0,0.0,0.0,6.932652041452707,0.7829580713027586,4.21875,0.9291071024092334,0.20393029044919836,0.37378792156020413,0.19117303757680604,4.0851005916797485,0.4154717271440711,0.21316840980186452,0.31328986968417466,0.05588925493808916,0.002163293927734291,1.744450406596016e-05,PVC,215m (9).mat
1.1842378929335004e-17,0.9999999999832007,0.9999999999664013,2.1119506339852063,20.991682810254286,0.9999999999832007,-4.183413445945786,8.853903161442314,13.0373166073881,0.597807284867721,-0.6555983829132012,-0.40076484889998165,0.34879362476906123,0.8910076087129605,0.7495584736690428,0.020833333333333332,0.9999999999664013,0.04339658854934926,1,6.0,0.0,0.0,0.0,0.0,0.0,0.0,0.0,0.0,0.0,1.40625,0.9644766392622957,0.6196011007522717,0.20306647797768604,0.017158731814774918,2.8762143068292723,0.8446901038957032,0.10271569056268205,0.04523270327649949,0.006862216910371708,0.0004949435414187973,4.341813324554449e-06,PVC,228m (0).mat
-1.1842378929335004e-17,0.9999999999826513,0.9999999999653028,1.819417133633154,19.329068442241073,0.9999999999826513,-4.211082565117645,9.069377997209884,13.28046056232753,0.6105418734801016,-0.7207735413476921,-0.4183421636990887,0.38608428031194264,0.9357687981718045,0.8044264440110314,0.025833333333333333,0.9999999999653028,0.058598268530239174,1,6.0,0.0,0.0,0.0,0.0,0.0,0.0,0.0,0.0,0.0,1.40625,0.9373746973561599,0.5505822924526876,0.23144559258247097,0.032784181725506976,3.2130293278074973,0.7582420809785426,0.16824294428117392,0.056994982600865766,0.0154760751429766,0.001033201189771964,1.0715806668990628e-05,PVC,228m (1).mat
2.3684757858670008e-17,0.9999999999813635,0.9999999999627269,2.803681922217341,25.071079164502095,0.9999999999813635,-4.36074120160769,9.80327521689885,14.16401641850654,0.6374424863806349,-0.8254017278882517,-0.5241152685849992,0.39072248099801327,0.9931369128976358,0.9148377495830124,0.020555555555555556,0.9999999999627269,0.0514983959092101,1,6.0,0.0,0.0,0.0,0.0,0.0,0.0,0.0,0.0,0.0,1.40625,0.79935315900373,0.4829869193474306,0.20262174404061417,0.028383581006998865,3.1575710665404695,0.6688911779465223,0.24288478392625007,0.07643143124370491,0.011023513971403661,0.0007611941662876168,7.898745831240402e-06,PVC,228m (2).mat
1.973729821555834e-18,0.999999999982029,0.9999999999640581,3.678467694474325,24.51560855041591,0.999999999982029,-2.0841524250602266,8.089369898561543,10.17352232362177,0.5570285684898792,-0.6588544531873153,-0.4184311937605737,0.25567916234751137,0.7498456052587357,0.674110356108085,0.022222222222222223,0.9999999999640581,0.04502284904417373,2,12.0,5.188888888888889,0.0,5.188888888888889,5.188888888888889,0.0,0.0,0.0,7.996283335452107,0.09308656310943642,2.8125,0.9922041404485884,0.6060020731802577,0.228559903864415,0.021011814554871618,2.9875414535514793,0.7714010343235519,0.16342711666780863,0.05312955892741508,0.011466230057690707,0.000569990066253601,6.06995727980922e-06,PVC,228m (3).mat
-9.86864910777917e-18,0.9999999999860837,0.9999999999721675,1.8646213599145585,8.257776480452907,0.9999999999860837,-2.0543987511588235,6.547231340904462,8.601630092063285,0.6922904788345007,-1.048536152366668,-0.5349346194122718,0.41584063464640775,1.1310934456295263,0.9507752540586796,0.018333333333333333,0.9999999999721675,0.042402072469579256,3,18.0,4.052777777777778,1.0055555555555558,3.047222222222222,5.058333333333334,0.24811514729998532,2.0111111111111115,1.0,5.798433992888647,0.6453192601307377,1.40625,0.8130850572619598,0.5394206578603812,0.17706280757220616,0.015272771013639495,2.9109537292473413,0.8080214901046276,0.1409426512706659,0.04276778692766777,0.007829277200147852,0.00043487564552398543,3.918851366497875e-06,PVC,228m (4).mat
6.315935428978668e-17,0.9999999999856173,0.9999999999712347,0.46939324169004754,0.842038071769537,0.9999999999856173,-2.3478767931721785,4.97534673981451,7.323223532986688,0.798323288864468,-1.184929898649185,-0.6902491127735081,0.6332687675388312,1.351543955450223,1.3235178803123393,0.012777777777777779,0.9999999999712347,0.032890496850696165,1,6.0,0.0,0.0,0.0,0.0,0.0,0.0,0.0,0.0,0.0,1.40625,0.5874700788179359,0.4358340381538576,0.09104822066555213,0.00902378032777145,2.6459219745648985,0.9078707970991537,0.07320192086025051,0.0135317630787528,0.005184185660413762,0.0002093543819728025,1.9789194561789214e-06,PVC,228m (5).mat
-4.934324553889585e-18,0.999999999990658,0.9999999999813161,0.3033504462477494,3.7726159195701214,0.999999999990658,-4.070310757687561,3.736275613600553,7.806586371288114,0.6269709861045754,-0.8120630108583401,-0.37798977939942374,0.2167070024432886,1.262831084407732,0.5946967818427124,0.021388888888888888,0.9999999999813161,0.057034410162120866,17,102.0,0.6065972222222222,0.15934700795089074,0.3472222222222222,0.8194444444444444,0.26268997260562005,0.2834313555930842,0.9333333333333333,3.0018425688076444,0.6557581626343729,2.8125,0.9742164183709776,0.48574767114470735,0.33105598464050146,0.04067174544933946,3.343360050965459,0.6017036771279535,0.2564937121110318,0.1264825945636676,0.0148796064130759,0.00043668486045193324,3.7249238191730245e-06,PVC,233m (0).mat
3.157967714489334e-17,0.9999999999907603,0.9999999999815206,0.3929753799840841,4.222222810960978,0.9999999999907603,-4.179068016897322,3.9586862104741654,8.137754227371488,0.6229513865072406,-0.8462079977317654,-0.413270753406299,0.2813649884984821,0.9920684255754373,0.6946357419047811,0.025277777777777777,0.9999999999815206,0.06091118979761881,14,84.0,0.7485042735042734,0.33701072548073246,0.36944444444444446,1.5916666666666666,0.4502455589902024,0.5298497341140607,1.0,2.9885772966699276,0.7310657173573832,1.40625,0.8978962992014305,0.4058389748112175,0.33719810444785875,0.0430407986696365,3.444357061497931,0.5998647249946204,0.2572887109438936,0.12285380112537225,0.019396181147999753,0.0005916892270650797,4.89256104872218e-06,PVC,233m (1).mat
-9.86864910777917e-19,0.9999999999909341,0.9999999999818684,0.25754313189783995,3.900971944754443,0.9999999999909341,-4.019448943446795,3.5305289599493217,7.549977903396117,0.6327088875950249,-0.829944084615786,-0.4198286249013519,0.2508042494282653,1.2541701300167978,0.6706328743296173,0.020833333333333332,0.9999999999818684,0.05726301869100496,17,102.0,0.5788194444444444,0.1528152573976778,0.33611111111111114,0.8361111111111111,0.26401196193458765,0.28581070169195216,0.9333333333333333,2.9932749541572825,0.7714238875178101,2.8125,1.0342480062299937,0.48858673837451316,0.3662058796002648,0.04203999400753793,3.3605602634881193,0.6497288143991198,0.21435944419429678,0.1256858228298248,0.009808846662702571,0.00041361076182471433,3.461152231205447e-06,PVC,233m (10).mat
-2.960594732333751e-18,0.9999999999891777,0.9999999999783553,1.0789840967889663,5.211574251502098,0.9999999999891777,-4.391547512933531,4.275605575879498,8.66715308881303,0.6244363154532928,-0.8758693606132893,-0.5114560996784608,0.2123523445455848,1.0090690430357594,0.7238084442240457,0.01888888888888889,0.9999999999783553,0.0567892100143868,11,66.0,0.9274999999999999,1.0672202339619399,0.3638888888888889,4.102777777777778,1.1506417604434482,1.1976188796088723,1.0,3.602640835682497,0.8661087017273963,1.40625,1.0894282463638847,0.5119366905880014,0.40127945380609903,0.0396673104018176,3.393226216601254,0.602266650564135,0.24204813633162517,0.1447637244830648,0.010578733291973483,0.0003400016848303919,2.753644370951429e-06,PVC,233m (11).mat
0.0,0.9999999999890277,0.9999999999780553,1.0580458789204439,6.242210074521358,0.9999999999890277,-4.898312071006676,4.285839853123237,9.184151924129914,0.6014380700988485,-0.8263863516339645,-0.47301744751225805,0.18872563147177934,0.9187654524123189,0.6617430789840374,0.025277777777777777,0.9999999999780553,0.060292930682945764,16,96.0,0.6155555555555555,0.17479205752689567,0.3277777777777778,1.1583333333333334,0.28395821573762403,0.27625176067016954,0.5714285714285714,3.62092678029808,0.7177773482632811,1.40625,1.00338073448529,0.45609144277826597,0.38290091354534816,0.04949615396884554,3.4641206755696405,0.5194478710872447,0.3594653905723999,0.1037912112351278,0.01675367699586074,0.0005372519741270728,4.598135239541925e-06,PVC,233m (12).mat
-1.3816108750890837e-17,0.9999999999905516,0.9999999999811032,0.6138370413626729,4.071393017776102,0.9999999999905516,-4.012159776630626,4.088147324017575,8.100307100648202,0.6345753490352197,-0.8863143607627844,-0.46281840261624085,0.24483258822691825,1.1766939852744531,0.7076509908431591,0.022222222222222223,0.9999999999811032,0.05621031913181593,17,102.0,0.5817708333333333,0.14799316211238142,0.3472222222222222,0.8277777777777777,0.25438394876218007,0.2811773454396306,0.6666666666666666,3.064099526518429,0.7350919947597275,1.40625,0.8764522175050501,0.43842483882865096,0.2993806813141006,0.034295984489090776,3.371243119327573,0.636859587062156,0.2586910339999789,0.09165629971768385,0.012342440993563894,0.00044730825519776927,3.3299714193338225e-06,PVC,233m (13).mat
-1.3816108750890837e-17,0.9999999999905516,0.9999999999811032,0.6138370413626729,4.071393017776102,0.9999999999905516,-4.012159776630626,4.088147324017575,8.100307100648202,0.6345753490352197,-0.8863143607627844,-0.46281840261624085,0.24483258822691825,1.1766939852744531,0.7076509908431591,0.022222222222222223,0.9999999999811032,0.05621031913181593,17,102.0,0.5817708333333333,0.14799316211238142,0.3472222222222222,0.8277777777777777,0.25438394876218007,0.2811773454396306,0.6666666666666666,3.064099526518429,0.7350919947597275,1.40625,0.8764522175050501,0.43842483882865096,0.2993806813141006,0.034295984489090776,3.371243119327573,0.636859587062156,0.2586910339999789,0.09165629971768385,0.012342440993563894,0.00044730825519776927,3.3299714193338225e-06,PVC,233m (14).mat
-2.960594732333751e-18,0.9999999999900404,0.9999999999800809,0.5443636810282839,5.153539648216437,0.9999999999900404,-4.626049661716426,4.1823106342289895,8.808360295945416,0.6128406294480953,-0.8322523235772119,-0.4637147629896874,0.21757323178156454,1.0668535174559326,0.6812879947712519,0.021944444444444444,0.9999999999800809,0.05703974186491188,17,102.0,0.5767361111111111,0.14571713293840954,0.32222222222222224,0.8583333333333333,0.2526582433082262,0.24305158726919282,0.6,3.2182917232350987,0.9155455777616297,1.40625,0.9537712380708089,0.4555446770048338,0.33953969869702577,0.0409540547994036,3.422230117113787,0.6039551013393953,0.27700363111916776,0.10399163798066925,0.014603928511400752,0.00044191424515619337,3.7868042104538315e-06,PVC,233m (15).mat
9.86864910777917e-18,0.9999999999902752,0.9999999999805506,0.7391301660782681,5.317305033648191,0.9999999999902752,-4.3123716341521785,3.971408623967583,8.283780258119762,0.6105352645512924,-0.8302883563479743,-0.446729477182707,0.19844498197400123,1.0264208794148435,0.6451744591567082,0.023333333333333334,0.9999999999805506,0.05812128178693603,17,102.0,0.5756944444444444,0.12381576379523543,0.35555555555555557,0.8194444444444444,0.21507201393900524,0.20565187933313675,0.4666666666666667,3.3851042003670386,0.7518329262324965,1.40625,1.0026968480151413,0.4669907329997601,0.36547698599142087,0.045168271823325806,3.4359713217611,0.607786222074907,0.26348615482397425,0.11390330784523958,0.014349084182091921,0.00047111846614930495,4.1126076377903e-06,PVC,233m (16).mat
1.6776703483224588e-17,0.9999999999897495,0.9999999999794992,0.4099930592677502,5.464950797601963,0.9999999999897495,-4.634397282278822,3.9746175154380907,8.609014797716913,0.6124811747135434,-0.8397746372007611,-0.4412727024253567,0.23224493658275128,1.0319643879776679,0.673517639008108,0.030833333333333334,0.9999999999794992,0.06174758271259972,16,96.0,0.5751851851851851,0.13564154325975328,0.35,0.8361111111111111,0.235822386454999,0.22392576205872392,0.5,3.283376549108007,0.7762490298578334,1.40625,1.0031246934666997,0.526593369577814,0.3246284890068191,0.03675495662040884,3.3004226324922508,0.6089296321486934,0.28077817059119875,0.0969467403865151,0.012768351115108777,0.0005714566359133843,5.6491225701757875e-06,PVC,233m (17).mat
3.947459643111668e-18,0.9999999999904307,0.9999999999808614,0.5363601830390762,4.502026913255208,0.9999999999904307,-4.01780518379289,3.8186396035390104,7.836444787331901,0.6237136438150197,-0.816412351633519,-0.44691427101875747,0.26020775834619897,1.1193472000492055,0.7071220293649565,0.02277777777777778,0.9999999999808614,0.05697580290947522,17,102.0,0.5942708333333333,0.1638137443959122,0.35555555555555557,0.8333333333333334,0.2756550295450428,0.283048149868592,0.7333333333333333,3.192846941375536,0.8475755851078449,1.40625,0.966412962947318,0.4894742460953653,0.3211829485553771,0.03579472077900146,3.3322482072765593,0.5667221922560988,0.29723685957905,0.12377948145506006,0.011859777393382885,0.0003983684035551683,3.3209128527211696e-06,PVC,233m (18).mat
3.947459643111668e-18,0.9999999999902591,0.9999999999805183,0.6166094380985238,4.868678883212945,0.9999999999902591,-4.14422212640992,4.14138656266443,8.285608689074351,0.6165258118836088,-0.8267173022391525,-0.46170545845646355,0.22137152006084668,1.0986353745701276,0.6830769785173102,0.02388888888888889,0.9999999999805183,0.056050035989686456,16,96.0,0.616111111111111,0.1425921115913003,0.35833333333333334,0.8527777777777777,0.23143895441636653,0.23871579184648836,0.7142857142857143,3.307474881632219,0.7728699907742371,1.40625,1.0165062883099711,0.5026666636686039,0.3512254306719882,0.040934490964201896,3.347556966468285,0.6077942944711069,0.24193959878650523,0.13734152304390676,0.012469797269106964,0.000450883960329969,3.902469043985577e-06,PVC,233m (19).mat
-1.1842378929335004e-17,0.9999999999902829,0.9999999999805659,0.7567389291443366,4.9976759231585275,0.9999999999902829,-4.650092295490887,3.9843771314386993,8.634469426929586,0.6151116590983668,-0.8581642676724207,-0.4681621567415203,0.203868967990178,1.0378093592692026,0.6720311247316983,0.025,0.9999999999805659,0.059939503982714464,17,102.0,0.5699652777777777,0.1445186065958013,0.32222222222222224,0.8944444444444445,0.2535568603506939,0.26254433292107293,0.6666666666666666,3.3530279787570225,0.6995594097468343,1.40625,1.0073214341411174,0.4963824165041515,0.3513351916489702,0.044026626741069795,3.4167594987647587,0.5880096147259743,0.28442429277767894,0.11165700035056443,0.01539685258708424,0.0005078065895405816,4.4329691573003845e-06,PVC,233m (2).mat
-4.934324553889585e-18,0.9999999999909215,0.999999999981843,0.4888970743755766,4.341686245313044,0.9999999999909215,-4.027761484068048,4.093573672305915,8.121335156373963,0.6154696391645926,-0.837287157473416,-0.4122252556941942,0.24043024575184002,1.1068622751388126,0.6526555014460342,0.025555555555555557,0.999999999981843,0.05323281731509104,15,90.0,0.6952380952380951,0.21636738735052913,0.3611111111111111,1.2083333333333333,0.31121336491956386,0.37637923001452245,0.7692307692307693,2.9052828293604254,0.797732453870977,2.8125,0.9584443374164036,0.5219168666116545,0.294552894329082,0.029438460237475473,3.1996914056877954,0.6785220404142104,0.194563076082078,0.11611263602704498,0.010461104228467119,0.0003385195215783783,2.623726620940873e-06,PVC,233m (20).mat
0.0,0.9999999999899815,0.999999999979963,0.39930014202190767,4.406872078213496,0.9999999999899815,-4.103291978045958,3.8158753120505984,7.919167290096556,0.6291080304913252,-0.8600183243111996,-0.43527258397343127,0.27860423211598806,1.2045000423412315,0.7138768160894193,0.021666666666666667,0.999999999979963,0.05789956693805889,17,102.0,0.6147569444444445,0.15232482966555022,0.3611111111111111,0.8388888888888889,0.2477805753872785,0.255724581783596,0.6666666666666666,3.1612199552337366,0.7639880342701932,1.40625,0.9382018785419215,0.4907580545917657,0.30308028290209604,0.03672856068200793,3.320205109967362,0.5865072901458982,0.2797930347365756,0.11779748406246424,0.015416839801375442,0.00048117261940380806,4.178634282556362e-06,PVC,233m (21).mat
-2.565848768022584e-17,0.9999999999893832,0.9999999999787663,0.3285202807714608,4.646178718445643,0.9999999999893832,-4.131294780444473,3.9823482891725557,8.113643069617028,0.623962780692098,-0.840589920178238,-0.4232338776256989,0.26510486654733983,1.1191327976835548,0.6883387441730388,0.025,0.9999999999787663,0.05808881855633921,17,102.0,0.5888888888888888,0.15881687859269217,0.35,0.8222222222222222,0.26968903866170346,0.277904600678343,0.7333333333333333,3.140675153058763,0.7999646165099573,1.40625,0.9540807537868659,0.49310851769729525,0.31253360008376013,0.034962045137320215,3.3063997095257123,0.6222881550193189,0.2673168502938422,0.09854242329899497,0.011155090226072662,0.0006926844392710749,4.7967224999169044e-06,PVC,233m (22).mat
-1.3816108750890837e-17,0.9999999999907895,0.9999999999815791,0.1768629031418807,3.534899357662188,0.9999999999907895,-3.8155830685139462,4.433392225101123,8.24897529361507,0.6575253625020286,-0.8596727264239044,-0.49519367002244313,0.3704553712615221,1.1449239979085652,0.8656490412839652,0.021666666666666667,0.9999999999815791,0.05374986079176628,17,102.0,0.5949652777777779,0.15812674982562774,0.35555555555555557,0.8222222222222222,0.26577475268886874,0.2564045880190166,0.7333333333333333,2.8768915439882767,0.7998423706660783,1.40625,0.8627868650130236,0.4231985643758608,0.2954502810126507,0.03382297774006358,3.3787861239038888,0.6649890371154359,0.22971776050515075,0.09182545890146107,0.013054263482113715,0.00040997324534846897,3.5067504899017236e-06,PVC,233m (23).mat
9.86864910777917e-19,0.9999999999901549,0.9999999999803099,0.25191423996214485,4.709037102620495,0.9999999999901549,-4.1997691083496465,3.739092646909914,7.938861755259561,0.6248213665412496,-0.7964319736805189,-0.40124285251976116,0.27707208944914097,1.1669971217681792,0.6783149419689021,0.0225,0.9999999999803099,0.055209368610045044,16,96.0,0.5827777777777778,0.16242187105661254,0.34444444444444444,0.8388888888888889,0.278702924118434,0.2747684210115587,0.7142857142857143,3.1041969912822736,0.8533372485457531,1.40625,1.0176160225755395,0.5095047901226724,0.34114530734465515,0.03567223078437492,3.3176077221285296,0.6633552536439034,0.23625796768856192,0.0875288311680434,0.01247321089773429,0.0003814439947276452,3.292607029060509e-06,PVC,233m (24).mat
-1.973729821555834e-18,0.9999999999902979,0.9999999999805959,0.3711577775848928,4.691427741165528,0.9999999999902979,-4.086935666368251,3.78599088047788,7.872926546846131,0.6233396870894201,-0.802531237363804,-0.417813670489818,0.25485175440456137,1.128220643051662,0.6726654248943793,0.020833333333333332,0.9999999999805959,0.05677234631094108,17,102.0,0.5946180555555556,0.17098138556882134,0.34444444444444444,0.8527777777777777,0.28754825670660816,0.2953845927145976,0.7333333333333333,3.12536821365094,0.866895197865971,1.40625,1.0253180467857752,0.5078495741397421,0.34910448044916836,0.038534059237064364,3.345250397612433,0.6205085872181703,0.26893548012280866,0.0970006879238758,0.013131399909438294,0.00042017074150358524,3.674084203149338e-06,PVC,233m (25).mat
0.0,0.9999999999896709,0.999999999979342,1.0536110578636353,4.357615392744779,0.9999999999896709,-4.066025677198949,4.080309165856247,8.146334843055197,0.640837365498142,-0.875278167128962,-0.499466594975378,0.2307930468442923,1.0927015073395978,0.7302596418196703,0.03166666666666667,0.999999999979342,0.07108571545490451,17,102.0,0.5833333333333333,0.12770982492633856,0.3527777777777778,0.8111111111111111,0.21893112806984136,0.23191367061319165,0.7333333333333333,3.3898315827286245,0.7095323484093542,1.40625,1.001330068205842,0.4847612934995511,0.35817448861718415,0.04393218954549284,3.4181708808900853,0.6259155747238757,0.2445161230607589,0.1143774343410943,0.01428270323830233,0.0008991057014556954,9.058934512954983e-06,PVC,233m (26).mat
3.157967714489334e-17,0.9999999999889626,0.9999999999779253,1.9522168990335642,6.843339145276154,0.9999999999889626,-4.330291127948385,4.253338582762302,8.583629710710687,0.6052024677434402,-0.8383656786185483,-0.5125829623109471,0.14253543298467988,0.688535620812848,0.655118395295627,0.01972222222222222,0.9999999999779253,0.06062652566219839,17,102.0,0.5602430555555555,0.04925876839206483,0.37222222222222223,0.5916666666666667,0.08792392483168629,0.051219691429404926,0.06666666666666667,3.9892763961999798,0.5710197543735219,1.40625,1.0695891757660063,0.4938852788448237,0.4040823761160837,0.053385311210271943,3.4618212850929813,0.5419692085697492,0.31204535861461696,0.1285344374660966,0.016976310029280635,0.00047074735586083655,3.93796439547348e-06,PVC,233m (27).mat
1.578983857244667e-17,0.999999999990116,0.999999999980232,1.655900099940041,5.348442112940829,0.999999999990116,-3.981517625613196,5.068919046250766,9.050436671863963,0.6186642923403295,-0.8379701241780538,-0.4971970722236161,0.15352003350002388,0.9805725874163983,0.6507171057236399,0.02,0.999999999980232,0.05583240440356093,17,102.0,0.5885416666666666,0.12344665636457146,0.35555555555555557,0.8194444444444444,0.2097500706347408,0.22933299239136298,0.7333333333333333,3.539272106101905,0.659990585748728,1.40625,0.9447136232214275,0.4939879629269377,0.31408062195448705,0.03718566919464284,3.314896883365477,0.6582053386191755,0.23769873763079233,0.09410737205558367,0.00965495470987255,0.0003308307957209287,2.7661888547666507e-06,PVC,233m (28).mat
1.7763568394002505e-17,0.999999999990053,0.9999999999801059,0.7830710733322811,4.825230137098595,0.999999999990053,-4.029632319379406,5.043619882451174,9.07325220183058,0.6301547952278622,-0.8461889302850538,-0.4605422523684569,0.2351772804937101,1.1629387507646876,0.695719532862167,0.019444444444444445,0.999999999980106,0.05738626306353039,17,102.0,0.5855902777777777,0.13978260633965883,0.35555555555555557,0.8111111111111111,0.23870376849733213,0.25339058807196607,0.7333333333333333,3.2447890902668957,0.8554202567313536,1.40625,0.9387171580892448,0.4789848377024618,0.31568545082824506,0.03631541396595186,3.3317209027635877,0.6573631481141257,0.23122680006707466,0.0999006813823364,0.0111036216318379,0.0004022137558514558,3.5350487736220337e-06,PVC,233m (29).mat
-1.7763568394002505e-17,0.9999999999905822,0.9999999999811645,0.9322142825670452,4.723303093636003,0.9999999999905822,-4.183352094949466,4.041696217524198,8.225048312473664,0.6233462045847128,-0.812460451940875,-0.44676578982281295,0.22069436582572463,1.091635781032105,0.6674601556485376,0.030833333333333334,0.9999999999811645,0.07064364505997282,18,108.0,0.5686274509803921,0.12146887818582099,0.35,0.7805555555555556,0.21361768195111616,0.209062381779479,0.6875,3.4032622048181618,0.6944626922331868,1.40625,0.9545095651710864,0.4675241854683022,0.32925435436384626,0.048124969664501256,3.433635395524702,0.5475790483067035,0.3111708948477492,0.12219291232343853,0.018227572665414478,0.0008216084910526258,7.963365641575174e-06,PVC,233m (3).mat
9.86864910777917e-18,0.9999999999911352,0.9999999999822704,0.6385923186105122,4.320155751589072,0.9999999999911352,-4.172180719013778,3.7823881014339844,7.954568820447763,0.6249536520670188,-0.8246596901980284,-0.4627403841698359,0.214667590356081,1.1579783152394272,0.677407974525917,0.042777777777777776,0.9999999999822704,0.07048464389705955,17,102.0,0.5611111111111111,0.13117465503463993,0.3416666666666667,0.7861111111111111,0.2337766125163901,0.24631544063719654,0.7333333333333333,3.25427589954494,0.7105330309403073,2.8125,1.0086098874627374,0.5115726133143541,0.33289158432274474,0.04756520831394058,3.350408378422849,0.6068647924123157,0.23992105401425776,0.1348177572894136,0.01759409922007647,0.0007942121611356825,8.084902800490833e-06,PVC,233m (4).mat
-1.578983857244667e-17,0.9999999999902709,0.9999999999805419,1.1566510736397644,4.977268123760346,0.9999999999902709,-3.914448333020969,4.107616547541333,8.022064880562302,0.620479159931557,-0.7988674013785506,-0.47332305060953594,0.19308689926469483,1.0474163226556683,0.6664099498742307,0.023333333333333334,0.9999999999805419,0.060714316354917724,17,102.0,0.5583333333333333,0.10684970551153257,0.35833333333333334,0.7444444444444445,0.19137260654357008,0.19050911862647255,0.6,3.5668100740955033,0.6674185787791154,1.40625,1.0074908661995017,0.49279432206385276,0.3526373392053745,0.04791520413208801,3.400279553307253,0.6018933960410227,0.2582519373729617,0.12239659896645481,0.0168641184220596,0.0005890148934614674,4.934304039437418e-06,PVC,233m (5).mat
1.578983857244667e-17,0.9999999999898324,0.9999999999796647,1.7482479438848897,5.203383372016038,0.9999999999898324,-3.4865238515211834,4.768603282987946,8.255127134509129,0.6313206637857188,-0.8818131808571076,-0.5107923097236724,0.222785691007816,0.8213299585856716,0.7335780007314884,0.021111111111111112,0.9999999999796647,0.060588789569942514,18,108.0,0.5552287581699346,0.06238193171026752,0.37222222222222223,0.7333333333333333,0.11235356720989802,0.1096298837897454,0.1875,3.779263466459745,0.5442741394125837,1.40625,0.9551320716651552,0.45442402460479003,0.35272476051095925,0.04854845663052517,3.4234187070676945,0.5842439893046832,0.27543570409631823,0.12201613714337599,0.017629989864392986,0.0006694358644820396,4.7437267472693486e-06,PVC,233m (6).mat
-3.947459643111668e-18,0.9999999999906382,0.9999999999812763,0.8582293975376316,3.7935930023627398,0.9999999999906382,-3.86528238946951,3.8389236193508838,7.704206008820394,0.6238987248026163,-0.8351753516227188,-0.43985272923088253,0.24067773077999707,1.013237037572014,0.6805304600108796,0.029444444444444443,0.9999999999812763,0.057574128500915,17,102.0,0.5670138888888889,0.10160685759732199,0.3388888888888889,0.8027777777777778,0.17919641724690855,0.18239377651645397,0.4666666666666667,3.404836127716818,0.5367035730159636,1.40625,0.9318649660341571,0.4552313465112662,0.3297497101299483,0.04174371150845656,3.381126675769924,0.6194684400122233,0.23947655906368973,0.1271120597060381,0.013400741479069146,0.0005383146361856444,3.885102793829775e-06,PVC,233m (7).mat
-2.861908241255959e-17,0.999999999990579,0.999999999981158,0.5526562872566354,4.271085790647194,0.999999999990579,-3.950464893445264,3.804838252366401,7.755303145811665,0.6288230127760134,-0.8721356066050834,-0.46308791475358113,0.25226645747722876,1.1570239907615012,0.7153543722308099,0.02277777777777778,0.999999999981158,0.058500506106375236,17,102.0,0.5814236111111111,0.15079751579411355,0.3527777777777778,0.8083333333333333,0.259359118984827,0.2796336153750772,0.7333333333333333,3.175508836668993,0.8537335034594876,1.40625,0.9431112309444138,0.46867315931147624,0.3216321392721731,0.03618995182530456,3.3810492187397982,0.5933824800414919,0.30700859098270206,0.08638090104826371,0.01281372345506939,0.00041073217631703467,3.5722961556983344e-06,PVC,233m (8).mat
-1.1842378929335004e-17,0.9999999999905395,0.999999999981079,0.8681359810266964,4.233617709603843,0.9999999999905395,-3.869118630266135,4.5620276984321,8.431146328698235,0.6433530680106004,-0.8590972550725843,-0.4990461057793403,0.2761338237066909,1.027865504433546,0.7751799294860311,0.021111111111111112,0.999999999981079,0.058764141764190224,18,108.0,0.5658496732026144,0.10575215912357395,0.35,0.7722222222222223,0.18689090750577542,0.1508671565310127,0.6875,3.301814291187216,0.7087665921995548,1.40625,0.9069259435948465,0.43032754364693143,0.3349165025439306,0.039142207583273365,3.3928738473215687,0.5977435312647837,0.2914761397731035,0.09619345161963332,0.0141188966629258,0.00046404765509389285,3.933024459319361e-06,PVC,233m (9).mat
2.565848768022584e-17,0.9999999999818018,0.9999999999636037,1.5888834833930259,4.692067435898421,0.9999999999818018,-4.165685332760614,4.249089173257462,8.414774506018077,0.6526378955144677,-0.8551419042059991,-0.543741459951444,0.20937694807171714,1.0943928360559496,0.7531184080231611,0.016944444444444446,0.9999999999636037,0.052613751615683685,13,78.0,0.8215277777777777,0.3483853204900026,0.4444444444444444,1.4805555555555556,0.42407004302192974,0.5802564354354008,1.0,3.3931961400451573,0.8193291994636818,1.40625,0.8684630297053841,0.4992359268132154,0.23704500513856724,0.040519711899884944,3.239567580280258,0.6619980654277161,0.22628006737783882,0.09045437335574254,0.020604342013709986,0.0006588279590276527,4.3238659646484495e-06,Bigeminy,106m (0).mat
-1.578983857244667e-17,0.9999999999864505,0.999999999972901,1.7949584897569282,5.59076495922247,0.9999999999864505,-2.392437419651165,4.84783316827313,7.240270587924295,0.6462371133024347,-0.818832007714016,-0.4289482503369796,0.29196801371070535,0.8155810831043209,0.7209162640476849,0.013055555555555556,0.999999999972901,0.04974401001001474,13,78.0,0.7351851851851853,0.3003263257199391,0.4444444444444444,1.3944444444444444,0.4085043215823042,0.5283914560855404,1.0,3.9863157731501655,0.5332769580235996,1.40625,0.8012438072999728,0.4534638364188296,0.21497960119151704,0.03919269704263989,3.2811130198523006,0.7181200609221916,0.1979217282564528,0.06827055247560623,0.015207544651212684,0.0004761995835560191,3.914110980345499e-06,Bigeminy,106m (1).mat
-1.7763568394002505e-17,0.9999999999900633,0.9999999999801266,2.332000893515191,7.781557200844702,0.9999999999900633,-1.9333035023021978,4.96157980319577,6.8948833054979675,0.5892232519307853,-1.0393845293915607,-0.3605352423929554,0.15110901513664599,0.7754364184868813,0.5116442575296014,0.01638888888888889,0.9999999999801266,0.05231013617282925,13,78.0,0.8173611111111111,0.3178464964710639,0.475,1.2166666666666666,0.3888691201005612,0.6305800288936417,1.0,4.505954581458598,0.2957692569516805,1.40625,0.8377181335400953,0.41914613443103077,0.23719854100324272,0.06853607512132633,3.534444600161605,0.6424727523985146,0.21525519391713496,0.11313132556939783,0.028021574400889596,0.0011095947963626702,9.558917700061156e-06,Bigeminy,106m (10).mat
1.0855514018557087e-17,0.9999999999833826,0.9999999999667653,1.3182248942363675,3.9109266201558404,0.9999999999833826,-3.416340929518921,4.60365475587285,8.019995685391772,0.6670728212842909,-0.9626666204467581,-0.5047919607807302,0.28923797474014284,1.031840190650059,0.7940299355208731,0.02,0.9999999999667653,0.04873539774388732,14,84.0,0.7551282051282051,0.2909032462231389,0.44166666666666665,1.1527777777777777,0.38523689601623695,0.566117767016446,0.9166666666666666,3.0519566585381486,1.237478277555693,1.40625,0.9784411671773059,0.6890265457747402,0.16545930199382655,0.025214012158262467,2.803607880016363,0.7698209141863495,0.1599118182051182,0.052910661917681845,0.016901991296703812,0.00045078113737962035,3.833256766868143e-06,Bigeminy,106m (11).mat
1.973729821555834e-18,0.9999999999836381,0.9999999999672762,1.4834204764521652,6.039984164087496,0.9999999999836381,-2.916395608710761,6.137067714003802,9.053463322714563,0.6301610960314123,-0.8991177933271994,-0.4217471038449137,0.22480983163919227,1.0131136016754159,0.646556935484106,0.01861111111111111,0.9999999999672762,0.047228956425221624,5,30.0,2.011111111111111,0.5486339657686733,1.1861111111111111,2.7194444444444446,0.2728014193073396,0.5724783676974018,1.0,4.447307332080378,0.8789526873927423,1.40625,0.9372097632185958,0.5883171748013356,0.19448054065092493,0.03475064394757462,3.1181373282889746,0.7914943451892663,0.12089947545880245,0.07775168628144942,0.009435311987558346,0.00041557291902142,3.60816390169246e-06,Bigeminy,106m (12).mat
2.3684757858670008e-17,0.999999999984983,0.9999999999699661,1.496884534331531,6.847132927347522,0.999999999984983,-4.181336575211404,6.171117083599824,10.352453658811228,0.6261990065489553,-0.7549948946228718,-0.4959055592661996,0.2500424124406187,0.8257778086611745,0.7459479717068183,0.02361111111111111,0.9999999999699661,0.05446153608296108,9,54.0,0.9666666666666666,0.4536162992150748,0.48333333333333334,1.7166666666666666,0.4692582400818793,0.8493578339891439,1.0,3.95199957206555,1.4477689803617508,1.40625,0.983896941197631,0.544927766838808,0.2537656473656527,0.07131011488647246,3.4208152217773273,0.6781087601952779,0.19074586575420505,0.10737946315576564,0.022916877261314778,0.0008419709251085426,7.062708327858011e-06,Bigeminy,106m (13).mat
-3.947459643111668e-18,0.9999999999841785,0.9999999999683572,1.880574994670832,6.3511666952668495,0.9999999999841785,-3.807068182131546,5.766791521818164,9.57385970394971,0.6460400200544546,-0.7595070230483799,-0.4849970598144279,0.2196075290493386,1.0172658604718385,0.7046045888637665,0.0175,0.9999999999683572,0.04724049065922347,13,78.0,0.7895833333333334,0.2966984936631383,0.48333333333333334,1.1333333333333333,0.3757659017887565,0.594587800140836,1.0,3.686385414179792,1.0388622607892701,1.40625,0.79481095245298,0.4434501574010681,0.20209350506969115,0.040613058763147684,3.3074575600864335,0.7170757252854699,0.17064257699699287,0.0933883161207267,0.018420582446811547,0.0004689451958834871,3.853954115308328e-06,Bigeminy,106m (14).mat
-3.947459643111668e-18,0.9999999999771295,0.9999999999542591,1.596689430675504,5.434105953076095,0.9999999999771295,-3.1972058205491347,5.402883392598668,8.600089213147804,0.6699260882881776,-0.8330814553782968,-0.5583558042313592,0.3558388715822177,0.9763171996501054,0.9141946758135769,0.020833333333333332,0.9999999999542591,0.055123857479540656,10,60.0,0.9746913580246913,0.4186771340785324,0.41944444444444445,1.6972222222222222,0.42954842084316286,0.46097408439247584,0.625,4.402906162338535,0.6264769706395098,1.40625,0.9532442428343806,0.5442964375866867,0.24496786452029345,0.06555483600620912,3.378531098904836,0.6864556562153782,0.1828801268407949,0.09388404124520963,0.0359361894838527,0.0008372093729934063,6.776841770951795e-06,Bigeminy,106m (15).mat
1.578983857244667e-17,0.9999999999897268,0.9999999999794537,1.0373919855079397,8.195301394423135,0.9999999999897268,-3.4781646961953343,5.394204110442416,8.87236880663775,0.5567611011026072,-0.9317549244308329,-0.2627059355110259,0.23894107730721,0.6825149919655902,0.5016470128182359,0.019166666666666665,0.9999999999794537,0.04601801754884466,9,54.0,0.9652777777777778,0.490199080873158,0.5,1.8527777777777779,0.5078321408101217,0.8739871941397552,1.0,4.663922359171401,0.5464751093032638,1.40625,0.7994911862111239,0.40837806460899884,0.22307273285691714,0.06398500467198602,3.5147842204969044,0.7175099135542642,0.14715437212606297,0.1027951869852465,0.03158967014647905,0.0009429810167326185,7.876171214493848e-06,Bigeminy,106m (16).mat
-1.3322676295501878e-17,0.9999999999889343,0.9999999999778687,2.692523968085232,10.57561038310203,0.9999999999889343,-1.7452012589851817,5.589070573654786,7.334271832639968,0.5531162694105174,-1.002292452437067,-0.2980717385735638,0.07387787569112216,0.8540979322217412,0.3719496142646859,0.01888888888888889,0.9999999999778687,0.052485223440493625,11,66.0,0.9033333333333333,0.37246219461812907,0.5,1.3277777777777777,0.41231977218355276,0.7465667876686798,1.0,5.010532227704023,0.40122779130441344,2.8125,1.0029768706807656,0.4427387620641613,0.3143865267282686,0.09390230655232619,3.644676621014375,0.604486676559247,0.18100327994126045,0.17865335147661915,0.03445360577412655,0.0013915907949496647,1.1495453796754844e-05,Bigeminy,106m (17).mat
-1.3816108750890837e-17,0.9999999999880343,0.9999999999760687,2.291849805626347,9.540233462487327,0.9999999999880343,-3.024264119108097,5.915409549186366,8.939673668294462,0.5705546358771403,-0.9092935471736338,-0.32956393456512056,0.13235753049983295,0.848572022200585,0.4619214650649535,0.01861111111111111,0.9999999999760687,0.054510146490384076,9,54.0,1.2180555555555554,0.5729111952600691,0.5083333333333333,1.8972222222222221,0.4703489854602035,0.9870926257711845,1.0,4.9181836978400595,0.7352516651654374,1.40625,0.9041571252748685,0.4369333939181151,0.262532447000854,0.08692792624758762,3.6111343826476197,0.6060946987813294,0.22040603098314743,0.1431472521747679,0.02869828319149184,0.0016414534053712823,1.2281463891906559e-05,Bigeminy,106m (18).mat
2.1711028037114173e-17,0.9999999999886375,0.9999999999772751,2.316228260931046,8.989598996426826,0.9999999999886375,-2.462305892228967,5.642578391658562,8.104884283887529,0.5800994155103689,-1.0370200500184277,-0.38771188487233105,0.12545850915512505,0.9558564034705835,0.5131703940274561,0.019166666666666665,0.9999999999772751,0.05301384186037911,10,60.0,1.0225308641975306,0.48446271564190263,0.49444444444444446,1.738888888888889,0.4737878651206436,0.7353927312231218,1.0,4.66270464075556,0.9062529101578864,1.40625,0.9468915957596982,0.4504683388977964,0.2784390559475978,0.07814581670037613,3.5710373702608695,0.6203162459562863,0.24637950655695334,0.1041822820985299,0.027927989640056036,0.0011839524837083156,1.0023264465799963e-05,Bigeminy,106m (19).mat
-2.1711028037114173e-17,0.9999999999845193,0.9999999999690387,1.8756206192877993,7.214288058904508,0.9999999999845193,-3.767643291456976,5.376589238073095,9.14423252953007,0.5851211046849933,-0.7772683083682363,-0.4154619753358785,0.16733542578568672,0.6385112226945334,0.5827974011215652,0.015833333333333335,0.9999999999690387,0.047203781091245976,13,78.0,0.7245370370370372,0.24381451170504556,0.46111111111111114,1.0305555555555554,0.3365107632945911,0.48143639713812436,1.0,3.897974557833538,0.9554432537285075,1.40625,0.986123140513196,0.6242834303783507,0.2291462180679273,0.033293115174185726,3.0078533203205975,0.6677734794906897,0.2407959420021701,0.07961615081876174,0.011439690189671363,0.0003717194727575093,3.0180259494013464e-06,Bigeminy,106m (2).mat
-5.921189464667502e-18,0.9999999999900495,0.9999999999800991,2.7916684690496143,10.339514548917254,0.9999999999900495,-1.5938081357017653,5.677891410715192,7.271699546416958,0.5714460081010503,-0.9293936145241969,-0.3747125731446693,0.06638474422155204,0.9135747819154667,0.4410973173662214,0.0175,0.9999999999800991,0.05240827182353264,12,72.0,0.8492424242424242,0.37160375822538705,0.5027777777777778,1.3222222222222222,0.4375708833897568,0.7441775018911736,1.0,4.856269074936812,0.4626243141406579,4.21875,1.0346183484903728,0.43385678512052644,0.34205224401077144,0.08978642774816344,3.6139046859104744,0.6200357808084275,0.21170522519134327,0.1301834938006893,0.03671900844560753,0.0013449490012894816,1.15427526426491e-05,Bigeminy,106m (20).mat
3.947459643111668e-18,0.9999999999898042,0.9999999999796084,2.45889446403532,9.679257044867006,0.9999999999898042,-1.9814149623720225,5.436054295465586,7.417469257837608,0.5406427577445896,-1.1060489881583984,-0.25244100945601183,0.0834659700739954,0.7633758892131431,0.33590697953000725,0.020277777777777777,0.9999999999796084,0.04990281830325953,9,54.0,1.1125000000000003,0.47788274040840495,0.5083333333333333,1.7222222222222223,0.42955751908210993,0.7668161804981175,1.0,4.969262713116637,0.41473427824524206,4.21875,0.9142230353231295,0.4008529468284426,0.2935032711858428,0.0750896348398633,3.6059726981397424,0.6327268856905984,0.20184917029150243,0.1376351864135565,0.026623488899298275,0.0011555842259240825,9.684479120093733e-06,Bigeminy,106m (21).mat
-7.894919286223335e-18,0.9999999999841029,0.999999999968206,1.1478947063475406,3.9841826297299754,0.9999999999841029,-2.6106131485523614,4.864511308747762,7.475124457300123,0.6549450005895826,-0.774298931684111,-0.4828243232503956,0.23854040871470866,1.2980807473450513,0.7213647319651042,0.015,0.999999999968206,0.040917125595878547,11,66.0,0.866388888888889,0.3504019957733907,0.5027777777777778,1.3055555555555556,0.4044396227406937,0.6701119821247085,1.0,3.4120674844795618,0.8179299447289436,1.40625,0.9268731897641369,0.5959464184851271,0.17787226754369437,0.023580380224524623,2.9680267685046977,0.8240239292435003,0.09991939557320723,0.06559580680812115,0.010175445810700791,0.0002830534880346229,2.3690764355711036e-06,Bigeminy,106m (22).mat
-2.3684757858670008e-17,0.9999999999900873,0.9999999999801746,2.244411975313161,9.001481922717073,0.9999999999900873,-2.2595922511461737,6.098882892166105,8.35847514331228,0.5990086859952496,-0.9135943815950547,-0.39325141907511935,0.18307303528022728,0.9431851627915826,0.5763244543553466,0.015,0.9999999999801746,0.04932472280182086,11,66.0,0.9002777777777778,0.32271382518101543,0.5083333333333333,1.3055555555555556,0.35846028058043766,0.6405962157707521,0.8888888888888888,4.826349405265128,0.6762592388258974,2.8125,0.8006070833131714,0.3572075507903242,0.24671934474025886,0.07836825018945984,3.672416928510944,0.6225607805919307,0.17821061331309312,0.17748246561023845,0.020476497264368357,0.001259241266624601,1.0401953744547606e-05,Bigeminy,106m (23).mat
9.86864910777917e-18,0.9999999999842034,0.9999999999684069,0.5855025410134467,2.6825588499509907,0.9999999999842034,-2.9622649277605,4.82048112158657,7.78274604934707,0.6530634792055561,-0.7986468853946996,-0.4368312299207814,0.2146959318031089,1.3697411969559106,0.6515271617238902,0.015277777777777777,0.9999999999684069,0.04264212244050445,9,54.0,1.0395833333333333,0.5322865704257017,0.5194444444444445,1.8111111111111111,0.5120191454079511,0.9872802146413256,1.0,3.124586832779256,0.6621712285624621,1.40625,1.0062712557595965,0.6639763774225229,0.19779210323751223,0.026458475622852935,2.9574207248020046,0.7619203430845941,0.1618331087716416,0.0691545218082839,0.0067613080109262995,0.00032801415680769677,2.7041677461606876e-06,Bigeminy,106m (24).mat
-1.973729821555834e-17,0.999999999984331,0.999999999968662,1.3558481804191045,5.946812010050568,0.999999999984331,-3.9751837187480996,6.028714733148888,10.003898451896987,0.6707306316716901,-0.7134578378759027,-0.5125010823657896,0.34142747799868306,1.0922801224390952,0.8539285603644726,0.015,0.999999999968662,0.05155247216540857,11,66.0,0.8844444444444445,0.37957334722807645,0.49444444444444446,1.336111111111111,0.42916584437062755,0.7543910097624609,1.0,3.684145186859738,1.6009886338360089,1.40625,0.9538023499829572,0.5133591196575472,0.2600518833514973,0.07971283154974962,3.470611074982243,0.6813365694638556,0.21049582812931508,0.09640816480360148,0.010952268073528167,0.0008006578263158681,6.511703383359554e-06,Bigeminy,106m (25).mat
-1.973729821555834e-18,0.9999999999810429,0.999999999962086,0.885817239624699,2.1273002410123842,0.9999999999810429,-2.9915386362613106,4.570928650958521,7.562467287219832,0.7150712749041137,-0.7866496537400564,-0.5377854672812064,0.2863943298121592,1.566394321912711,0.8241797970933655,0.016666666666666666,0.999999999962086,0.05248460006039659,12,72.0,0.8873737373737375,0.3181922396882371,0.5222222222222223,1.2916666666666667,0.35857748086097097,0.6045417099029196,1.0,3.5257714851274886,0.43530976190309173,1.40625,0.9711678055502926,0.5630935263911371,0.2420694178275043,0.04224952281311188,3.2537873041502947,0.7149335129846143,0.19315809091992586,0.07576605913622256,0.015511098248743523,0.0006261202390658103,5.118471427687727e-06,Bigeminy,106m (26).mat
-3.947459643111668e-18,0.9999999999863934,0.9999999999727869,2.554093211337664,9.963942931152655,0.9999999999863934,-3.21505926173982,5.544117507125514,8.759176768865334,0.6016447533684793,-0.8451373475850165,-0.43547210185959534,0.10343356086218142,0.9979950989653845,0.5389056627217768,0.019444444444444445,0.9999999999727869,0.05837434317373726,12,72.0,0.8287878787878789,0.35348845287749175,0.4888888888888889,1.2861111111111112,0.4265125751693716,0.7090513789738312,1.0,4.914761104540397,0.8599718726657927,2.8125,0.9712472156711084,0.37612652265032004,0.3414039992666986,0.11723649311316252,3.7858194596149093,0.5125243345825465,0.27818757559658536,0.1565056617435771,0.05110197916784875,0.0016664948927852426,1.3954016656624202e-05,Bigeminy,106m (27).mat
-1.578983857244667e-17,0.9999999999880134,0.9999999999760267,2.382205937489794,9.256279416932996,0.9999999999880134,-3.1506233957410585,5.8819440142621735,9.032567410003232,0.6080229230493271,-0.8133861977022299,-0.441845227631514,0.11770595597683423,1.0248661259558376,0.5595511836083482,0.015555555555555555,0.9999999999760267,0.05386006745023846,12,72.0,0.8345959595959596,0.3519673017944943,0.49166666666666664,1.275,0.4217217892393886,0.7047430798822897,1.0,4.545522291825091,1.035747634550381,2.8125,0.9067797132585942,0.3772848171066676,0.2974751138348737,0.10682194956136766,3.777202992478909,0.5844926545071717,0.23725039293987835,0.13747318625926433,0.03939391420707033,0.0013784226095993547,1.142947701579083e-05,Bigeminy,106m (28).mat
1.973729821555834e-18,0.9999999999870638,0.9999999999741277,2.9891827293492206,11.249493445805605,0.9999999999870638,-2.3462854500535215,5.592925271105362,7.939210721158884,0.5929294472815447,-0.679704460267979,-0.48448012377856886,0.20483204782025283,0.6153491968470268,0.6893121715988217,0.024166666666666666,0.9999999999741277,0.07296434944848285,14,84.0,0.682051282051282,0.24365308817999393,0.42777777777777776,1.0166666666666666,0.35723573026645006,0.4870189934694539,1.0,4.980867477338113,0.5739465694400027,4.21875,1.0345074266688024,0.26839287110548393,0.4728492404960417,0.14584533595006566,3.9404843176315754,0.4037267531546801,0.3623531622285028,0.20708337065264182,0.025086209106804414,0.0017354578452230438,1.5047012147701155e-05,Bigeminy,106m (3).mat
4.934324553889585e-18,0.9999999999870292,0.9999999999740584,1.969533072981376,6.705207424797772,0.9999999999870292,-2.8122948244294355,5.1789703873593735,7.991265211788809,0.6315445831730041,-0.691402616964941,-0.4657900130278438,0.21414769366270642,0.9169024874192097,0.6799377066905502,0.021944444444444444,0.9999999999740584,0.062228239838896804,14,84.0,0.7378205128205126,0.28507204580267526,0.4388888888888889,1.3583333333333334,0.3863704525190579,0.46425329444084396,1.0,3.909611139666841,0.890369192373844,1.40625,0.9179694412365436,0.48863462856017564,0.2631563551204169,0.061378048277665284,3.4318340853342018,0.601997522694652,0.26910032594158223,0.0993275412948845,0.02876304112437609,0.0008037647015521273,7.80424295284658e-06,Bigeminy,106m (4).mat
1.973729821555834e-18,0.9999999999871617,0.9999999999743235,2.1940009240698566,9.920915700251268,0.9999999999871617,-4.190945798618877,5.808888521220337,9.999834319839213,0.5910813539987001,-0.7106718892188129,-0.4202661006304515,0.2047191667724149,0.7310377587290082,0.6249852674028664,0.02277777777777778,0.9999999999743235,0.0674437435750795,13,78.0,0.7187499999999999,0.24939774422617153,0.46111111111111114,1.0638888888888889,0.34698816539712474,0.49741475308649946,1.0,4.637521125970225,1.170617161155729,2.8125,1.0493989475591357,0.4010581801667197,0.36247337237321303,0.15425324865018766,3.9135608689331125,0.4874158740246937,0.22851554288332837,0.2027419218171065,0.07915703390381033,0.0021509853390515475,1.8642032009339127e-05,Bigeminy,106m (5).mat
3.947459643111668e-18,0.9999999999895508,0.9999999999791016,3.031388578755797,10.70173727226998,0.9999999999895508,-1.6164031194147435,5.367257554964636,6.983660674379379,0.555509383748426,-0.7486348296078397,-0.38660975179161405,0.05652655104807989,0.5439129693218469,0.44313630283969396,0.025277777777777777,0.9999999999791016,0.06245982752900684,14,84.0,0.7006410256410257,0.24601321065619952,0.44166666666666665,1.0583333333333333,0.3511258994290163,0.48885403390061677,1.0,4.841341009496643,0.27278182945891605,1.40625,0.9300489221314887,0.3336655316583583,0.34374010800591653,0.12049597373653916,3.8711512442666796,0.5590056387449948,0.20012256070024145,0.21090211339353976,0.028371066142832583,0.0015852477925111048,1.3373225880206528e-05,Bigeminy,106m (6).mat
-1.7763568394002505e-17,0.9999999999883558,0.9999999999767116,2.9499511461709575,11.323454761443573,0.9999999999883558,-1.7846168546073968,5.600705026795875,7.385321881403272,0.5717063478737556,-0.8795211689989523,-0.36642839740359595,0.10521582116914298,0.7334220112484457,0.4716442185727389,0.014444444444444444,0.9999999999767116,0.05088591494439419,11,66.0,0.8466666666666669,0.35333682737615524,0.48055555555555557,1.2694444444444444,0.41732696097499394,0.7137795948426359,1.0,5.169971560125685,0.20879373844700935,2.8125,0.9553532245042302,0.4153388314882206,0.3085091905219735,0.09092377175009347,3.657223080467146,0.5341512671728269,0.26080286318408474,0.15069248766177343,0.05295780065178563,0.0013841494330108423,1.1431896518241888e-05,Bigeminy,106m (7).mat
0.0,0.9999999999884036,0.9999999999768073,2.8515933779138516,10.49772460073206,0.9999999999884036,-1.9351961728071654,5.507477908584177,7.442674081391343,0.5751773691074262,-0.7642471344603806,-0.4164165963227028,0.09136878155411375,0.6777805241609264,0.5077853778768165,0.01888888888888889,0.9999999999768073,0.057638570729706,13,78.0,0.7701388888888888,0.2809406162996573,0.4666666666666667,1.1555555555555554,0.3647921433239007,0.5520597082169537,1.0,4.812513292506616,0.5637710955856573,2.8125,0.9170403068384221,0.4238619455749129,0.2891343865954506,0.08500043995348508,3.6044284454284403,0.5756469292661789,0.24304187416564452,0.14662814549126404,0.03190834856772892,0.0027581269244065167,1.6575584776821872e-05,Bigeminy,106m (8).mat
9.86864910777917e-18,0.9999999999889355,0.999999999977871,2.592332629104412,9.738900642477512,0.9999999999889355,-2.5558916460647434,5.369929851943892,7.925821498008636,0.5765228336516565,-0.798053865771166,-0.3995028683718483,0.12683285969448413,0.7805907554877914,0.5263357280663324,0.021944444444444444,0.999999999977871,0.05406579365571887,10,60.0,0.9237654320987654,0.37746699069679085,0.5027777777777778,1.5638888888888889,0.4086177910236154,0.6890981704955013,1.0,4.914763657103369,0.3465487866713205,1.40625,0.9394604446445465,0.4775114426984197,0.2627004590125389,0.0737194500277214,3.501675870316656,0.6350347130040715,0.19197332649460297,0.1487178704682258,0.023109925331543442,0.0011540141225782833,1.0150578977571564e-05,Bigeminy,106m (9).mat
1.2335811384723961e-17,0.9999999999925672,0.9999999999851343,2.1881821908719252,7.244356975887852,0.9999999999925672,-2.1571150211577543,4.406861599536104,6.5639766206938575,0.5065347370097821,-0.7520679974541165,-0.2691551994802896,0.021912975289019768,0.38967757368217476,0.29106817476930935,0.03277777777777778,0.9999999999851343,0.039578223884590896,11,66.0,0.9291666666666666,0.3564274249538877,0.5333333333333333,1.3166666666666667,0.3835990219590551,0.7118154546134917,1.0,3.687595260039964,0.6508321348292713,1.40625,0.8763556098465529,0.58520742407996,0.1549944693072802,0.031136623129787572,2.8789380343320143,0.8134011079153534,0.12846584324859844,0.044746081818057115,0.01295697091459767,0.00042638470962212016,3.6113937709021078e-06,Bigeminy,119m (0).mat
-9.86864910777917e-19,0.9999999999889099,0.9999999999778199,-1.3036150360651935,5.744131729644726,0.9999999999889099,-5.188704682849618,2.95885862576096,8.147563308610579,0.5859550674642597,-0.5992019235800824,-0.25622257525716197,0.2425366307500329,1.2735080434570265,0.49875920600719487,0.024722222222222222,0.9999999999778199,0.05033356140905148,9,54.0,1.0354166666666669,0.36533520355529675,0.45,1.375,0.3528388280426152,0.49512393118394166,0.5714285714285714,1.0754181561097764,0.9888230208229234,2.8125,0.8975853360313699,0.5410834857747524,0.21192624625073408,0.040548648943940675,3.1894670323696306,0.7170481351461956,0.19790326386056153,0.07167004183322512,0.012738856429918849,0.0006339247459216738,5.777984177124935e-06,Bigeminy,200m (0).mat
-1.973729821555834e-17,0.9999999999880106,0.9999999999760212,-1.4188035885266044,6.209745482486737,0.9999999999880106,-4.992166973135387,2.7796711282760755,7.771838101411462,0.5739892447855731,-0.5106884935016872,-0.234797443845802,0.22690292176531568,1.2332394622320704,0.4617003656111177,0.025277777777777777,0.9999999999760212,0.05208667945637578,7,42.0,1.5314814814814814,0.3192860584266469,1.2694444444444444,2.227777777777778,0.20848182761524686,0.5450421888756145,1.0,0.8435586777177306,0.36324251574436717,2.8125,0.9945737297335231,0.6047225478928826,0.2373317761753972,0.04029842038306635,3.1861117003659882,0.7202920173766931,0.18343167529229737,0.08199424467906817,0.013629651825227782,0.0006461186616391425,6.292165074210091e-06,Bigeminy,200m (1).mat
5.921189464667502e-18,0.9999999999888463,0.9999999999776926,-0.9874974928127478,6.56431650243659,0.9999999999888463,-5.408688908660402,4.39550512713141,9.804194035791813,0.5847425469255687,-0.5822739310860299,-0.27306012425306875,0.2046270215794715,1.1522123415749264,0.47768714583254024,0.035555555555555556,0.9999999999776926,0.05859142439433168,10,60.0,0.9867283950617283,0.5029095349114308,0.42777777777777776,2.1222222222222222,0.5096737226968073,0.5535806913089757,1.0,1.7325930642842031,1.3493233764608519,2.8125,0.8616862905275958,0.5096366953302232,0.20738372162935173,0.04084997024849404,3.22033510161377,0.6653145425884407,0.23186473317256912,0.08474679278175075,0.01716100199122642,0.0009036800361841124,9.249429828671051e-06,Bigeminy,200m (2).mat
-7.894919286223335e-18,0.9999999999889374,0.9999999999778748,-1.4963266272284705,7.091904537955562,0.9999999999889374,-5.6925138390692736,3.3472110969756175,9.039724936044891,0.5657069031072178,-0.500973299844542,-0.23290100689187768,0.21380057476216324,1.2108898086543785,0.44670158165404095,0.03916666666666667,0.9999999999778748,0.05918554648337816,9,54.0,1.0607638888888888,0.36845742604417514,0.5111111111111111,1.4527777777777777,0.34735102651615496,0.44480392208312314,0.7142857142857143,1.0739536578243065,1.1679517042796213,2.8125,0.9025572072967758,0.5279054250150862,0.22099763987537246,0.04039670762049237,3.2568906952002026,0.7431246853531529,0.15655318969079365,0.07827763477318908,0.021127092985445656,0.0009073976420692186,9.999555349277023e-06,Bigeminy,200m (3).mat
3.947459643111668e-18,0.9999999999853519,0.999999999970704,-0.8525657417756338,10.167507265712183,0.9999999999853519,-6.181846402244812,4.238513370148539,10.42035977239335,0.5266978353549449,-0.49913017955679856,-0.28173057235218024,0.11307311453820901,1.0091601665532808,0.39480368689038925,0.02277777777777778,0.999999999970704,0.05178895642534796,5,30.0,1.754861111111111,0.8951157224827426,0.9611111111111111,3.275,0.5100778154494015,1.3577566374058911,0.6666666666666666,1.841348921375905,1.1454614996670864,2.8125,0.9745000628898295,0.5897278842921205,0.22343346738313244,0.04494960666616595,3.131812499599611,0.6238124594120743,0.24879678307241196,0.10158874630701532,0.025036882990761247,0.000758997067688268,6.131150048692901e-06,Bigeminy,200m (4).mat
-2.4671622769447924e-18,0.9999999999769384,0.9999999999538769,-0.4602308401894711,6.858366404390797,0.9999999999769384,-5.410704391149562,4.905524918941195,10.316229310090756,0.5839703751464079,-0.6838928585208244,-0.33123768566406847,0.22251996994067952,1.028463898117724,0.553757655604748,0.025,0.9999999999538769,0.05316462592104742,7,42.0,1.1337962962962964,0.3028390044562084,0.5111111111111111,1.4027777777777777,0.26710177584665995,0.5481379816374525,0.8,2.0707634373329187,2.0558184092502856,2.8125,0.9589332014459806,0.5541386915666281,0.24304076086734772,0.038847472656834504,3.0985230807691395,0.6658893643470308,0.2042828902083456,0.11406659499631441,0.01523428367777786,0.0005220933467352185,4.773423795873328e-06,Bigeminy,210m (0).mat
4.934324553889585e-18,0.9999999999864804,0.9999999999729607,1.5945392437941432,6.781793420751544,0.9999999999864804,-3.435987236396065,5.499570742525591,8.935557978921656,0.6198940439861371,-0.9230134491504062,-0.4500225368265848,0.1600698850364739,1.2223657835529305,0.6100924218630587,0.02277777777777778,0.9999999999729607,0.05632071413556771,14,84.0,0.6764957264957265,0.20648500708012352,0.4638888888888889,0.9194444444444444,0.3052273631416658,0.41638956835365704,1.0,3.540665771474577,1.5972701508504243,1.40625,0.8432395148384337,0.35975490211079525,0.3232983216933194,0.0634284594482841,3.616861922297659,0.6149906647150402,0.21503341263829084,0.14120650626821246,0.027904955819809656,0.0008568829585498877,7.577600096588089e-06,Bigeminy,223m (0).mat
-3.947459643111668e-18,0.9999999999847956,0.9999999999695913,2.379421987833878,10.633503236142122,0.9999999999847956,-2.9401986195858996,6.027180147197335,8.967378766783234,0.5852900961990831,-0.9096944684046053,-0.4080252679800088,0.12792111445906662,0.9939886849955204,0.5359463824390754,0.028333333333333332,0.9999999999695913,0.061506593926898376,14,84.0,0.6829059829059829,0.202805132664462,0.48055555555555557,0.9333333333333333,0.2969737232415035,0.4048613096372044,1.0,3.9916803253467874,1.7768086544306938,2.8125,0.9832607226439013,0.3953368203533078,0.394878068168722,0.07634425495180071,3.6212947512632825,0.5189723858894162,0.28367843225781797,0.17246987805722433,0.02379829557517063,0.0010713829986815227,9.625221689028068e-06,Bigeminy,223m (1).mat
3.3553406966449176e-17,0.9999999999875185,0.9999999999750372,1.4089999560355118,6.233122988898016,0.9999999999875185,-3.8382828056836797,5.249831380918989,9.088114186602668,0.6262714786569937,-0.9058458770065054,-0.43695210500057086,0.18602748641695394,1.1195831676979413,0.6229795914175248,0.023333333333333334,0.9999999999750372,0.054418130554849634,13,78.0,0.6789351851851851,0.18473600036798887,0.4777777777777778,0.8972222222222223,0.27209666567141305,0.36423955653588,1.0,3.5996521571856306,1.4854294566399773,1.40625,0.7702883390638999,0.3351352341537714,0.2935783348309594,0.05236013488931481,3.577215208170557,0.6243232050024414,0.26184938339500313,0.09808527956000444,0.014892778117892566,0.0008417927512747574,7.561173383409198e-06,Bigeminy,223m (10).mat
-7.894919286223335e-18,0.9999999999846642,0.9999999999693283,2.7570877069558324,12.39088196844183,0.9999999999846642,-2.912673612982927,6.124201866303418,9.036875479286344,0.5736373129039286,-0.9320025245303861,-0.49026836322418166,0.16766628773987535,0.8133832048872374,0.657934650964057,0.034166666666666665,0.9999999999693283,0.061632247658062626,10,60.0,0.9808641975308642,0.397168140245761,0.48055555555555557,1.4083333333333334,0.4049165428207477,0.5469163344167477,0.75,4.8037871119744455,1.7244329514198653,2.8125,1.0548803218245781,0.409034794725104,0.4209408239978639,0.0899457795148301,3.6965221328866957,0.5276917136951166,0.2879827452697354,0.15314257212193996,0.030018585355580482,0.001154342830900083,1.0040726727389267e-05,Bigeminy,223m (11).mat
-9.86864910777917e-19,0.9999999999848922,0.9999999999697844,2.7610024139844858,11.986273320817496,0.9999999999848922,-2.2256098831964626,6.047079874892892,8.272689758089355,0.573060778468803,-0.9402244644423019,-0.44408278219216746,0.11162089469899877,0.9150955793614036,0.5557036768911663,0.03166666666666667,0.9999999999697844,0.062144287671938594,13,78.0,0.7724537037037037,0.26836232286597017,0.4861111111111111,1.3972222222222221,0.3474154130297143,0.48115948505263484,1.0,4.254926607731163,1.7960731591874566,1.40625,0.8958000025808678,0.37777746995417194,0.3462095401957485,0.06398740335282412,3.5939212499193816,0.5196928886604235,0.2949921545170409,0.14997127625584936,0.03419195862963149,0.0011416043361213407,1.011760093318516e-05,Bigeminy,223m (12).mat
1.973729821555834e-18,0.9999999999849689,0.9999999999699379,2.323815682189119,10.225833104862906,0.9999999999849689,-3.1781716860989655,5.981792773932052,9.159964460031018,0.5839175804588875,-0.9248061052930536,-0.41609750504630716,0.12073519889877225,1.0492284234614768,0.5368327039450794,0.024166666666666666,0.9999999999699379,0.06082047115765262,14,84.0,0.672008547008547,0.21089581221934917,0.4583333333333333,1.0,0.31382906191346077,0.4187240870920983,1.0,3.8881412090091376,1.7698164078366654,2.8125,0.9870572511609532,0.39525845137516236,0.3976610113423268,0.07217048458778566,3.6288877895705114,0.5367888422730582,0.30139985668545244,0.1338404394101998,0.02691624577192419,0.0010451988919138084,9.416967451428565e-06,Bigeminy,223m (2).mat
-2.960594732333751e-18,0.9999999999857895,0.9999999999715791,2.0423200371989516,8.597370380637354,0.9999999999857895,-2.6606982163747075,5.827604700092234,8.488302916466942,0.6049127350502023,-0.9309237571323812,-0.42984042711611165,0.15387295966335274,1.054440750866588,0.5837133867794644,0.0275,0.9999999999715791,0.058822740872726216,14,84.0,0.6803418803418804,0.20567235518108182,0.46944444444444444,0.9361111111111111,0.3023073557891534,0.414043439948768,1.0,3.7546227125444567,1.7057136694083974,1.40625,0.8811920275071334,0.37411532920449997,0.3388158145717441,0.06609127432942123,3.6052044026936483,0.5744575216679279,0.23848977226675752,0.15446621923993,0.03144841507834447,0.0011284721954753622,9.59955156455725e-06,Bigeminy,223m (3).mat
7.894919286223335e-18,0.9999999999876987,0.9999999999753975,0.8521980817410605,6.793853863496793,0.9999999999876987,-4.193966245770094,5.149176079841247,9.34314232561134,0.597525701386569,-0.785094892012677,-0.3796296688022388,0.2470749449994983,0.959180621668972,0.6267046138017371,0.02361111111111111,0.9999999999753975,0.05328711409518657,14,84.0,0.7059829059829059,0.20573694397494982,0.4777777777777778,0.9166666666666666,0.29141915751783404,0.41243530481572044,1.0,3.3497184429149236,1.5579720386448983,1.40625,0.7237856612935029,0.31815996779304945,0.27290636536492824,0.05050761545135282,3.553126762211697,0.6552735263479378,0.21739498419922038,0.10483175941882865,0.02147735741787355,0.0010145663298993508,7.806286240131791e-06,Bigeminy,223m (4).mat
8.388351741612294e-18,0.9999999999853456,0.9999999999706913,2.3089388381106994,10.167592446013778,0.9999999999853456,-2.732278152688403,6.045145227254561,8.777423379942963,0.5866338418074889,-0.9213390679194893,-0.4282231877871332,0.1297714300980582,1.0336207949446925,0.5579946178851913,0.03027777777777778,0.9999999999706913,0.06183333756241963,15,90.0,0.6882936507936508,0.1966826359185195,0.4722222222222222,0.9444444444444444,0.2857539589475752,0.38901402138214614,1.0,3.779642269741772,1.795217483899329,2.8125,0.9494338399380593,0.38716504560798404,0.37656040563599297,0.0710957226353661,3.6188678915766257,0.5177553235475291,0.30799714425823765,0.1547176701397931,0.01850477773955123,0.001015927601056754,9.156713831911368e-06,Bigeminy,223m (5).mat
-1.1842378929335004e-17,0.9999999999849661,0.9999999999699324,2.45833734379145,10.856586522857262,0.9999999999849661,-2.736901628350825,6.00264049832799,8.739542126678815,0.5739369803900397,-0.9079551888816818,-0.39810796261248177,0.0983348857016861,1.0047425974676345,0.49644284831416785,0.028888888888888888,0.9999999999699324,0.060221299349382675,14,84.0,0.683119658119658,0.1991597423323424,0.48055555555555557,0.9111111111111111,0.29154444565246623,0.3963584885432999,1.0,3.9344406704760053,1.8000808441086535,2.8125,1.0523779630019474,0.4185446624788334,0.42565464318478285,0.07612530812404121,3.62530235482424,0.5011463773544654,0.3168993900711671,0.1475392905327477,0.033473049371221954,0.000933596526008848,8.296144388838759e-06,Bigeminy,223m (6).mat
1.1842378929335004e-17,0.9999999999849823,0.9999999999699647,2.3635478346973833,10.442403899967792,0.9999999999849823,-2.8654291560934735,5.926023766261844,8.791452922355317,0.5952104368889165,-0.9036431331885034,-0.4469416966336311,0.17498915501095824,1.0231883357728873,0.6219308516445894,0.023333333333333334,0.9999999999699647,0.06160921706902613,14,84.0,0.6846153846153845,0.2100248012098515,0.4722222222222222,0.9222222222222223,0.3067777990719055,0.42112888411629645,1.0,3.9382210245463822,1.794470801935905,2.8125,0.9465110224435653,0.3637511179844215,0.3936702990984172,0.07334239757132159,3.6769888089335314,0.49397342988744763,0.2883851375769351,0.18748995909911415,0.02902808141135611,0.0011134692399840925,9.922785162640302e-06,Bigeminy,223m (7).mat
3.947459643111668e-17,0.9999999999865881,0.9999999999731762,1.4601639278689942,7.5347997424653546,0.9999999999865881,-3.4930449201370557,5.572796849918097,9.065841770055153,0.594544293697654,-0.8276156566359482,-0.37097592526641565,0.21823564269937412,0.9887510644054607,0.5892115679657898,0.022222222222222223,0.9999999999731762,0.05648353686714846,14,84.0,0.694017094017094,0.19416599768126977,0.4666666666666667,0.9361111111111111,0.2797712031524056,0.3834272563412124,1.0,3.5603849840573614,1.6285320504549659,2.8125,0.8333646643780215,0.35400059228452013,0.3240564644830764,0.05679239243590565,3.5627962148588486,0.6583186791096218,0.2110812878264173,0.1077466499608567,0.021795694691950373,0.0010495867615222313,8.10164963132318e-06,Bigeminy,223m (8).mat
-1.578983857244667e-17,0.9999999999893738,0.9999999999787478,0.6782681426948416,7.876610642542325,0.9999999999893738,-4.290743338602708,5.6006087656306525,9.89135210423336,0.5845006084458785,-0.8176179535558628,-0.35062708909498697,0.25592383834802784,0.8339802806459946,0.6065509274430148,0.02,0.9999999999787478,0.04667804861061846,7,42.0,1.3712962962962962,0.02477608918566604,1.3416666666666666,1.4111111111111112,0.018067640986499843,0.04447915311388468,0.2,4.645986668675526,0.5863980457621557,1.40625,0.6660431708293622,0.31426887914552415,0.2368643346643745,0.03774921811033649,3.445464352202019,0.7174183449935223,0.20596548883085275,0.057896189501681544,0.01802532965295807,0.0006882709229857202,6.37609799932293e-06,Bigeminy,223m (9).mat
5.921189464667502e-18,0.9999999999895716,0.9999999999791432,2.8645756293036317,12.096061048645444,0.9999999999895716,-1.5638145200167557,5.676586547306024,7.24040106732278,0.5358350091543759,-1.146200108968723,-0.2912632110432831,0.16903901580833527,0.5518852702692614,0.46030222685161837,0.018333333333333333,0.9999999999791432,0.0382197831547473,6,36.0,1.606111111111111,0.06574360974438671,1.5222222222222221,1.6972222222222222,0.04093341316714491,0.09180334927589298,0.5,5.391248075521461,0.18069567573088482,2.8125,0.9269129555957398,0.5129722619867589,0.26789598022478767,0.011094556703312447,2.9947122560335138,0.7170121395706882,0.23461239257828592,0.043029245809719126,0.0051123748766887115,0.0002318592869070148,1.9878777107994296e-06,Bigeminy,228m (0).mat
1.1842378929335004e-17,0.9999999999864955,0.999999999972991,3.871809352460318,22.953621636093306,0.9999999999864955,-1.8832343119903436,7.682387522674883,9.565621834665226,0.5348812949353651,-0.6663480139164139,-0.3725315042817207,0.2163522142505349,0.6506409354095651,0.5888837185322556,0.020277777777777777,0.999999999972991,0.04021725063456204,3,18.0,1.5930555555555554,0.06805555555555565,1.525,1.6611111111111112,0.04272013946751662,0.1361111111111113,1.0,7.221199594762083,0.3270616832082336,1.40625,0.6783301979120111,0.42156334138740936,0.15970063631457176,0.012971722173759056,2.9951622718244217,0.7973418056214717,0.15893330314274512,0.03828084587744886,0.005094241789992054,0.0003462951311138504,3.50843722811147e-06,Bigeminy,228m (1).mat
2.861908241255959e-17,0.9999999999844883,0.9999999999689766,3.315905431128092,23.103916542299984,0.9999999999844883,-3.4225017960456334,8.330525548005937,11.75302734405157,0.5549878996927665,-0.7646086887495782,-0.41122532376404636,0.2440152180305382,0.7162880720082708,0.6552405417945846,0.019166666666666665,0.9999999999689766,0.04682436132577998,2,12.0,1.6888888888888889,0.0,1.6888888888888889,1.6888888888888889,0.0,0.0,0.0,8.177706135255622,0.15281941275031397,2.8125,1.0134461051953405,0.5747190516485317,0.2682790360819515,0.028680180618121998,3.09998117494166,0.608098577766534,0.2702955006776709,0.10994552480201689,0.01095582706778323,0.0006978088825093578,6.760803485271319e-06,Bigeminy,228m (2).mat
-1.1842378929335004e-17,0.9999999999866614,0.999999999973323,3.4046772817877025,18.50528627528293,0.9999999999866614,-1.9488900220941472,6.849231305023502,8.798121327117649,0.513074261604268,-0.830527635093585,-0.32374535253804204,0.177082507356911,0.5115608896375933,0.500827859894953,0.025277777777777777,0.999999999973323,0.04307487017616524,4,24.0,1.7703703703703706,0.10631629699560981,1.6222222222222222,1.8666666666666667,0.060053138436402295,0.14487116456005883,0.5,6.625316920712933,0.13349890053995267,2.8125,0.9493865795760276,0.5280149464678054,0.26676506724680404,0.021203538265556987,3.070661950102493,0.7098692611162235,0.2255415307628289,0.05351787195693565,0.010605243480325419,0.0004617313243509073,4.3613593354589545e-06,Bigeminy,228m (3).mat
3.947459643111668e-18,0.9999999999874252,0.9999999999748505,2.8328500247457353,12.42727327427884,0.9999999999874252,-1.68045547990437,5.719160705651182,7.399616185555552,0.5291680313863224,-1.1740586700728397,-0.2865709015932553,0.12984009474199662,0.6027844744193891,0.4164109963352519,0.028888888888888888,0.9999999999748505,0.03955787522352534,5,30.0,1.873611111111111,0.14842927608797393,1.636111111111111,2.0444444444444443,0.07922096273261835,0.28815344420535277,1.0,5.509065337849835,0.16942522371107796,2.8125,0.9105946442063515,0.5590416037562356,0.21158268053774246,0.009046873096290636,2.8852931759758786,0.7516897223373693,0.2142287639495807,0.03048488089878781,0.003381528154573895,0.0002129401691549077,2.1644905330628465e-06,Bigeminy,228m (4).mat
7.894919286223335e-18,0.9999999999918526,0.9999999999837054,0.011177076870845761,3.0017160728463024,0.9999999999918526,-3.697052579959518,3.5715709295538742,7.268623509513392,0.6578386726608207,-0.8908434698614291,-0.46116383211314704,0.34858400392839783,1.2523906608877504,0.8097478360415449,0.02666666666666667,0.9999999999837054,0.05526669842156391,17,102.0,0.5861111111111111,0.21039260038389254,0.3333333333333333,0.9277777777777778,0.35896367776765115,0.3885103978249579,1.0,2.6410292926921484,0.883736275778066,2.8125,0.9274655367629906,0.4858933764647415,0.295058441497702,0.029873273524835795,3.2634453248224684,0.6631688065045919,0.20426781828797216,0.12031680126756876,0.01187919902461145,0.0003643256482018032,3.0492670536790943e-06,Bigeminy,233m (0).mat
1.578983857244667e-17,0.9999999999904772,0.9999999999809545,2.580872727729926,11.361909776603685,0.9999999999904772,-2.577232927605943,5.507548585524923,8.084781513130865,0.516953276573793,-0.6483201830280623,-0.35069251876334573,0.13309638571443158,0.4925613967973234,0.48378890447777734,0.020833333333333332,0.9999999999809545,0.04515508708428849,10,60.0,0.9311728395061727,0.31988235625176753,0.5305555555555556,1.3305555555555555,0.3435262953737825,0.6208807153184265,1.0,4.292343613688308,0.7698526693605069,1.40625,0.9011329440945051,0.5419887424241312,0.18889147712960322,0.05670677191176569,3.1176831504315397,0.7357159255581951,0.16371597379517674,0.07556031580577385,0.02417411196140082,0.0008268058709752009,6.867008477884561e-06,Trigeminy,119m (0).mat
1.6776703483224588e-17,0.9999999999915361,0.9999999999830723,1.8924526459129989,7.351085018221374,0.9999999999915361,-2.2554305129940038,4.878348059783594,7.133778572777597,0.5752555097113661,-0.7493106247971636,-0.3019637109272362,0.1452533440610852,0.7452135345287848,0.44721705498832137,0.021388888888888888,0.9999999999830723,0.04482942947580595,12,72.0,0.9007575757575758,0.27724719758827865,0.5472222222222223,1.4027777777777777,0.30779335610617375,0.472726038427552,0.8,3.739612561531464,0.7101611404419491,1.40625,0.6095304488924687,0.35510135514969743,0.13239344125284822,0.04780021639371384,3.3016005020628563,0.7935109734357021,0.11800161903625532,0.06284401679648745,0.02472347004489544,0.0009131983458325374,6.722340826883709e-06,Trigeminy,119m (1).mat
3.947459643111668e-18,0.9999999999705147,0.9999999999410294,3.112055780256356,14.865167159977261,0.9999999999705147,-3.6329650699281872,6.754453319553818,10.387418389482004,0.5399886811746231,-0.5169394198113708,-0.37816232084153756,-0.03424860391028249,0.7588411910656374,0.34391371693125505,0.0125,0.9999999999410294,0.04374516595728713,7,42.0,1.2532407407407407,0.3763569983301013,0.8444444444444444,1.886111111111111,0.3003070246562082,0.5326717540201134,1.0,4.87665370344139,2.0529237709725905,1.40625,0.8332882290965835,0.3808370957359773,0.2637825041234791,0.06342906858613077,3.501310057065186,0.5745398373651743,0.24852193860113594,0.14516044983663998,0.031001673368181017,0.0007700553369874095,6.045491881226732e-06,Trigeminy,201m (0).mat
2.7632217501781673e-17,0.9999999999717696,0.9999999999435393,2.6979948593973684,12.06413212035729,0.9999999999717696,-2.937917850441618,6.5995178069714875,9.537435657413106,0.5648233777380798,-0.48774790810347607,-0.3914223006611157,-0.01335873706773437,0.7958241386622353,0.37806356359338134,0.012222222222222223,0.9999999999435393,0.04464421143336763,7,42.0,1.172222222222222,0.1496308901670409,0.9583333333333334,1.3388888888888888,0.1276472047729425,0.25477537916203846,1.0,5.003196564559682,1.835920459890035,2.8125,1.0011505814507253,0.4833810351825466,0.30494486171607804,0.07656371427901433,3.4965003652934414,0.6023600000507784,0.26471148934761307,0.11373958341638347,0.018449563470271355,0.0007331193512664995,6.244363687117204e-06,Trigeminy,201m (1).mat
1.973729821555834e-18,0.9999999999706959,0.9999999999413918,3.167023753389397,14.24734336216974,0.9999999999706959,-3.0192879271016633,6.7867387875614185,9.806026714663082,0.56824181223063,-0.5579678232913068,-0.410162225790218,0.02506921675021794,0.8254113923350751,0.43523144254043594,0.01361111111111111,0.9999999999413918,0.04826747440227239,7,42.0,1.364814814814815,0.47847082235635313,0.9527777777777777,2.408333333333333,0.3505756362050472,0.801868958845829,1.0,5.690402994915419,1.4409191598434636,2.8125,0.9437340995101968,0.43617963984275626,0.2961987358030475,0.07395313038022018,3.5475663579656125,0.5917964482715886,0.23345405442343362,0.14842963526896313,0.025455938960649772,0.0008570346638990791,6.888411465497844e-06,Trigeminy,201m (2).mat
3.947459643111668e-18,0.9999999999730609,0.9999999999461218,2.7349579726445503,10.441658126912328,0.9999999999730609,-3.0537394447422472,5.961022013079467,9.014761457821715,0.5905220935150409,-0.5168000007469389,-0.4367592607986704,-0.03483245743351163,0.9809595897678556,0.40192680336515874,0.0125,0.9999999999461218,0.044863891320965604,8,48.0,1.165079365079365,0.12952444171959007,0.9111111111111111,1.3277777777777777,0.11117220465027693,0.2412832207025441,1.0,4.742499454959255,1.6189588868031084,2.8125,0.840855547051834,0.38330032218464716,0.259048872008249,0.07125176770008179,3.56204942878722,0.6979853547234118,0.18268587415474039,0.09339893132715558,0.025163483272274856,0.0007598927006139477,6.46382180307977e-06,Trigeminy,201m (3).mat
-1.973729821555834e-18,0.9999999999731513,0.9999999999463026,2.466098059313428,10.24098309816138,0.9999999999731513,-3.376274931267274,6.168185164227396,9.54446009549467,0.5798052066800747,-0.4924536475982361,-0.4107841316405329,-0.0011914943871364448,0.961921736748014,0.40959263725339645,0.012777777777777779,0.9999999999463026,0.044598502990255404,7,42.0,1.163425925925926,0.1423586645378448,0.9583333333333334,1.3694444444444445,0.12236160570530984,0.25178069528563646,1.0,4.682600827156669,1.7939922117694096,2.8125,0.9151414001842599,0.48995961400618615,0.23939975456243948,0.06096870470731961,3.3548740365466916,0.6769507571313028,0.18079673514972042,0.12412515007740152,0.017302409948298042,0.0008180267928114932,6.920900465608122e-06,Trigeminy,201m (4).mat
1.7763568394002505e-17,0.9999999999734853,0.9999999999469708,2.5946901994366955,10.078613870683105,0.9999999999734853,-2.994625898516853,6.114727798624122,9.109353697140975,0.6000234822301957,-0.5165110984083178,-0.40516856735658174,0.026607352990955915,1.0139489448539794,0.43177592034753765,0.014166666666666666,0.9999999999469708,0.04769957614366771,8,48.0,1.3615079365079363,0.3799175760286168,0.9861111111111112,2.2111111111111112,0.27904176359339233,0.6522348017589328,1.0,4.6824327829114925,1.7311973091607726,2.8125,0.9136174597354546,0.45564910362391065,0.2617334352454921,0.07088104759768064,3.483586551999267,0.6702468229945541,0.17956909883642125,0.1219459362896826,0.027341610229090447,0.0008891641461872638,7.36750406395597e-06,Trigeminy,201m (5).mat
-7.894919286223335e-18,0.9999999999883036,0.9999999999766072,1.3158417164225131,4.112032159583126,0.9999999999883036,-3.45176672323855,4.183051459743477,7.634818182982027,0.6185733696447543,-1.0171533787351508,-0.2996980015933305,0.15730265857323517,0.9332172388501723,0.45700066016656565,0.018333333333333333,0.9999999999766072,0.049510387373537405,16,96.0,0.6407407407407407,0.06324284200185726,0.5638888888888889,0.7444444444444445,0.09870270123613718,0.10656886223747097,0.6428571428571429,3.3342167369592683,0.921364194919279,2.8125,0.8200316168339705,0.46512058836094294,0.17176409822651242,0.06482955468067594,3.3162433194828624,0.7935733176941736,0.0901460336160964,0.08602742256135139,0.028558069653515664,0.001683944753706082,1.1211721156707208e-05,Trigeminy,208m (0).mat
-1.973729821555834e-17,0.9999999999887482,0.9999999999774966,1.215450904272134,3.4637014428217343,0.9999999999887482,-3.825729213817309,4.0244002480151755,7.850129461832484,0.6432255106675441,-1.0444114848158728,-0.3614306413873587,0.16406755915795007,1.0719058162026962,0.5254982005453088,0.016666666666666666,0.9999999999774966,0.04748131841708992,14,84.0,0.6651709401709401,0.08212525600596234,0.5611111111111111,0.8472222222222222,0.12346488838101127,0.13683669038452714,0.8333333333333334,3.4045661947462054,0.31789500910801416,2.8125,0.7071253585662682,0.42743577406191235,0.13022588049719422,0.05092270237174634,3.226905486223592,0.7725584996786964,0.13464610538434854,0.06931203917030057,0.02189405800254093,0.001577328973682771,1.1968790430585667e-05,Trigeminy,208m (1).mat
1.578983857244667e-17,0.9999999999885689,0.9999999999771378,0.7268400614853913,4.195549896054775,0.9999999999885689,-4.060310294310843,3.9859843693861814,8.046294663697024,0.6134146208807589,-0.9732573351924535,-0.31487155243682013,0.23674346333797064,0.924343454109124,0.5516150157747908,0.019166666666666665,0.9999999999771378,0.048317297861165676,14,84.0,0.7544871794871795,0.25037848477475777,0.5361111111111111,1.3444444444444446,0.33185253672976395,0.3568750833315219,1.0,3.2697346531181535,0.9726440330973759,2.8125,0.7649322835437626,0.4451953907967734,0.15299905585991944,0.05906242854954953,3.272336591676089,0.8098464260088342,0.0826780516384766,0.07431725645060733,0.031847265358207755,0.0013021686330755746,8.831910798516992e-06,Trigeminy,208m (2).mat
-1.0855514018557087e-17,0.9999999999885107,0.9999999999770216,0.9616808122819999,3.4186497929368214,0.9999999999885107,-4.274913425319576,4.727241889008428,9.002155314328004,0.6504127606406928,-0.9379021503831383,-0.35710650084671014,0.18685777414812826,1.1639928437046034,0.5439642749948383,0.019444444444444445,0.9999999999770216,0.04841068967698285,16,96.0,0.6485185185185185,0.06867249965237031,0.5305555555555556,0.7666666666666667,0.10589134710193787,0.12134197815008482,0.7857142857142857,3.126607771859811,1.2144666962526798,2.8125,0.795294898253887,0.47692698533551237,0.15215432953292776,0.06097128134796288,3.292589261174687,0.7296355383459275,0.15437998374372336,0.10223826409068225,0.01264995356095512,0.0010873228537789323,8.937404932436526e-06,Trigeminy,208m (3).mat
-1.1842378929335004e-17,0.9999999999909257,0.9999999999818514,2.7975564930203185,8.981907498003913,0.9999999999909257,-1.6629057178682494,5.008619500435159,6.671525218303408,0.5265275679173023,-0.661455210192426,-0.4074668091481689,0.0219284354643121,0.34234414900276067,0.429395244612481,0.021111111111111112,0.9999999999818514,0.05087821516135195,15,90.0,0.6801587301587302,0.1258430877769798,0.5222222222222223,0.9055555555555556,0.18502017545609,0.21294608504901374,1.0,4.349764291262799,0.3133049781725387,1.40625,0.9895962107006626,0.4998399694212552,0.31831232346126676,0.04426205500444838,3.388446953374478,0.5446494719213728,0.31431906355340034,0.12280455182365282,0.017515959842219157,0.0007047199842715933,6.232875083071374e-06,Trigeminy,223m (0).mat
